City,Date,AQI,PM2.5,PM10,NO2,SO2,CO,O3,day,month,weekend,AQI_future
Bangalore,2018-01-01,68,37.4,73.44,56.44,77.52,0.71,64.6,1,1,0,76.0
Bangalore,2018-02-01,76,41.8,82.08,63.08,86.64,0.8,72.2,1,2,0,70.0
Bangalore,2018-03-01,70,38.5,75.6,58.1,79.8,0.74,66.5,1,3,0,78.0
Bangalore,2018-04-01,78,42.9,84.24,64.74,88.92,0.82,74.1,1,4,1,82.0
Bangalore,2018-05-01,82,45.1,88.56,68.06,93.48,0.86,77.9,1,5,0,90.0
Bangalore,2018-06-01,90,49.5,97.2,74.7,102.6,0.95,85.5,1,6,0,91.0
Bangalore,2018-07-01,91,50.05,98.28,75.53,103.74,0.96,86.45,1,7,1,82.0
Bangalore,2018-08-01,82,45.1,88.56,68.06,93.48,0.86,77.9,1,8,0,76.0
Bangalore,2018-09-01,76,41.8,82.08,63.08,86.64,0.8,72.2,1,9,1,76.0
Bangalore,2018-10-01,76,41.8,82.08,63.08,86.64,0.8,72.2,1,10,0,75.0
Bangalore,2018-11-01,75,41.25,81.0,62.25,85.5,0.79,71.25,1,11,0,81.0
Bangalore,2018-12-01,81,44.55,87.48,67.23,92.34,0.85,76.95,1,12,1,89.0
Bangalore,2018-01-02,89,48.95,96.12,73.87,101.46,0.93,84.55,2,1,0,89.0
Bangalore,2018-02-02,89,48.95,96.12,73.87,101.46,0.93,84.55,2,2,0,78.0
Bangalore,2018-03-02,78,42.9,84.24,64.74,88.92,0.82,74.1,2,3,0,80.0
Bangalore,2018-04-02,80,44.0,86.4,66.4,91.2,0.84,76.0,2,4,0,69.0
Bangalore,2018-05-02,69,37.95,74.52,57.27,78.66,0.72,65.55,2,5,0,82.0
Bangalore,2018-06-02,82,45.1,88.56,68.06,93.48,0.86,77.9,2,6,1,74.0
Bangalore,2018-07-02,74,40.7,79.92,61.42,84.36,0.78,70.3,2,7,0,68.0
Bangalore,2018-08-02,68,37.4,73.44,56.44,77.52,0.71,64.6,2,8,0,92.0
Bangalore,2018-09-02,92,50.6,99.36,76.36,104.88,0.97,87.4,2,9,1,84.0
Bangalore,2018-10-02,84,46.2,90.72,69.72,95.76,0.88,79.8,2,10,0,88.0
Bangalore,2018-11-02,88,48.4,95.04,73.04,100.32,0.92,83.6,2,11,0,72.0
Bangalore,2018-12-02,72,39.6,77.76,59.76,82.08,0.76,68.4,2,12,1,72.0
Bangalore,2018-01-03,72,39.6,77.76,59.76,82.08,0.76,68.4,3,1,0,88.0
Bangalore,2018-02-03,88,48.4,95.04,73.04,100.32,0.92,83.6,3,2,1,84.0
Bangalore,2018-03-03,84,46.2,90.72,69.72,95.76,0.88,79.8,3,3,1,86.0
Bangalore,2018-04-03,86,47.3,92.88,71.38,98.04,0.9,81.7,3,4,0,111.0
Bangalore,2018-05-03,111,61.05,119.88,92.13,126.54,1.17,105.45,3,5,0,89.0
Bangalore,2018-06-03,89,48.95,96.12,73.87,101.46,0.93,84.55,3,6,1,91.0
Bangalore,2018-07-03,91,50.05,98.28,75.53,103.74,0.96,86.45,3,7,0,103.0
Bangalore,2018-08-03,103,56.65,111.24,85.49,117.42,1.08,97.85,3,8,0,122.0
Bangalore,2018-09-03,122,67.1,131.76,101.26,139.08,1.28,115.9,3,9,0,127.0
Bangalore,2018-10-03,127,69.85,137.16,105.41,144.78,1.33,120.65,3,10,0,119.0
Bangalore,2018-11-03,119,65.45,128.52,98.77,135.66,1.25,113.05,3,11,1,94.0
Bangalore,2018-12-03,94,51.7,101.52,78.02,107.16,0.99,89.3,3,12,0,112.0
Bangalore,2018-01-04,112,61.6,120.96,92.96,127.68,1.18,106.4,4,1,0,92.0
Bangalore,2018-02-04,92,50.6,99.36,76.36,104.88,0.97,87.4,4,2,1,97.0
Bangalore,2018-03-04,97,53.35,104.76,80.51,110.58,1.02,92.15,4,3,1,106.0
Bangalore,2018-04-04,106,58.3,114.48,87.98,120.84,1.11,100.7,4,4,0,118.0
Bangalore,2018-05-04,118,64.9,127.44,97.94,134.52,1.24,112.1,4,5,0,116.0
Bangalore,2018-06-04,116,63.8,125.28,96.28,132.24,1.22,110.2,4,6,0,128.0
Bangalore,2018-07-04,128,70.4,138.24,106.24,145.92,1.34,121.6,4,7,0,108.0
Bangalore,2018-08-04,108,59.4,116.64,89.64,123.12,1.13,102.6,4,8,1,57.0
Bangalore,2018-09-04,57,31.35,61.56,47.31,64.98,0.6,54.15,4,9,0,66.0
Bangalore,2018-10-04,66,36.3,71.28,54.78,75.24,0.69,62.7,4,10,0,81.0
Bangalore,2018-11-04,81,44.55,87.48,67.23,92.34,0.85,76.95,4,11,1,90.0
Bangalore,2018-12-04,90,49.5,97.2,74.7,102.6,0.95,85.5,4,12,0,108.0
Bangalore,2018-01-05,108,59.4,116.64,89.64,123.12,1.13,102.6,5,1,0,87.0
Bangalore,2018-02-05,87,47.85,93.96,72.21,99.18,0.91,82.65,5,2,0,85.0
Bangalore,2018-03-05,85,46.75,91.8,70.55,96.9,0.89,80.75,5,3,0,96.0
Bangalore,2018-04-05,96,52.8,103.68,79.68,109.44,1.01,91.2,5,4,0,115.0
Bangalore,2018-05-05,115,63.25,124.2,95.45,131.1,1.21,109.25,5,5,1,84.0
Bangalore,2018-06-05,84,46.2,90.72,69.72,95.76,0.88,79.8,5,6,0,108.0
Bangalore,2018-07-05,108,59.4,116.64,89.64,123.12,1.13,102.6,5,7,0,110.0
Bangalore,2018-08-05,110,60.5,118.8,91.3,125.4,1.16,104.5,5,8,1,67.0
Bangalore,2018-09-05,67,36.85,72.36,55.61,76.38,0.7,63.65,5,9,0,64.0
Bangalore,2018-10-05,64,35.2,69.12,53.12,72.96,0.67,60.8,5,10,0,53.0
Bangalore,2018-11-05,53,29.15,57.24,43.99,60.42,0.56,50.35,5,11,0,65.0
Bangalore,2018-12-05,65,35.75,70.2,53.95,74.1,0.68,61.75,5,12,0,70.0
Bangalore,2018-01-06,70,38.5,75.6,58.1,79.8,0.74,66.5,6,1,1,79.0
Bangalore,2018-02-06,79,43.45,85.32,65.57,90.06,0.83,75.05,6,2,0,78.0
Bangalore,2018-03-06,78,42.9,84.24,64.74,88.92,0.82,74.1,6,3,0,59.0
Bangalore,2018-04-06,59,32.45,63.72,48.97,67.26,0.62,56.05,6,4,0,56.0
Bangalore,2018-05-06,56,30.8,60.48,46.48,63.84,0.59,53.2,6,5,1,57.0
Bangalore,2018-06-06,57,31.35,61.56,47.31,64.98,0.6,54.15,6,6,0,64.0
Bangalore,2018-07-06,64,35.2,69.12,53.12,72.96,0.67,60.8,6,7,0,55.0
Bangalore,2018-08-06,55,30.25,59.4,45.65,62.7,0.58,52.25,6,8,0,58.0
Bangalore,2018-09-06,58,31.9,62.64,48.14,66.12,0.61,55.1,6,9,0,53.0
Bangalore,2018-10-06,53,29.15,57.24,43.99,60.42,0.56,50.35,6,10,1,88.0
Bangalore,2018-11-06,88,48.4,95.04,73.04,100.32,0.92,83.6,6,11,0,57.0
Bangalore,2018-12-06,57,31.35,61.56,47.31,64.98,0.6,54.15,6,12,0,52.0
Bangalore,2018-01-07,52,28.6,56.16,43.16,59.28,0.55,49.4,7,1,1,62.0
Bangalore,2018-02-07,62,34.1,66.96,51.46,70.68,0.65,58.9,7,2,0,54.0
Bangalore,2018-03-07,54,29.7,58.32,44.82,61.56,0.57,51.3,7,3,0,56.0
Bangalore,2018-04-07,56,30.8,60.48,46.48,63.84,0.59,53.2,7,4,1,56.0
Bangalore,2018-05-07,56,30.8,60.48,46.48,63.84,0.59,53.2,7,5,0,62.0
Bangalore,2018-06-07,62,34.1,66.96,51.46,70.68,0.65,58.9,7,6,0,44.0
Bangalore,2018-07-07,44,24.2,47.52,36.52,50.16,0.46,41.8,7,7,1,53.0
Bangalore,2018-08-07,53,29.15,57.24,43.99,60.42,0.56,50.35,7,8,0,56.0
Bangalore,2018-09-07,56,30.8,60.48,46.48,63.84,0.59,53.2,7,9,0,56.0
Bangalore,2018-10-07,56,30.8,60.48,46.48,63.84,0.59,53.2,7,10,1,68.0
Bangalore,2018-11-07,68,37.4,73.44,56.44,77.52,0.71,64.6,7,11,0,50.0
Bangalore,2018-12-07,50,27.5,54.0,41.5,57.0,0.53,47.5,7,12,0,56.0
Bangalore,2018-01-08,56,30.8,60.48,46.48,63.84,0.59,53.2,8,1,0,52.0
Bangalore,2018-02-08,52,28.6,56.16,43.16,59.28,0.55,49.4,8,2,0,46.0
Bangalore,2018-03-08,46,25.3,49.68,38.18,52.44,0.48,43.7,8,3,0,75.0
Bangalore,2018-04-08,75,41.25,81.0,62.25,85.5,0.79,71.25,8,4,1,73.0
Bangalore,2018-05-08,73,40.15,78.84,60.59,83.22,0.77,69.35,8,5,0,56.0
Bangalore,2018-06-08,56,30.8,60.48,46.48,63.84,0.59,53.2,8,6,0,59.0
Bangalore,2018-07-08,59,32.45,63.72,48.97,67.26,0.62,56.05,8,7,1,51.0
Bangalore,2018-08-08,51,28.05,55.08,42.33,58.14,0.54,48.45,8,8,0,50.0
Bangalore,2018-09-08,50,27.5,54.0,41.5,57.0,0.53,47.5,8,9,1,58.0
Bangalore,2018-10-08,58,31.9,62.64,48.14,66.12,0.61,55.1,8,10,0,48.0
Bangalore,2018-11-08,48,26.4,51.84,39.84,54.72,0.5,45.6,8,11,0,48.0
Bangalore,2018-12-08,48,26.4,51.84,39.84,54.72,0.5,45.6,8,12,1,68.0
Bangalore,2018-01-09,68,37.4,73.44,56.44,77.52,0.71,64.6,9,1,0,55.0
Bangalore,2018-02-09,55,30.25,59.4,45.65,62.7,0.58,52.25,9,2,0,55.0
Bangalore,2018-03-09,55,30.25,59.4,45.65,62.7,0.58,52.25,9,3,0,69.0
Bangalore,2018-04-09,69,37.95,74.52,57.27,78.66,0.72,65.55,9,4,0,69.0
Bangalore,2018-05-09,69,37.95,74.52,57.27,78.66,0.72,65.55,9,5,0,64.0
Bangalore,2018-06-09,64,35.2,69.12,53.12,72.96,0.67,60.8,9,6,1,71.0
Bangalore,2018-07-09,71,39.05,76.68,58.93,80.94,0.75,67.45,9,7,0,45.0
Bangalore,2018-08-09,45,24.75,48.6,37.35,51.3,0.47,42.75,9,8,0,56.0
Bangalore,2018-09-09,56,30.8,60.48,46.48,63.84,0.59,53.2,9,9,1,68.0
Bangalore,2018-10-09,68,37.4,73.44,56.44,77.52,0.71,64.6,9,10,0,81.0
Bangalore,2018-11-09,81,44.55,87.48,67.23,92.34,0.85,76.95,9,11,0,78.0
Bangalore,2018-12-09,78,42.9,84.24,64.74,88.92,0.82,74.1,9,12,1,61.0
Bangalore,2018-01-10,61,33.55,65.88,50.63,69.54,0.64,57.95,10,1,0,46.0
Bangalore,2018-02-10,46,25.3,49.68,38.18,52.44,0.48,43.7,10,2,1,50.0
Bangalore,2018-03-10,50,27.5,54.0,41.5,57.0,0.53,47.5,10,3,1,49.0
Bangalore,2018-04-10,49,26.95,52.92,40.67,55.86,0.51,46.55,10,4,0,44.0
Bangalore,2018-05-10,44,24.2,47.52,36.52,50.16,0.46,41.8,10,5,0,41.0
Bangalore,2018-06-10,41,22.55,44.28,34.03,46.74,0.43,38.95,10,6,1,51.0
Bangalore,2018-07-10,51,28.05,55.08,42.33,58.14,0.54,48.45,10,7,0,82.0
Bangalore,2018-08-10,82,45.1,88.56,68.06,93.48,0.86,77.9,10,8,0,72.0
Bangalore,2018-09-10,72,39.6,77.76,59.76,82.08,0.76,68.4,10,9,0,88.0
Bangalore,2018-10-10,88,48.4,95.04,73.04,100.32,0.92,83.6,10,10,0,111.0
Bangalore,2018-11-10,111,61.05,119.88,92.13,126.54,1.17,105.45,10,11,1,115.0
Bangalore,2018-12-10,115,63.25,124.2,95.45,131.1,1.21,109.25,10,12,0,69.0
Bangalore,2018-01-11,69,37.95,74.52,57.27,78.66,0.72,65.55,11,1,0,62.0
Bangalore,2018-02-11,62,34.1,66.96,51.46,70.68,0.65,58.9,11,2,1,58.0
Bangalore,2018-03-11,58,31.9,62.64,48.14,66.12,0.61,55.1,11,3,1,60.0
Bangalore,2018-04-11,60,33.0,64.8,49.8,68.4,0.63,57.0,11,4,0,66.0
Bangalore,2018-05-11,66,36.3,71.28,54.78,75.24,0.69,62.7,11,5,0,87.0
Bangalore,2018-06-11,87,47.85,93.96,72.21,99.18,0.91,82.65,11,6,0,84.0
Bangalore,2018-07-11,84,46.2,90.72,69.72,95.76,0.88,79.8,11,7,0,132.0
Bangalore,2018-08-11,132,72.6,142.56,109.56,150.48,1.39,125.4,11,8,1,93.0
Bangalore,2018-09-11,93,51.15,100.44,77.19,106.02,0.98,88.35,11,9,0,92.0
Bangalore,2018-10-11,92,50.6,99.36,76.36,104.88,0.97,87.4,11,10,0,102.0
Bangalore,2018-11-11,102,56.1,110.16,84.66,116.28,1.07,96.9,11,11,1,105.0
Bangalore,2018-12-11,105,57.75,113.4,87.15,119.7,1.1,99.75,11,12,0,75.0
Bangalore,2018-01-12,75,41.25,81.0,62.25,85.5,0.79,71.25,12,1,0,84.0
Bangalore,2018-02-12,84,46.2,90.72,69.72,95.76,0.88,79.8,12,2,0,57.0
Bangalore,2018-03-12,57,31.35,61.56,47.31,64.98,0.6,54.15,12,3,0,68.0
Bangalore,2018-04-12,68,37.4,73.44,56.44,77.52,0.71,64.6,12,4,0,68.0
Bangalore,2018-05-12,68,37.4,73.44,56.44,77.52,0.71,64.6,12,5,1,60.0
Bangalore,2018-06-12,60,33.0,64.8,49.8,68.4,0.63,57.0,12,6,0,68.0
Bangalore,2018-07-12,68,37.4,73.44,56.44,77.52,0.71,64.6,12,7,0,100.0
Bangalore,2018-08-12,100,55.0,108.0,83.0,114.0,1.05,95.0,12,8,1,118.0
Bangalore,2018-09-12,118,64.9,127.44,97.94,134.52,1.24,112.1,12,9,0,162.0
Bangalore,2018-10-12,162,89.1,174.96,134.46,184.68,1.7,153.9,12,10,0,176.0
Bangalore,2018-11-12,176,96.8,190.08,146.08,200.64,1.85,167.2,12,11,0,179.0
Bangalore,2018-12-12,179,98.45,193.32,148.57,204.06,1.88,170.05,12,12,0,118.0
Bangalore,2019-01-01,118,64.9,127.44,97.94,134.52,1.24,112.1,1,1,0,92.0
Bangalore,2019-02-01,92,50.6,99.36,76.36,104.88,0.97,87.4,1,2,0,93.0
Bangalore,2019-03-01,93,51.15,100.44,77.19,106.02,0.98,88.35,1,3,0,104.0
Bangalore,2019-04-01,104,57.2,112.32,86.32,118.56,1.09,98.8,1,4,0,102.0
Bangalore,2019-05-01,102,56.1,110.16,84.66,116.28,1.07,96.9,1,5,0,115.0
Bangalore,2019-06-01,115,63.25,124.2,95.45,131.1,1.21,109.25,1,6,1,113.0
Bangalore,2019-07-01,113,62.15,122.04,93.79,128.82,1.19,107.35,1,7,0,108.0
Bangalore,2019-08-01,108,59.4,116.64,89.64,123.12,1.13,102.6,1,8,0,133.0
Bangalore,2019-09-01,133,73.15,143.64,110.39,151.62,1.4,126.35,1,9,1,125.0
Bangalore,2019-10-01,125,68.75,135.0,103.75,142.5,1.31,118.75,1,10,0,135.0
Bangalore,2019-11-01,135,74.25,145.8,112.05,153.9,1.42,128.25,1,11,0,133.0
Bangalore,2019-12-01,133,73.15,143.64,110.39,151.62,1.4,126.35,1,12,1,93.0
Bangalore,2019-01-02,93,51.15,100.44,77.19,106.02,0.98,88.35,2,1,0,101.0
Bangalore,2019-02-02,101,55.55,109.08,83.83,115.14,1.06,95.95,2,2,1,95.0
Bangalore,2019-03-02,95,52.25,102.6,78.85,108.3,1.0,90.25,2,3,1,67.0
Bangalore,2019-04-02,67,36.85,72.36,55.61,76.38,0.7,63.65,2,4,0,81.0
Bangalore,2019-05-02,81,44.55,87.48,67.23,92.34,0.85,76.95,2,5,0,107.0
Bangalore,2019-06-02,107,58.85,115.56,88.81,121.98,1.12,101.65,2,6,1,152.0
Bangalore,2019-07-02,152,83.6,164.16,126.16,173.28,1.6,144.4,2,7,0,106.0
Bangalore,2019-08-02,106,58.3,114.48,87.98,120.84,1.11,100.7,2,8,0,165.0
Bangalore,2019-09-02,165,90.75,178.2,136.95,188.1,1.73,156.75,2,9,0,107.0
Bangalore,2019-10-02,107,58.85,115.56,88.81,121.98,1.12,101.65,2,10,0,72.0
Bangalore,2019-11-02,72,39.6,77.76,59.76,82.08,0.76,68.4,2,11,1,83.0
Bangalore,2019-12-02,83,45.65,89.64,68.89,94.62,0.87,78.85,2,12,0,149.0
Bangalore,2019-01-03,149,81.95,160.92,123.67,169.86,1.56,141.55,3,1,0,104.0
Bangalore,2019-02-03,104,57.2,112.32,86.32,118.56,1.09,98.8,3,2,1,141.0
Bangalore,2019-03-03,141,77.55,152.28,117.03,160.74,1.48,133.95,3,3,1,130.0
Bangalore,2019-04-03,130,71.5,140.4,107.9,148.2,1.37,123.5,3,4,0,110.0
Bangalore,2019-05-03,110,60.5,118.8,91.3,125.4,1.16,104.5,3,5,0,116.0
Bangalore,2019-06-03,116,63.8,125.28,96.28,132.24,1.22,110.2,3,6,0,143.0
Bangalore,2019-07-03,143,78.65,154.44,118.69,163.02,1.5,135.85,3,7,0,164.0
Bangalore,2019-08-03,164,90.2,177.12,136.12,186.96,1.72,155.8,3,8,1,144.0
Bangalore,2019-09-03,144,79.2,155.52,119.52,164.16,1.51,136.8,3,9,0,95.0
Bangalore,2019-10-03,95,52.25,102.6,78.85,108.3,1.0,90.25,3,10,0,81.0
Bangalore,2019-11-03,81,44.55,87.48,67.23,92.34,0.85,76.95,3,11,1,103.0
Bangalore,2019-12-03,103,56.65,111.24,85.49,117.42,1.08,97.85,3,12,0,126.0
Bangalore,2019-01-04,126,69.3,136.08,104.58,143.64,1.32,119.7,4,1,0,151.0
Bangalore,2019-02-04,151,83.05,163.08,125.33,172.14,1.59,143.45,4,2,0,122.0
Bangalore,2019-03-04,122,67.1,131.76,101.26,139.08,1.28,115.9,4,3,0,120.0
Bangalore,2019-04-04,120,66.0,129.6,99.6,136.8,1.26,114.0,4,4,0,113.0
Bangalore,2019-05-04,113,62.15,122.04,93.79,128.82,1.19,107.35,4,5,1,120.0
Bangalore,2019-06-04,120,66.0,129.6,99.6,136.8,1.26,114.0,4,6,0,120.0
Bangalore,2019-07-04,120,66.0,129.6,99.6,136.8,1.26,114.0,4,7,0,109.0
Bangalore,2019-08-04,109,59.95,117.72,90.47,124.26,1.14,103.55,4,8,1,122.0
Bangalore,2019-09-04,122,67.1,131.76,101.26,139.08,1.28,115.9,4,9,0,119.0
Bangalore,2019-10-04,119,65.45,128.52,98.77,135.66,1.25,113.05,4,10,0,103.0
Bangalore,2019-11-04,103,56.65,111.24,85.49,117.42,1.08,97.85,4,11,0,118.0
Bangalore,2019-12-04,118,64.9,127.44,97.94,134.52,1.24,112.1,4,12,0,95.0
Bangalore,2019-01-05,95,52.25,102.6,78.85,108.3,1.0,90.25,5,1,1,102.0
Bangalore,2019-02-05,102,56.1,110.16,84.66,116.28,1.07,96.9,5,2,0,112.0
Bangalore,2019-03-05,112,61.6,120.96,92.96,127.68,1.18,106.4,5,3,0,131.0
Bangalore,2019-04-05,131,72.05,141.48,108.73,149.34,1.38,124.45,5,4,0,135.0
Bangalore,2019-05-05,135,74.25,145.8,112.05,153.9,1.42,128.25,5,5,1,146.0
Bangalore,2019-06-05,146,80.3,157.68,121.18,166.44,1.53,138.7,5,6,0,101.0
Bangalore,2019-07-05,101,55.55,109.08,83.83,115.14,1.06,95.95,5,7,0,69.0
Bangalore,2019-08-05,69,37.95,74.52,57.27,78.66,0.72,65.55,5,8,0,80.0
Bangalore,2019-09-05,80,44.0,86.4,66.4,91.2,0.84,76.0,5,9,0,97.0
Bangalore,2019-10-05,97,53.35,104.76,80.51,110.58,1.02,92.15,5,10,1,95.0
Bangalore,2019-11-05,95,52.25,102.6,78.85,108.3,1.0,90.25,5,11,0,80.0
Bangalore,2019-12-05,80,44.0,86.4,66.4,91.2,0.84,76.0,5,12,0,58.0
Bangalore,2019-01-06,58,31.9,62.64,48.14,66.12,0.61,55.1,6,1,1,79.0
Bangalore,2019-02-06,79,43.45,85.32,65.57,90.06,0.83,75.05,6,2,0,69.0
Bangalore,2019-03-06,69,37.95,74.52,57.27,78.66,0.72,65.55,6,3,0,58.0
Bangalore,2019-04-06,58,31.9,62.64,48.14,66.12,0.61,55.1,6,4,1,65.0
Bangalore,2019-05-06,65,35.75,70.2,53.95,74.1,0.68,61.75,6,5,0,58.0
Bangalore,2019-06-06,58,31.9,62.64,48.14,66.12,0.61,55.1,6,6,0,80.0
Bangalore,2019-07-06,80,44.0,86.4,66.4,91.2,0.84,76.0,6,7,1,53.0
Bangalore,2019-08-06,53,29.15,57.24,43.99,60.42,0.56,50.35,6,8,0,55.0
Bangalore,2019-09-06,55,30.25,59.4,45.65,62.7,0.58,52.25,6,9,0,43.0
Bangalore,2019-10-06,43,23.65,46.44,35.69,49.02,0.45,40.85,6,10,1,41.0
Bangalore,2019-11-06,41,22.55,44.28,34.03,46.74,0.43,38.95,6,11,0,47.0
Bangalore,2019-12-06,47,25.85,50.76,39.01,53.58,0.49,44.65,6,12,0,62.0
Bangalore,2019-01-07,62,34.1,66.96,51.46,70.68,0.65,58.9,7,1,0,62.0
Bangalore,2019-02-07,62,34.1,66.96,51.46,70.68,0.65,58.9,7,2,0,57.0
Bangalore,2019-03-07,57,31.35,61.56,47.31,64.98,0.6,54.15,7,3,0,54.0
Bangalore,2019-04-07,54,29.7,58.32,44.82,61.56,0.57,51.3,7,4,1,60.0
Bangalore,2019-05-07,60,33.0,64.8,49.8,68.4,0.63,57.0,7,5,0,53.0
Bangalore,2019-06-07,53,29.15,57.24,43.99,60.42,0.56,50.35,7,6,0,62.0
Bangalore,2019-07-07,62,34.1,66.96,51.46,70.68,0.65,58.9,7,7,1,57.0
Bangalore,2019-08-07,57,31.35,61.56,47.31,64.98,0.6,54.15,7,8,0,58.0
Bangalore,2019-09-07,58,31.9,62.64,48.14,66.12,0.61,55.1,7,9,1,54.0
Bangalore,2019-10-07,54,29.7,58.32,44.82,61.56,0.57,51.3,7,10,0,70.0
Bangalore,2019-11-07,70,38.5,75.6,58.1,79.8,0.74,66.5,7,11,0,63.0
Bangalore,2019-12-07,63,34.65,68.04,52.29,71.82,0.66,59.85,7,12,1,54.0
Bangalore,2019-01-08,54,29.7,58.32,44.82,61.56,0.57,51.3,8,1,0,51.0
Bangalore,2019-02-08,51,28.05,55.08,42.33,58.14,0.54,48.45,8,2,0,44.0
Bangalore,2019-03-08,44,24.2,47.52,36.52,50.16,0.46,41.8,8,3,0,47.0
Bangalore,2019-04-08,47,25.85,50.76,39.01,53.58,0.49,44.65,8,4,0,38.0
Bangalore,2019-05-08,38,20.9,41.04,31.54,43.32,0.4,36.1,8,5,0,42.0
Bangalore,2019-06-08,42,23.1,45.36,34.86,47.88,0.44,39.9,8,6,1,45.0
Bangalore,2019-07-08,45,24.75,48.6,37.35,51.3,0.47,42.75,8,7,0,36.0
Bangalore,2019-08-08,36,19.8,38.88,29.88,41.04,0.38,34.2,8,8,0,38.0
Bangalore,2019-09-08,38,20.9,41.04,31.54,43.32,0.4,36.1,8,9,1,42.0
Bangalore,2019-10-08,42,23.1,45.36,34.86,47.88,0.44,39.9,8,10,0,43.0
Bangalore,2019-11-08,43,23.65,46.44,35.69,49.02,0.45,40.85,8,11,0,41.0
Bangalore,2019-12-08,41,22.55,44.28,34.03,46.74,0.43,38.95,8,12,1,57.0
Bangalore,2019-01-09,57,31.35,61.56,47.31,64.98,0.6,54.15,9,1,0,42.0
Bangalore,2019-02-09,42,23.1,45.36,34.86,47.88,0.44,39.9,9,2,1,42.0
Bangalore,2019-03-09,42,23.1,45.36,34.86,47.88,0.44,39.9,9,3,1,40.0
Bangalore,2019-04-09,40,22.0,43.2,33.2,45.6,0.42,38.0,9,4,0,46.0
Bangalore,2019-05-09,46,25.3,49.68,38.18,52.44,0.48,43.7,9,5,0,48.0
Bangalore,2019-06-09,48,26.4,51.84,39.84,54.72,0.5,45.6,9,6,1,48.0
Bangalore,2019-07-09,48,26.4,51.84,39.84,54.72,0.5,45.6,9,7,0,50.0
Bangalore,2019-08-09,50,27.5,54.0,41.5,57.0,0.53,47.5,9,8,0,46.0
Bangalore,2019-09-09,46,25.3,49.68,38.18,52.44,0.48,43.7,9,9,0,59.0
Bangalore,2019-10-09,59,32.45,63.72,48.97,67.26,0.62,56.05,9,10,0,52.0
Bangalore,2019-11-09,52,28.6,56.16,43.16,59.28,0.55,49.4,9,11,1,59.0
Bangalore,2019-12-09,59,32.45,63.72,48.97,67.26,0.62,56.05,9,12,0,68.0
Bangalore,2019-01-10,68,37.4,73.44,56.44,77.52,0.71,64.6,10,1,0,55.0
Bangalore,2019-02-10,55,30.25,59.4,45.65,62.7,0.58,52.25,10,2,1,61.0
Bangalore,2019-03-10,61,33.55,65.88,50.63,69.54,0.64,57.95,10,3,1,73.0
Bangalore,2019-04-10,73,40.15,78.84,60.59,83.22,0.77,69.35,10,4,0,78.0
Bangalore,2019-05-10,78,42.9,84.24,64.74,88.92,0.82,74.1,10,5,0,68.0
Bangalore,2019-06-10,68,37.4,73.44,56.44,77.52,0.71,64.6,10,6,0,71.0
Bangalore,2019-07-10,71,39.05,76.68,58.93,80.94,0.75,67.45,10,7,0,76.0
Bangalore,2019-08-10,76,41.8,82.08,63.08,86.64,0.8,72.2,10,8,1,76.0
Bangalore,2019-09-10,76,41.8,82.08,63.08,86.64,0.8,72.2,10,9,0,106.0
Bangalore,2019-10-10,106,58.3,114.48,87.98,120.84,1.11,100.7,10,10,0,77.0
Bangalore,2019-11-10,77,42.35,83.16,63.91,87.78,0.81,73.15,10,11,1,78.0
Bangalore,2019-12-10,78,42.9,84.24,64.74,88.92,0.82,74.1,10,12,0,77.0
Bangalore,2019-01-11,77,42.35,83.16,63.91,87.78,0.81,73.15,11,1,0,60.0
Bangalore,2019-02-11,60,33.0,64.8,49.8,68.4,0.63,57.0,11,2,0,82.0
Bangalore,2019-03-11,82,45.1,88.56,68.06,93.48,0.86,77.9,11,3,0,84.0
Bangalore,2019-04-11,84,46.2,90.72,69.72,95.76,0.88,79.8,11,4,0,138.0
Bangalore,2019-05-11,138,75.9,149.04,114.54,157.32,1.45,131.1,11,5,1,161.0
Bangalore,2019-06-11,161,88.55,173.88,133.63,183.54,1.69,152.95,11,6,0,156.0
Bangalore,2019-07-11,156,85.8,168.48,129.48,177.84,1.64,148.2,11,7,0,144.0
Bangalore,2019-08-11,144,79.2,155.52,119.52,164.16,1.51,136.8,11,8,1,99.0
Bangalore,2019-09-11,99,54.45,106.92,82.17,112.86,1.04,94.05,11,9,0,90.0
Bangalore,2019-10-11,90,49.5,97.2,74.7,102.6,0.95,85.5,11,10,0,134.0
Bangalore,2019-11-11,134,73.7,144.72,111.22,152.76,1.41,127.3,11,11,0,72.0
Bangalore,2019-12-11,72,39.6,77.76,59.76,82.08,0.76,68.4,11,12,0,50.0
Bangalore,2019-01-12,50,27.5,54.0,41.5,57.0,0.53,47.5,12,1,1,48.0
Bangalore,2019-02-12,48,26.4,51.84,39.84,54.72,0.5,45.6,12,2,0,62.0
Bangalore,2019-03-12,62,34.1,66.96,51.46,70.68,0.65,58.9,12,3,0,75.0
Bangalore,2019-04-12,75,41.25,81.0,62.25,85.5,0.79,71.25,12,4,0,86.0
Bangalore,2019-05-12,86,47.3,92.88,71.38,98.04,0.9,81.7,12,5,1,107.0
Bangalore,2019-06-12,107,58.85,115.56,88.81,121.98,1.12,101.65,12,6,0,84.0
Bangalore,2019-07-12,84,46.2,90.72,69.72,95.76,0.88,79.8,12,7,0,50.0
Bangalore,2019-08-12,50,27.5,54.0,41.5,57.0,0.53,47.5,12,8,0,54.0
Bangalore,2019-09-12,54,29.7,58.32,44.82,61.56,0.57,51.3,12,9,0,59.0
Bangalore,2019-10-12,59,32.45,63.72,48.97,67.26,0.62,56.05,12,10,1,63.0
Bangalore,2019-11-12,63,34.65,68.04,52.29,71.82,0.66,59.85,12,11,0,62.0
Bangalore,2019-12-12,62,34.1,66.96,51.46,70.68,0.65,58.9,12,12,0,76.0
Bangalore,2020-01-01,76,41.8,82.08,63.08,86.64,0.8,72.2,1,1,0,69.0
Bangalore,2020-02-01,69,37.95,74.52,57.27,78.66,0.72,65.55,1,2,1,68.0
Bangalore,2020-03-01,68,37.4,73.44,56.44,77.52,0.71,64.6,1,3,1,85.0
Bangalore,2020-04-01,85,46.75,91.8,70.55,96.9,0.89,80.75,1,4,0,120.0
Bangalore,2020-05-01,120,66.0,129.6,99.6,136.8,1.26,114.0,1,5,0,67.0
Bangalore,2020-06-01,67,36.85,72.36,55.61,76.38,0.7,63.65,1,6,0,60.0
Bangalore,2020-07-01,60,33.0,64.8,49.8,68.4,0.63,57.0,1,7,0,95.0
Bangalore,2020-08-01,95,52.25,102.6,78.85,108.3,1.0,90.25,1,8,1,84.0
Bangalore,2020-09-01,84,46.2,90.72,69.72,95.76,0.88,79.8,1,9,0,84.0
Bangalore,2020-10-01,84,46.2,90.72,69.72,95.76,0.88,79.8,1,10,0,67.0
Bangalore,2020-11-01,67,36.85,72.36,55.61,76.38,0.7,63.65,1,11,1,71.0
Bangalore,2020-12-01,71,39.05,76.68,58.93,80.94,0.75,67.45,1,12,0,99.0
Bangalore,2020-01-02,99,54.45,106.92,82.17,112.86,1.04,94.05,2,1,0,86.0
Bangalore,2020-02-02,86,47.3,92.88,71.38,98.04,0.9,81.7,2,2,1,71.0
Bangalore,2020-03-02,71,39.05,76.68,58.93,80.94,0.75,67.45,2,3,0,72.0
Bangalore,2020-04-02,72,39.6,77.76,59.76,82.08,0.76,68.4,2,4,0,72.0
Bangalore,2020-05-02,72,39.6,77.76,59.76,82.08,0.76,68.4,2,5,1,90.0
Bangalore,2020-06-02,90,49.5,97.2,74.7,102.6,0.95,85.5,2,6,0,92.0
Bangalore,2020-07-02,92,50.6,99.36,76.36,104.88,0.97,87.4,2,7,0,105.0
Bangalore,2020-08-02,105,57.75,113.4,87.15,119.7,1.1,99.75,2,8,1,93.0
Bangalore,2020-09-02,93,51.15,100.44,77.19,106.02,0.98,88.35,2,9,0,87.0
Bangalore,2020-10-02,87,47.85,93.96,72.21,99.18,0.91,82.65,2,10,0,66.0
Bangalore,2020-11-02,66,36.3,71.28,54.78,75.24,0.69,62.7,2,11,0,73.0
Bangalore,2020-12-02,73,40.15,78.84,60.59,83.22,0.77,69.35,2,12,0,86.0
Bangalore,2020-01-03,86,47.3,92.88,71.38,98.04,0.9,81.7,3,1,0,128.0
Bangalore,2020-02-03,128,70.4,138.24,106.24,145.92,1.34,121.6,3,2,0,161.0
Bangalore,2020-03-03,161,88.55,173.88,133.63,183.54,1.69,152.95,3,3,0,129.0
Bangalore,2020-04-03,129,70.95,139.32,107.07,147.06,1.35,122.55,3,4,0,121.0
Bangalore,2020-05-03,121,66.55,130.68,100.43,137.94,1.27,114.95,3,5,1,91.0
Bangalore,2020-06-03,91,50.05,98.28,75.53,103.74,0.96,86.45,3,6,0,86.0
Bangalore,2020-07-03,86,47.3,92.88,71.38,98.04,0.9,81.7,3,7,0,85.0
Bangalore,2020-08-03,85,46.75,91.8,70.55,96.9,0.89,80.75,3,8,0,90.0
Bangalore,2020-09-03,90,49.5,97.2,74.7,102.6,0.95,85.5,3,9,0,84.0
Bangalore,2020-10-03,84,46.2,90.72,69.72,95.76,0.88,79.8,3,10,1,88.0
Bangalore,2020-11-03,88,48.4,95.04,73.04,100.32,0.92,83.6,3,11,0,85.0
Bangalore,2020-12-03,85,46.75,91.8,70.55,96.9,0.89,80.75,3,12,0,52.0
Bangalore,2020-01-04,52,28.6,56.16,43.16,59.28,0.55,49.4,4,1,1,59.0
Bangalore,2020-02-04,59,32.45,63.72,48.97,67.26,0.62,56.05,4,2,0,69.0
Bangalore,2020-03-04,69,37.95,74.52,57.27,78.66,0.72,65.55,4,3,0,64.0
Bangalore,2020-04-04,64,35.2,69.12,53.12,72.96,0.67,60.8,4,4,1,64.0
Bangalore,2020-05-04,64,35.2,69.12,53.12,72.96,0.67,60.8,4,5,0,58.0
Bangalore,2020-06-04,58,31.9,62.64,48.14,66.12,0.61,55.1,4,6,0,48.0
Bangalore,2020-07-04,48,26.4,51.84,39.84,54.72,0.5,45.6,4,7,1,52.0
Bangalore,2020-08-04,52,28.6,56.16,43.16,59.28,0.55,49.4,4,8,0,54.0
Bangalore,2020-09-04,54,29.7,58.32,44.82,61.56,0.57,51.3,4,9,0,55.0
Bangalore,2020-10-04,55,30.25,59.4,45.65,62.7,0.58,52.25,4,10,1,49.0
Bangalore,2020-11-04,49,26.95,52.92,40.67,55.86,0.51,46.55,4,11,0,58.0
Bangalore,2020-12-04,58,31.9,62.64,48.14,66.12,0.61,55.1,4,12,0,61.0
Bangalore,2020-01-05,61,33.55,65.88,50.63,69.54,0.64,57.95,5,1,1,58.0
Bangalore,2020-02-05,58,31.9,62.64,48.14,66.12,0.61,55.1,5,2,0,56.0
Bangalore,2020-03-05,56,30.8,60.48,46.48,63.84,0.59,53.2,5,3,0,66.0
Bangalore,2020-04-05,66,36.3,71.28,54.78,75.24,0.69,62.7,5,4,1,78.0
Bangalore,2020-05-05,78,42.9,84.24,64.74,88.92,0.82,74.1,5,5,0,71.0
Bangalore,2020-06-05,71,39.05,76.68,58.93,80.94,0.75,67.45,5,6,0,70.0
Bangalore,2020-07-05,70,38.5,75.6,58.1,79.8,0.74,66.5,5,7,1,58.0
Bangalore,2020-08-05,58,31.9,62.64,48.14,66.12,0.61,55.1,5,8,0,64.0
Bangalore,2020-09-05,64,35.2,69.12,53.12,72.96,0.67,60.8,5,9,1,68.0
Bangalore,2020-10-05,68,37.4,73.44,56.44,77.52,0.71,64.6,5,10,0,60.0
Bangalore,2020-11-05,60,33.0,64.8,49.8,68.4,0.63,57.0,5,11,0,75.0
Bangalore,2020-12-05,75,41.25,81.0,62.25,85.5,0.79,71.25,5,12,1,36.0
Bangalore,2020-01-06,36,19.8,38.88,29.88,41.04,0.38,34.2,6,1,0,32.0
Bangalore,2020-02-06,32,17.6,34.56,26.56,36.48,0.34,30.4,6,2,0,36.0
Bangalore,2020-03-06,36,19.8,38.88,29.88,41.04,0.38,34.2,6,3,0,34.0
Bangalore,2020-04-06,34,18.7,36.72,28.22,38.76,0.36,32.3,6,4,0,51.0
Bangalore,2020-05-06,51,28.05,55.08,42.33,58.14,0.54,48.45,6,5,0,60.0
Bangalore,2020-06-06,60,33.0,64.8,49.8,68.4,0.63,57.0,6,6,1,50.0
Bangalore,2020-07-06,50,27.5,54.0,41.5,57.0,0.53,47.5,6,7,0,47.0
Bangalore,2020-08-06,47,25.85,50.76,39.01,53.58,0.49,44.65,6,8,0,53.0
Bangalore,2020-09-06,53,29.15,57.24,43.99,60.42,0.56,50.35,6,9,1,72.0
Bangalore,2020-10-06,72,39.6,77.76,59.76,82.08,0.76,68.4,6,10,0,42.0
Bangalore,2020-11-06,42,23.1,45.36,34.86,47.88,0.44,39.9,6,11,0,42.0
Bangalore,2020-12-06,42,23.1,45.36,34.86,47.88,0.44,39.9,6,12,1,41.0
Bangalore,2020-01-07,41,22.55,44.28,34.03,46.74,0.43,38.95,7,1,0,36.0
Bangalore,2020-02-07,36,19.8,38.88,29.88,41.04,0.38,34.2,7,2,0,38.0
Bangalore,2020-03-07,38,20.9,41.04,31.54,43.32,0.4,36.1,7,3,1,36.0
Bangalore,2020-04-07,36,19.8,38.88,29.88,41.04,0.38,34.2,7,4,0,42.0
Bangalore,2020-05-07,42,23.1,45.36,34.86,47.88,0.44,39.9,7,5,0,38.0
Bangalore,2020-06-07,38,20.9,41.04,31.54,43.32,0.4,36.1,7,6,1,42.0
Bangalore,2020-07-07,42,23.1,45.36,34.86,47.88,0.44,39.9,7,7,0,44.0
Bangalore,2020-08-07,44,24.2,47.52,36.52,50.16,0.46,41.8,7,8,0,35.0
Bangalore,2020-09-07,35,19.25,37.8,29.05,39.9,0.37,33.25,7,9,0,34.0
Bangalore,2020-10-07,34,18.7,36.72,28.22,38.76,0.36,32.3,7,10,0,40.0
Bangalore,2020-11-07,40,22.0,43.2,33.2,45.6,0.42,38.0,7,11,1,36.0
Bangalore,2020-12-07,36,19.8,38.88,29.88,41.04,0.38,34.2,7,12,0,29.0
Bangalore,2020-01-08,29,15.95,31.32,24.07,33.06,0.3,27.55,8,1,0,43.0
Bangalore,2020-02-08,43,23.65,46.44,35.69,49.02,0.45,40.85,8,2,1,36.0
Bangalore,2020-03-08,36,19.8,38.88,29.88,41.04,0.38,34.2,8,3,1,35.0
Bangalore,2020-04-08,35,19.25,37.8,29.05,39.9,0.37,33.25,8,4,0,35.0
Bangalore,2020-05-08,35,19.25,37.8,29.05,39.9,0.37,33.25,8,5,0,41.0
Bangalore,2020-06-08,41,22.55,44.28,34.03,46.74,0.43,38.95,8,6,0,41.0
Bangalore,2020-07-08,41,22.55,44.28,34.03,46.74,0.43,38.95,8,7,0,42.0
Bangalore,2020-08-08,42,23.1,45.36,34.86,47.88,0.44,39.9,8,8,1,36.0
Bangalore,2020-09-08,36,19.8,38.88,29.88,41.04,0.38,34.2,8,9,0,34.0
Bangalore,2020-10-08,34,18.7,36.72,28.22,38.76,0.36,32.3,8,10,0,55.0
Bangalore,2020-11-08,55,30.25,59.4,45.65,62.7,0.58,52.25,8,11,1,48.0
Bangalore,2020-12-08,48,26.4,51.84,39.84,54.72,0.5,45.6,8,12,0,52.0
Bangalore,2020-01-09,52,28.6,56.16,43.16,59.28,0.55,49.4,9,1,0,76.0
Bangalore,2020-02-09,76,41.8,82.08,63.08,86.64,0.8,72.2,9,2,1,50.0
Bangalore,2020-03-09,50,27.5,54.0,41.5,57.0,0.53,47.5,9,3,0,47.0
Bangalore,2020-04-09,47,25.85,50.76,39.01,53.58,0.49,44.65,9,4,0,64.0
Bangalore,2020-05-09,64,35.2,69.12,53.12,72.96,0.67,60.8,9,5,1,69.0
Bangalore,2020-06-09,69,37.95,74.52,57.27,78.66,0.72,65.55,9,6,0,48.0
Bangalore,2020-07-09,48,26.4,51.84,39.84,54.72,0.5,45.6,9,7,0,39.0
Bangalore,2020-08-09,39,21.45,42.12,32.37,44.46,0.41,37.05,9,8,1,35.0
Bangalore,2020-09-09,35,19.25,37.8,29.05,39.9,0.37,33.25,9,9,0,34.0
Bangalore,2020-10-09,34,18.7,36.72,28.22,38.76,0.36,32.3,9,10,0,34.0
Bangalore,2020-11-09,34,18.7,36.72,28.22,38.76,0.36,32.3,9,11,0,33.0
Bangalore,2020-12-09,33,18.15,35.64,27.39,37.62,0.35,31.35,9,12,0,50.0
Bangalore,2020-01-10,50,27.5,54.0,41.5,57.0,0.53,47.5,10,1,0,56.0
Bangalore,2020-02-10,56,30.8,60.48,46.48,63.84,0.59,53.2,10,2,0,48.0
Bangalore,2020-03-10,48,26.4,51.84,39.84,54.72,0.5,45.6,10,3,0,59.0
Bangalore,2020-04-10,59,32.45,63.72,48.97,67.26,0.62,56.05,10,4,0,47.0
Bangalore,2020-05-10,47,25.85,50.76,39.01,53.58,0.49,44.65,10,5,1,63.0
Bangalore,2020-06-10,63,34.65,68.04,52.29,71.82,0.66,59.85,10,6,0,60.0
Bangalore,2020-07-10,60,33.0,64.8,49.8,68.4,0.63,57.0,10,7,0,72.0
Bangalore,2020-08-10,72,39.6,77.76,59.76,82.08,0.76,68.4,10,8,0,76.0
Bangalore,2020-09-10,76,41.8,82.08,63.08,86.64,0.8,72.2,10,9,0,57.0
Bangalore,2020-10-10,57,31.35,61.56,47.31,64.98,0.6,54.15,10,10,1,42.0
Bangalore,2020-11-10,42,23.1,45.36,34.86,47.88,0.44,39.9,10,11,0,43.0
Bangalore,2020-12-10,43,23.65,46.44,35.69,49.02,0.45,40.85,10,12,0,114.0
Bangalore,2020-01-11,114,62.7,123.12,94.62,129.96,1.2,108.3,11,1,1,140.0
Bangalore,2020-02-11,140,77.0,151.2,116.2,159.6,1.47,133.0,11,2,0,119.0
Bangalore,2020-03-11,119,65.45,128.52,98.77,135.66,1.25,113.05,11,3,0,94.0
Bangalore,2020-04-11,94,51.7,101.52,78.02,107.16,0.99,89.3,11,4,1,73.0
Bangalore,2020-05-11,73,40.15,78.84,60.59,83.22,0.77,69.35,11,5,0,74.0
Bangalore,2020-06-11,74,40.7,79.92,61.42,84.36,0.78,70.3,11,6,0,53.0
Bangalore,2020-07-11,53,29.15,57.24,43.99,60.42,0.56,50.35,11,7,1,59.0
Bangalore,2020-08-11,59,32.45,63.72,48.97,67.26,0.62,56.05,11,8,0,108.0
Bangalore,2020-09-11,108,59.4,116.64,89.64,123.12,1.13,102.6,11,9,0,93.0
Bangalore,2020-10-11,93,51.15,100.44,77.19,106.02,0.98,88.35,11,10,1,87.0
Bangalore,2020-11-11,87,47.85,93.96,72.21,99.18,0.91,82.65,11,11,0,63.0
Bangalore,2020-12-11,63,34.65,68.04,52.29,71.82,0.66,59.85,11,12,0,63.0
Bangalore,2020-01-12,63,34.65,68.04,52.29,71.82,0.66,59.85,12,1,1,65.0
Bangalore,2020-02-12,65,35.75,70.2,53.95,74.1,0.68,61.75,12,2,0,62.0
Bangalore,2020-03-12,62,34.1,66.96,51.46,70.68,0.65,58.9,12,3,0,63.0
Bangalore,2020-04-12,63,34.65,68.04,52.29,71.82,0.66,59.85,12,4,1,49.0
Bangalore,2020-05-12,49,26.95,52.92,40.67,55.86,0.51,46.55,12,5,0,51.0
Bangalore,2020-06-12,51,28.05,55.08,42.33,58.14,0.54,48.45,12,6,0,44.0
Bangalore,2020-07-12,44,24.2,47.52,36.52,50.16,0.46,41.8,12,7,1,52.0
Bangalore,2020-08-12,52,28.6,56.16,43.16,59.28,0.55,49.4,12,8,0,50.0
Bangalore,2020-09-12,50,27.5,54.0,41.5,57.0,0.53,47.5,12,9,1,57.0
Bangalore,2020-10-12,57,31.35,61.56,47.31,64.98,0.6,54.15,12,10,0,81.0
Bangalore,2020-11-12,81,44.55,87.48,67.23,92.34,0.85,76.95,12,11,0,83.0
Bangalore,2020-12-12,83,45.65,89.64,68.89,94.62,0.87,78.85,12,12,1,98.0
Bangalore,2021-01-01,98,53.9,105.84,81.34,111.72,1.03,93.1,1,1,0,107.0
Bangalore,2021-02-01,107,58.85,115.56,88.81,121.98,1.12,101.65,1,2,0,80.0
Bangalore,2021-03-01,80,44.0,86.4,66.4,91.2,0.84,76.0,1,3,0,80.0
Bangalore,2021-04-01,80,44.0,86.4,66.4,91.2,0.84,76.0,1,4,0,58.0
Bangalore,2021-05-01,58,31.9,62.64,48.14,66.12,0.61,55.1,1,5,1,38.0
Bangalore,2021-06-01,38,20.9,41.04,31.54,43.32,0.4,36.1,1,6,0,43.0
Bangalore,2021-07-01,43,23.65,46.44,35.69,49.02,0.45,40.85,1,7,0,58.0
Bangalore,2021-08-01,58,31.9,62.64,48.14,66.12,0.61,55.1,1,8,1,48.0
Bangalore,2021-09-01,48,26.4,51.84,39.84,54.72,0.5,45.6,1,9,0,81.0
Bangalore,2021-10-01,81,44.55,87.48,67.23,92.34,0.85,76.95,1,10,0,64.0
Bangalore,2021-11-01,64,35.2,69.12,53.12,72.96,0.67,60.8,1,11,0,63.0
Bangalore,2021-12-01,63,34.65,68.04,52.29,71.82,0.66,59.85,1,12,0,87.0
Bangalore,2021-01-02,87,47.85,93.96,72.21,99.18,0.91,82.65,2,1,1,92.0
Bangalore,2021-02-02,92,50.6,99.36,76.36,104.88,0.97,87.4,2,2,0,107.0
Bangalore,2021-03-02,107,58.85,115.56,88.81,121.98,1.12,101.65,2,3,0,91.0
Bangalore,2021-04-02,91,50.05,98.28,75.53,103.74,0.96,86.45,2,4,0,84.0
Bangalore,2021-05-02,84,46.2,90.72,69.72,95.76,0.88,79.8,2,5,1,88.0
Bangalore,2021-06-02,88,48.4,95.04,73.04,100.32,0.92,83.6,2,6,0,86.0
Bangalore,2021-07-02,86,47.3,92.88,71.38,98.04,0.9,81.7,2,7,0,87.0
Bangalore,2021-08-02,87,47.85,93.96,72.21,99.18,0.91,82.65,2,8,0,85.0
Bangalore,2021-09-02,85,46.75,91.8,70.55,96.9,0.89,80.75,2,9,0,86.0
Bangalore,2021-10-02,86,47.3,92.88,71.38,98.04,0.9,81.7,2,10,1,101.0
Bangalore,2021-11-02,101,55.55,109.08,83.83,115.14,1.06,95.95,2,11,0,95.0
Bangalore,2021-12-02,95,52.25,102.6,78.85,108.3,1.0,90.25,2,12,0,79.0
Bangalore,2021-01-03,79,43.45,85.32,65.57,90.06,0.83,75.05,3,1,1,88.0
Bangalore,2021-02-03,88,48.4,95.04,73.04,100.32,0.92,83.6,3,2,0,102.0
Bangalore,2021-03-03,102,56.1,110.16,84.66,116.28,1.07,96.9,3,3,0,86.0
Bangalore,2021-04-03,86,47.3,92.88,71.38,98.04,0.9,81.7,3,4,1,70.0
Bangalore,2021-05-03,70,38.5,75.6,58.1,79.8,0.74,66.5,3,5,0,75.0
Bangalore,2021-06-03,75,41.25,81.0,62.25,85.5,0.79,71.25,3,6,0,84.0
Bangalore,2021-07-03,84,46.2,90.72,69.72,95.76,0.88,79.8,3,7,1,58.0
Bangalore,2021-08-03,58,31.9,62.64,48.14,66.12,0.61,55.1,3,8,0,55.0
Bangalore,2021-09-03,55,30.25,59.4,45.65,62.7,0.58,52.25,3,9,0,50.0
Bangalore,2021-10-03,50,27.5,54.0,41.5,57.0,0.53,47.5,3,10,1,55.0
Bangalore,2021-11-03,55,30.25,59.4,45.65,62.7,0.58,52.25,3,11,0,62.0
Bangalore,2021-12-03,62,34.1,66.96,51.46,70.68,0.65,58.9,3,12,0,94.0
Bangalore,2021-01-04,94,51.7,101.52,78.02,107.16,0.99,89.3,4,1,0,83.0
Bangalore,2021-02-04,83,45.65,89.64,68.89,94.62,0.87,78.85,4,2,0,104.0
Bangalore,2021-03-04,104,57.2,112.32,86.32,118.56,1.09,98.8,4,3,0,114.0
Bangalore,2021-04-04,114,62.7,123.12,94.62,129.96,1.2,108.3,4,4,1,111.0
Bangalore,2021-05-04,111,61.05,119.88,92.13,126.54,1.17,105.45,4,5,0,114.0
Bangalore,2021-06-04,114,62.7,123.12,94.62,129.96,1.2,108.3,4,6,0,101.0
Bangalore,2021-07-04,101,55.55,109.08,83.83,115.14,1.06,95.95,4,7,1,105.0
Bangalore,2021-08-04,105,57.75,113.4,87.15,119.7,1.1,99.75,4,8,0,102.0
Bangalore,2021-09-04,102,56.1,110.16,84.66,116.28,1.07,96.9,4,9,1,103.0
Bangalore,2021-10-04,103,56.65,111.24,85.49,117.42,1.08,97.85,4,10,0,82.0
Bangalore,2021-11-04,82,45.1,88.56,68.06,93.48,0.86,77.9,4,11,0,67.0
Bangalore,2021-12-04,67,36.85,72.36,55.61,76.38,0.7,63.65,4,12,1,93.0
Bangalore,2021-01-05,93,51.15,100.44,77.19,106.02,0.98,88.35,5,1,0,78.0
Bangalore,2021-02-05,78,42.9,84.24,64.74,88.92,0.82,74.1,5,2,0,54.0
Bangalore,2021-03-05,54,29.7,58.32,44.82,61.56,0.57,51.3,5,3,0,64.0
Bangalore,2021-04-05,64,35.2,69.12,53.12,72.96,0.67,60.8,5,4,0,68.0
Bangalore,2021-05-05,68,37.4,73.44,56.44,77.52,0.71,64.6,5,5,0,61.0
Bangalore,2021-06-05,61,33.55,65.88,50.63,69.54,0.64,57.95,5,6,1,52.0
Bangalore,2021-07-05,52,28.6,56.16,43.16,59.28,0.55,49.4,5,7,0,61.0
Bangalore,2021-08-05,61,33.55,65.88,50.63,69.54,0.64,57.95,5,8,0,51.0
Bangalore,2021-09-05,51,28.05,55.08,42.33,58.14,0.54,48.45,5,9,1,53.0
Bangalore,2021-10-05,53,29.15,57.24,43.99,60.42,0.56,50.35,5,10,0,54.0
Bangalore,2021-11-05,54,29.7,58.32,44.82,61.56,0.57,51.3,5,11,0,57.0
Bangalore,2021-12-05,57,31.35,61.56,47.31,64.98,0.6,54.15,5,12,1,38.0
Bangalore,2021-01-06,38,20.9,41.04,31.54,43.32,0.4,36.1,6,1,0,42.0
Bangalore,2021-02-06,42,23.1,45.36,34.86,47.88,0.44,39.9,6,2,1,52.0
Bangalore,2021-03-06,52,28.6,56.16,43.16,59.28,0.55,49.4,6,3,1,44.0
Bangalore,2021-04-06,44,24.2,47.52,36.52,50.16,0.46,41.8,6,4,0,32.0
Bangalore,2021-05-06,32,17.6,34.56,26.56,36.48,0.34,30.4,6,5,0,39.0
Bangalore,2021-06-06,39,21.45,42.12,32.37,44.46,0.41,37.05,6,6,1,46.0
Bangalore,2021-07-06,46,25.3,49.68,38.18,52.44,0.48,43.7,6,7,0,51.0
Bangalore,2021-08-06,51,28.05,55.08,42.33,58.14,0.54,48.45,6,8,0,46.0
Bangalore,2021-09-06,46,25.3,49.68,38.18,52.44,0.48,43.7,6,9,0,42.0
Bangalore,2021-10-06,42,23.1,45.36,34.86,47.88,0.44,39.9,6,10,0,42.0
Bangalore,2021-11-06,42,23.1,45.36,34.86,47.88,0.44,39.9,6,11,1,47.0
Bangalore,2021-12-06,47,25.85,50.76,39.01,53.58,0.49,44.65,6,12,0,53.0
Bangalore,2021-01-07,53,29.15,57.24,43.99,60.42,0.56,50.35,7,1,0,50.0
Bangalore,2021-02-07,50,27.5,54.0,41.5,57.0,0.53,47.5,7,2,1,54.0
Bangalore,2021-03-07,54,29.7,58.32,44.82,61.56,0.57,51.3,7,3,1,47.0
Bangalore,2021-04-07,47,25.85,50.76,39.01,53.58,0.49,44.65,7,4,0,42.0
Bangalore,2021-05-07,42,23.1,45.36,34.86,47.88,0.44,39.9,7,5,0,46.0
Bangalore,2021-06-07,46,25.3,49.68,38.18,52.44,0.48,43.7,7,6,0,61.0
Bangalore,2021-07-07,61,33.55,65.88,50.63,69.54,0.64,57.95,7,7,0,54.0
Bangalore,2021-08-07,54,29.7,58.32,44.82,61.56,0.57,51.3,7,8,1,70.0
Bangalore,2021-09-07,70,38.5,75.6,58.1,79.8,0.74,66.5,7,9,0,52.0
Bangalore,2021-10-07,52,28.6,56.16,43.16,59.28,0.55,49.4,7,10,0,51.0
Bangalore,2021-11-07,51,28.05,55.08,42.33,58.14,0.54,48.45,7,11,1,51.0
Bangalore,2021-12-07,51,28.05,55.08,42.33,58.14,0.54,48.45,7,12,0,57.0
Bangalore,2021-01-08,57,31.35,61.56,47.31,64.98,0.6,54.15,8,1,0,66.0
Bangalore,2021-02-08,66,36.3,71.28,54.78,75.24,0.69,62.7,8,2,0,67.0
Bangalore,2021-03-08,67,36.85,72.36,55.61,76.38,0.7,63.65,8,3,0,60.0
Bangalore,2021-04-08,60,33.0,64.8,49.8,68.4,0.63,57.0,8,4,0,52.0
Bangalore,2021-05-08,52,28.6,56.16,43.16,59.28,0.55,49.4,8,5,1,64.0
Bangalore,2021-06-08,64,35.2,69.12,53.12,72.96,0.67,60.8,8,6,0,57.0
Bangalore,2021-07-08,57,31.35,61.56,47.31,64.98,0.6,54.15,8,7,0,48.0
Bangalore,2021-08-08,48,26.4,51.84,39.84,54.72,0.5,45.6,8,8,1,69.0
Bangalore,2021-09-08,69,37.95,74.52,57.27,78.66,0.72,65.55,8,9,0,53.0
Bangalore,2021-10-08,53,29.15,57.24,43.99,60.42,0.56,50.35,8,10,0,59.0
Bangalore,2021-11-08,59,32.45,63.72,48.97,67.26,0.62,56.05,8,11,0,78.0
Bangalore,2021-12-08,78,42.9,84.24,64.74,88.92,0.82,74.1,8,12,0,67.0
Bangalore,2021-01-09,67,36.85,72.36,55.61,76.38,0.7,63.65,9,1,1,59.0
Bangalore,2021-02-09,59,32.45,63.72,48.97,67.26,0.62,56.05,9,2,0,45.0
Bangalore,2021-03-09,45,24.75,48.6,37.35,51.3,0.47,42.75,9,3,0,55.0
Bangalore,2021-04-09,55,30.25,59.4,45.65,62.7,0.58,52.25,9,4,0,46.0
Bangalore,2021-05-09,46,25.3,49.68,38.18,52.44,0.48,43.7,9,5,1,40.0
Bangalore,2021-06-09,40,22.0,43.2,33.2,45.6,0.42,38.0,9,6,0,41.0
Bangalore,2021-07-09,41,22.55,44.28,34.03,46.74,0.43,38.95,9,7,0,47.0
Bangalore,2021-08-09,47,25.85,50.76,39.01,53.58,0.49,44.65,9,8,0,63.0
Bangalore,2021-09-09,63,34.65,68.04,52.29,71.82,0.66,59.85,9,9,0,58.0
Bangalore,2021-10-09,58,31.9,62.64,48.14,66.12,0.61,55.1,9,10,1,61.0
Bangalore,2021-11-09,61,33.55,65.88,50.63,69.54,0.64,57.95,9,11,0,55.0
Bangalore,2021-12-09,55,30.25,59.4,45.65,62.7,0.58,52.25,9,12,0,67.0
Bangalore,2021-01-10,67,36.85,72.36,55.61,76.38,0.7,63.65,10,1,1,70.0
Bangalore,2021-02-10,70,38.5,75.6,58.1,79.8,0.74,66.5,10,2,0,51.0
Bangalore,2021-03-10,51,28.05,55.08,42.33,58.14,0.54,48.45,10,3,0,56.0
Bangalore,2021-04-10,56,30.8,60.48,46.48,63.84,0.59,53.2,10,4,1,64.0
Bangalore,2021-05-10,64,35.2,69.12,53.12,72.96,0.67,60.8,10,5,0,52.0
Bangalore,2021-06-10,52,28.6,56.16,43.16,59.28,0.55,49.4,10,6,0,49.0
Bangalore,2021-07-10,49,26.95,52.92,40.67,55.86,0.51,46.55,10,7,1,57.0
Bangalore,2021-08-10,57,31.35,61.56,47.31,64.98,0.6,54.15,10,8,0,48.0
Bangalore,2021-09-10,48,26.4,51.84,39.84,54.72,0.5,45.6,10,9,0,46.0
Bangalore,2021-10-10,46,25.3,49.68,38.18,52.44,0.48,43.7,10,10,1,51.0
Bangalore,2021-11-10,51,28.05,55.08,42.33,58.14,0.54,48.45,10,11,0,39.0
Bangalore,2021-12-10,39,21.45,42.12,32.37,44.46,0.41,37.05,10,12,0,56.0
Bangalore,2021-01-11,56,30.8,60.48,46.48,63.84,0.59,53.2,11,1,0,50.0
Bangalore,2021-02-11,50,27.5,54.0,41.5,57.0,0.53,47.5,11,2,0,56.0
Bangalore,2021-03-11,56,30.8,60.48,46.48,63.84,0.59,53.2,11,3,0,58.0
Bangalore,2021-04-11,58,31.9,62.64,48.14,66.12,0.61,55.1,11,4,1,57.0
Bangalore,2021-05-11,57,31.35,61.56,47.31,64.98,0.6,54.15,11,5,0,70.0
Bangalore,2021-06-11,70,38.5,75.6,58.1,79.8,0.74,66.5,11,6,0,77.0
Bangalore,2021-07-11,77,42.35,83.16,63.91,87.78,0.81,73.15,11,7,1,101.0
Bangalore,2021-08-11,101,55.55,109.08,83.83,115.14,1.06,95.95,11,8,0,106.0
Bangalore,2021-09-11,106,58.3,114.48,87.98,120.84,1.11,100.7,11,9,1,104.0
Bangalore,2021-10-11,104,57.2,112.32,86.32,118.56,1.09,98.8,11,10,0,91.0
Bangalore,2021-11-11,91,50.05,98.28,75.53,103.74,0.96,86.45,11,11,0,64.0
Bangalore,2021-12-11,64,35.2,69.12,53.12,72.96,0.67,60.8,11,12,1,60.0
Bangalore,2021-01-12,60,33.0,64.8,49.8,68.4,0.63,57.0,12,1,0,86.0
Bangalore,2021-02-12,86,47.3,92.88,71.38,98.04,0.9,81.7,12,2,0,98.0
Bangalore,2021-03-12,98,53.9,105.84,81.34,111.72,1.03,93.1,12,3,0,95.0
Bangalore,2021-04-12,95,52.25,102.6,78.85,108.3,1.0,90.25,12,4,0,86.0
Bangalore,2021-05-12,86,47.3,92.88,71.38,98.04,0.9,81.7,12,5,0,86.0
Bangalore,2021-06-12,86,47.3,92.88,71.38,98.04,0.9,81.7,12,6,1,113.0
Bangalore,2021-07-12,113,62.15,122.04,93.79,128.82,1.19,107.35,12,7,0,81.0
Bangalore,2021-08-12,81,44.55,87.48,67.23,92.34,0.85,76.95,12,8,0,66.0
Bangalore,2021-09-12,66,36.3,71.28,54.78,75.24,0.69,62.7,12,9,1,51.0
Bangalore,2021-10-12,51,28.05,55.08,42.33,58.14,0.54,48.45,12,10,0,61.0
Bangalore,2021-11-12,61,33.55,65.88,50.63,69.54,0.64,57.95,12,11,0,47.0
Bangalore,2021-12-12,47,25.85,50.76,39.01,53.58,0.49,44.65,12,12,1,51.0
Bangalore,2022-01-01,51,28.05,55.08,42.33,58.14,0.54,48.45,1,1,1,43.0
Bangalore,2022-02-01,43,23.65,46.44,35.69,49.02,0.45,40.85,1,2,0,55.0
Bangalore,2022-03-01,55,30.25,59.4,45.65,62.7,0.58,52.25,1,3,0,86.0
Bangalore,2022-04-01,86,47.3,92.88,71.38,98.04,0.9,81.7,1,4,0,88.0
Bangalore,2022-05-01,88,48.4,95.04,73.04,100.32,0.92,83.6,1,5,1,86.0
Bangalore,2022-06-01,86,47.3,92.88,71.38,98.04,0.9,81.7,1,6,0,79.0
Bangalore,2022-07-01,79,43.45,85.32,65.57,90.06,0.83,75.05,1,7,0,77.0
Bangalore,2022-08-01,77,42.35,83.16,63.91,87.78,0.81,73.15,1,8,0,71.0
Bangalore,2022-09-01,71,39.05,76.68,58.93,80.94,0.75,67.45,1,9,0,75.0
Bangalore,2022-10-01,75,41.25,81.0,62.25,85.5,0.79,71.25,1,10,1,74.0
Bangalore,2022-11-01,74,40.7,79.92,61.42,84.36,0.78,70.3,1,11,0,73.0
Bangalore,2022-12-01,73,40.15,78.84,60.59,83.22,0.77,69.35,1,12,0,118.0
Bangalore,2022-01-02,118,64.9,127.44,97.94,134.52,1.24,112.1,2,1,1,108.0
Bangalore,2022-02-02,108,59.4,116.64,89.64,123.12,1.13,102.6,2,2,0,111.0
Bangalore,2022-03-02,111,61.05,119.88,92.13,126.54,1.17,105.45,2,3,0,102.0
Bangalore,2022-04-02,102,56.1,110.16,84.66,116.28,1.07,96.9,2,4,1,114.0
Bangalore,2022-05-02,114,62.7,123.12,94.62,129.96,1.2,108.3,2,5,0,96.0
Bangalore,2022-06-02,96,52.8,103.68,79.68,109.44,1.01,91.2,2,6,0,80.0
Bangalore,2022-07-02,80,44.0,86.4,66.4,91.2,0.84,76.0,2,7,1,100.0
Bangalore,2022-08-02,100,55.0,108.0,83.0,114.0,1.05,95.0,2,8,0,91.0
Bangalore,2022-09-02,91,50.05,98.28,75.53,103.74,0.96,86.45,2,9,0,90.0
Bangalore,2022-10-02,90,49.5,97.2,74.7,102.6,0.95,85.5,2,10,1,113.0
Bangalore,2022-11-02,113,62.15,122.04,93.79,128.82,1.19,107.35,2,11,0,74.0
Bangalore,2022-12-02,74,40.7,79.92,61.42,84.36,0.78,70.3,2,12,0,96.0
Bangalore,2022-01-03,96,52.8,103.68,79.68,109.44,1.01,91.2,3,1,0,88.0
Bangalore,2022-02-03,88,48.4,95.04,73.04,100.32,0.92,83.6,3,2,0,96.0
Bangalore,2022-03-03,96,52.8,103.68,79.68,109.44,1.01,91.2,3,3,0,100.0
Bangalore,2022-04-03,100,55.0,108.0,83.0,114.0,1.05,95.0,3,4,1,76.0
Bangalore,2022-05-03,76,41.8,82.08,63.08,86.64,0.8,72.2,3,5,0,78.0
Bangalore,2022-06-03,78,42.9,84.24,64.74,88.92,0.82,74.1,3,6,0,69.0
Bangalore,2022-07-03,69,37.95,74.52,57.27,78.66,0.72,65.55,3,7,1,81.0
Bangalore,2022-08-03,81,44.55,87.48,67.23,92.34,0.85,76.95,3,8,0,119.0
Bangalore,2022-09-03,119,65.45,128.52,98.77,135.66,1.25,113.05,3,9,1,104.0
Bangalore,2022-10-03,104,57.2,112.32,86.32,118.56,1.09,98.8,3,10,0,96.0
Bangalore,2022-11-03,96,52.8,103.68,79.68,109.44,1.01,91.2,3,11,0,108.0
Bangalore,2022-12-03,108,59.4,116.64,89.64,123.12,1.13,102.6,3,12,1,97.0
Bangalore,2022-01-04,97,53.35,104.76,80.51,110.58,1.02,92.15,4,1,0,91.0
Bangalore,2022-02-04,91,50.05,98.28,75.53,103.74,0.96,86.45,4,2,0,104.0
Bangalore,2022-03-04,104,57.2,112.32,86.32,118.56,1.09,98.8,4,3,0,98.0
Bangalore,2022-04-04,98,53.9,105.84,81.34,111.72,1.03,93.1,4,4,0,94.0
Bangalore,2022-05-04,94,51.7,101.52,78.02,107.16,0.99,89.3,4,5,0,99.0
Bangalore,2022-06-04,99,54.45,106.92,82.17,112.86,1.04,94.05,4,6,1,99.0
Bangalore,2022-07-04,99,54.45,106.92,82.17,112.86,1.04,94.05,4,7,0,97.0
Bangalore,2022-08-04,97,53.35,104.76,80.51,110.58,1.02,92.15,4,8,0,76.0
Bangalore,2022-09-04,76,41.8,82.08,63.08,86.64,0.8,72.2,4,9,1,71.0
Bangalore,2022-10-04,71,39.05,76.68,58.93,80.94,0.75,67.45,4,10,0,73.0
Bangalore,2022-11-04,73,40.15,78.84,60.59,83.22,0.77,69.35,4,11,0,81.0
Bangalore,2022-12-04,81,44.55,87.48,67.23,92.34,0.85,76.95,4,12,1,87.0
Bangalore,2022-01-05,87,47.85,93.96,72.21,99.18,0.91,82.65,5,1,0,68.0
Bangalore,2022-02-05,68,37.4,73.44,56.44,77.52,0.71,64.6,5,2,1,77.0
Bangalore,2022-03-05,77,42.35,83.16,63.91,87.78,0.81,73.15,5,3,1,73.0
Bangalore,2022-04-05,73,40.15,78.84,60.59,83.22,0.77,69.35,5,4,0,68.0
Bangalore,2022-05-05,68,37.4,73.44,56.44,77.52,0.71,64.6,5,5,0,86.0
Bangalore,2022-06-05,86,47.3,92.88,71.38,98.04,0.9,81.7,5,6,1,77.0
Bangalore,2022-07-05,77,42.35,83.16,63.91,87.78,0.81,73.15,5,7,0,79.0
Bangalore,2022-08-05,79,43.45,85.32,65.57,90.06,0.83,75.05,5,8,0,76.0
Bangalore,2022-09-05,76,41.8,82.08,63.08,86.64,0.8,72.2,5,9,0,84.0
Bangalore,2022-10-05,84,46.2,90.72,69.72,95.76,0.88,79.8,5,10,0,74.0
Bangalore,2022-11-05,74,40.7,79.92,61.42,84.36,0.78,70.3,5,11,1,57.0
Bangalore,2022-12-05,57,31.35,61.56,47.31,64.98,0.6,54.15,5,12,0,67.0
Bangalore,2022-01-06,67,36.85,72.36,55.61,76.38,0.7,63.65,6,1,0,67.0
Bangalore,2022-02-06,67,36.85,72.36,55.61,76.38,0.7,63.65,6,2,1,79.0
Bangalore,2022-03-06,79,43.45,85.32,65.57,90.06,0.83,75.05,6,3,1,78.0
Bangalore,2022-04-06,78,42.9,84.24,64.74,88.92,0.82,74.1,6,4,0,76.0
Bangalore,2022-05-06,76,41.8,82.08,63.08,86.64,0.8,72.2,6,5,0,62.0
Bangalore,2022-06-06,62,34.1,66.96,51.46,70.68,0.65,58.9,6,6,0,62.0
Bangalore,2022-07-06,62,34.1,66.96,51.46,70.68,0.65,58.9,6,7,0,59.0
Bangalore,2022-08-06,59,32.45,63.72,48.97,67.26,0.62,56.05,6,8,1,66.0
Bangalore,2022-09-06,66,36.3,71.28,54.78,75.24,0.69,62.7,6,9,0,68.0
Bangalore,2022-10-06,68,37.4,73.44,56.44,77.52,0.71,64.6,6,10,0,68.0
Bangalore,2022-11-06,68,37.4,73.44,56.44,77.52,0.71,64.6,6,11,1,56.0
Bangalore,2022-12-06,56,30.8,60.48,46.48,63.84,0.59,53.2,6,12,0,56.0
Bangalore,2022-01-07,56,30.8,60.48,46.48,63.84,0.59,53.2,7,1,0,77.0
Bangalore,2022-02-07,77,42.35,83.16,63.91,87.78,0.81,73.15,7,2,0,79.0
Bangalore,2022-03-07,79,43.45,85.32,65.57,90.06,0.83,75.05,7,3,0,51.0
Bangalore,2022-04-07,51,28.05,55.08,42.33,58.14,0.54,48.45,7,4,0,52.0
Bangalore,2022-05-07,52,28.6,56.16,43.16,59.28,0.55,49.4,7,5,1,57.0
Bangalore,2022-06-07,57,31.35,61.56,47.31,64.98,0.6,54.15,7,6,0,53.0
Bangalore,2022-07-07,53,29.15,57.24,43.99,60.42,0.56,50.35,7,7,0,57.0
Bangalore,2022-08-07,57,31.35,61.56,47.31,64.98,0.6,54.15,7,8,1,60.0
Bangalore,2022-09-07,60,33.0,64.8,49.8,68.4,0.63,57.0,7,9,0,48.0
Bangalore,2022-10-07,48,26.4,51.84,39.84,54.72,0.5,45.6,7,10,0,56.0
Bangalore,2022-11-07,56,30.8,60.48,46.48,63.84,0.59,53.2,7,11,0,62.0
Bangalore,2022-12-07,62,34.1,66.96,51.46,70.68,0.65,58.9,7,12,0,67.0
Bangalore,2022-01-08,67,36.85,72.36,55.61,76.38,0.7,63.65,8,1,1,51.0
Bangalore,2022-02-08,51,28.05,55.08,42.33,58.14,0.54,48.45,8,2,0,50.0
Bangalore,2022-03-08,50,27.5,54.0,41.5,57.0,0.53,47.5,8,3,0,56.0
Bangalore,2022-04-08,56,30.8,60.48,46.48,63.84,0.59,53.2,8,4,0,51.0
Bangalore,2022-05-08,51,28.05,55.08,42.33,58.14,0.54,48.45,8,5,1,86.0
Bangalore,2022-06-08,86,47.3,92.88,71.38,98.04,0.9,81.7,8,6,0,43.0
Bangalore,2022-07-08,43,23.65,46.44,35.69,49.02,0.45,40.85,8,7,0,53.0
Bangalore,2022-08-08,53,29.15,57.24,43.99,60.42,0.56,50.35,8,8,0,57.0
Bangalore,2022-09-08,57,31.35,61.56,47.31,64.98,0.6,54.15,8,9,0,65.0
Bangalore,2022-10-08,65,35.75,70.2,53.95,74.1,0.68,61.75,8,10,1,65.0
Bangalore,2022-11-08,65,35.75,70.2,53.95,74.1,0.68,61.75,8,11,0,58.0
Bangalore,2022-12-08,58,31.9,62.64,48.14,66.12,0.61,55.1,8,12,0,50.0
Bangalore,2022-01-09,50,27.5,54.0,41.5,57.0,0.53,47.5,9,1,1,74.0
Bangalore,2022-02-09,74,40.7,79.92,61.42,84.36,0.78,70.3,9,2,0,70.0
Bangalore,2022-03-09,70,38.5,75.6,58.1,79.8,0.74,66.5,9,3,0,54.0
Bangalore,2022-04-09,54,29.7,58.32,44.82,61.56,0.57,51.3,9,4,1,45.0
Bangalore,2022-05-09,45,24.75,48.6,37.35,51.3,0.47,42.75,9,5,0,57.0
Bangalore,2022-06-09,57,31.35,61.56,47.31,64.98,0.6,54.15,9,6,0,44.0
Bangalore,2022-07-09,44,24.2,47.52,36.52,50.16,0.46,41.8,9,7,1,44.0
Bangalore,2022-08-09,44,24.2,47.52,36.52,50.16,0.46,41.8,9,8,0,51.0
Bangalore,2022-09-09,51,28.05,55.08,42.33,58.14,0.54,48.45,9,9,0,62.0
Bangalore,2022-10-09,62,34.1,66.96,51.46,70.68,0.65,58.9,9,10,1,48.0
Bangalore,2022-11-09,48,26.4,51.84,39.84,54.72,0.5,45.6,9,11,0,42.0
Bangalore,2022-12-09,42,23.1,45.36,34.86,47.88,0.44,39.9,9,12,0,72.0
Bangalore,2022-01-10,72,39.6,77.76,59.76,82.08,0.76,68.4,10,1,0,54.0
Bangalore,2022-02-10,54,29.7,58.32,44.82,61.56,0.57,51.3,10,2,0,132.0
Bangalore,2022-03-10,132,72.6,142.56,109.56,150.48,1.39,125.4,10,3,0,126.0
Bangalore,2022-04-10,126,69.3,136.08,104.58,143.64,1.32,119.7,10,4,1,105.0
Bangalore,2022-05-10,105,57.75,113.4,87.15,119.7,1.1,99.75,10,5,0,80.0
Bangalore,2022-06-10,80,44.0,86.4,66.4,91.2,0.84,76.0,10,6,0,109.0
Bangalore,2022-07-10,109,59.95,117.72,90.47,124.26,1.14,103.55,10,7,1,73.0
Bangalore,2022-08-10,73,40.15,78.84,60.59,83.22,0.77,69.35,10,8,0,69.0
Bangalore,2022-09-10,69,37.95,74.52,57.27,78.66,0.72,65.55,10,9,1,58.0
Bangalore,2022-10-10,58,31.9,62.64,48.14,66.12,0.61,55.1,10,10,0,50.0
Bangalore,2022-11-10,50,27.5,54.0,41.5,57.0,0.53,47.5,10,11,0,64.0
Bangalore,2022-12-10,64,35.2,69.12,53.12,72.96,0.67,60.8,10,12,1,105.0
Bangalore,2022-01-11,105,57.75,113.4,87.15,119.7,1.1,99.75,11,1,0,53.0
Bangalore,2022-02-11,53,29.15,57.24,43.99,60.42,0.56,50.35,11,2,0,54.0
Bangalore,2022-03-11,54,29.7,58.32,44.82,61.56,0.57,51.3,11,3,0,54.0
Bangalore,2022-04-11,54,29.7,58.32,44.82,61.56,0.57,51.3,11,4,0,49.0
Bangalore,2022-05-11,49,26.95,52.92,40.67,55.86,0.51,46.55,11,5,0,58.0
Bangalore,2022-06-11,58,31.9,62.64,48.14,66.12,0.61,55.1,11,6,1,119.0
Bangalore,2022-07-11,119,65.45,128.52,98.77,135.66,1.25,113.05,11,7,0,96.0
Bangalore,2022-08-11,96,52.8,103.68,79.68,109.44,1.01,91.2,11,8,0,100.0
Bangalore,2022-09-11,100,55.0,108.0,83.0,114.0,1.05,95.0,11,9,1,112.0
Bangalore,2022-10-11,112,61.6,120.96,92.96,127.68,1.18,106.4,11,10,0,111.0
Bangalore,2022-11-11,111,61.05,119.88,92.13,126.54,1.17,105.45,11,11,0,98.0
Bangalore,2022-12-11,98,53.9,105.84,81.34,111.72,1.03,93.1,11,12,1,128.0
Bangalore,2022-01-12,128,70.4,138.24,106.24,145.92,1.34,121.6,12,1,0,93.0
Bangalore,2022-02-12,93,51.15,100.44,77.19,106.02,0.98,88.35,12,2,1,68.0
Bangalore,2022-03-12,68,37.4,73.44,56.44,77.52,0.71,64.6,12,3,1,52.0
Bangalore,2022-04-12,52,28.6,56.16,43.16,59.28,0.55,49.4,12,4,0,77.0
Bangalore,2022-05-12,77,42.35,83.16,63.91,87.78,0.81,73.15,12,5,0,108.0
Bangalore,2022-06-12,108,59.4,116.64,89.64,123.12,1.13,102.6,12,6,1,124.0
Bangalore,2022-07-12,124,68.2,133.92,102.92,141.36,1.3,117.8,12,7,0,125.0
Bangalore,2022-08-12,125,68.75,135.0,103.75,142.5,1.31,118.75,12,8,0,127.0
Bangalore,2022-09-12,127,69.85,137.16,105.41,144.78,1.33,120.65,12,9,0,68.0
Bangalore,2022-10-12,68,37.4,73.44,56.44,77.52,0.71,64.6,12,10,0,24.0
Bangalore,2022-11-12,24,13.2,25.92,19.92,27.36,0.25,22.8,12,11,1,42.0
Bangalore,2022-12-12,42,23.1,45.36,34.86,47.88,0.44,39.9,12,12,0,88.0
Bangalore,2023-01-01,88,48.4,95.04,73.04,100.32,0.92,83.6,1,1,1,86.0
Bangalore,2023-02-01,86,47.3,92.88,71.38,98.04,0.9,81.7,1,2,0,82.0
Bangalore,2023-03-01,82,45.1,88.56,68.06,93.48,0.86,77.9,1,3,0,90.0
Bangalore,2023-04-01,90,49.5,97.2,74.7,102.6,0.95,85.5,1,4,1,87.0
Bangalore,2023-05-01,87,47.85,93.96,72.21,99.18,0.91,82.65,1,5,0,104.0
Bangalore,2023-06-01,104,57.2,112.32,86.32,118.56,1.09,98.8,1,6,0,91.0
Bangalore,2023-07-01,91,50.05,98.28,75.53,103.74,0.96,86.45,1,7,1,113.0
Bangalore,2023-08-01,113,62.15,122.04,93.79,128.82,1.19,107.35,1,8,0,118.0
Bangalore,2023-09-01,118,64.9,127.44,97.94,134.52,1.24,112.1,1,9,0,93.0
Bangalore,2023-10-01,93,51.15,100.44,77.19,106.02,0.98,88.35,1,10,1,102.0
Bangalore,2023-11-01,102,56.1,110.16,84.66,116.28,1.07,96.9,1,11,0,126.0
Bangalore,2023-12-01,126,69.3,136.08,104.58,143.64,1.32,119.7,1,12,0,93.0
Bangalore,2023-01-02,93,51.15,100.44,77.19,106.02,0.98,88.35,2,1,0,95.0
Bangalore,2023-02-02,95,52.25,102.6,78.85,108.3,1.0,90.25,2,2,0,86.0
Bangalore,2023-03-02,86,47.3,92.88,71.38,98.04,0.9,81.7,2,3,0,81.0
Bangalore,2023-04-02,81,44.55,87.48,67.23,92.34,0.85,76.95,2,4,1,90.0
Bangalore,2023-05-02,90,49.5,97.2,74.7,102.6,0.95,85.5,2,5,0,95.0
Bangalore,2023-06-02,95,52.25,102.6,78.85,108.3,1.0,90.25,2,6,0,150.0
Bangalore,2023-07-02,150,82.5,162.0,124.5,171.0,1.58,142.5,2,7,1,121.0
Bangalore,2023-08-02,121,66.55,130.68,100.43,137.94,1.27,114.95,2,8,0,116.0
Bangalore,2023-09-02,116,63.8,125.28,96.28,132.24,1.22,110.2,2,9,1,93.0
Bangalore,2023-10-02,93,51.15,100.44,77.19,106.02,0.98,88.35,2,10,0,95.0
Bangalore,2023-11-02,95,52.25,102.6,78.85,108.3,1.0,90.25,2,11,0,97.0
Bangalore,2023-12-02,97,53.35,104.76,80.51,110.58,1.02,92.15,2,12,1,89.0
Bangalore,2023-01-03,89,48.95,96.12,73.87,101.46,0.93,84.55,3,1,0,87.0
Bangalore,2023-02-03,87,47.85,93.96,72.21,99.18,0.91,82.65,3,2,0,101.0
Bangalore,2023-03-03,101,55.55,109.08,83.83,115.14,1.06,95.95,3,3,0,96.0
Bangalore,2023-04-03,96,52.8,103.68,79.68,109.44,1.01,91.2,3,4,0,92.0
Bangalore,2023-05-03,92,50.6,99.36,76.36,104.88,0.97,87.4,3,5,0,92.0
Bangalore,2023-06-03,92,50.6,99.36,76.36,104.88,0.97,87.4,3,6,1,84.0
Bangalore,2023-07-03,84,46.2,90.72,69.72,95.76,0.88,79.8,3,7,0,82.0
Bangalore,2023-08-03,82,45.1,88.56,68.06,93.48,0.86,77.9,3,8,0,86.0
Bangalore,2023-09-03,86,47.3,92.88,71.38,98.04,0.9,81.7,3,9,1,87.0
Bangalore,2023-10-03,87,47.85,93.96,72.21,99.18,0.91,82.65,3,10,0,88.0
Bangalore,2023-11-03,88,48.4,95.04,73.04,100.32,0.92,83.6,3,11,0,78.0
Bangalore,2023-12-03,78,42.9,84.24,64.74,88.92,0.82,74.1,3,12,1,73.0
Bangalore,2023-01-04,73,40.15,78.84,60.59,83.22,0.77,69.35,4,1,0,67.0
Bangalore,2023-02-04,67,36.85,72.36,55.61,76.38,0.7,63.65,4,2,1,80.0
Bangalore,2023-03-04,80,44.0,86.4,66.4,91.2,0.84,76.0,4,3,1,60.0
Bangalore,2023-04-04,60,33.0,64.8,49.8,68.4,0.63,57.0,4,4,0,74.0
Bangalore,2023-05-04,74,40.7,79.92,61.42,84.36,0.78,70.3,4,5,0,78.0
Bangalore,2023-06-04,78,42.9,84.24,64.74,88.92,0.82,74.1,4,6,1,76.0
Bangalore,2023-07-04,76,41.8,82.08,63.08,86.64,0.8,72.2,4,7,0,79.0
Bangalore,2023-08-04,79,43.45,85.32,65.57,90.06,0.83,75.05,4,8,0,71.0
Bangalore,2023-09-04,71,39.05,76.68,58.93,80.94,0.75,67.45,4,9,0,59.0
Bangalore,2023-10-04,59,32.45,63.72,48.97,67.26,0.62,56.05,4,10,0,66.0
Bangalore,2023-11-04,66,36.3,71.28,54.78,75.24,0.69,62.7,4,11,1,79.0
Bangalore,2023-12-04,79,43.45,85.32,65.57,90.06,0.83,75.05,4,12,0,51.0
Bangalore,2023-01-05,51,28.05,55.08,42.33,58.14,0.54,48.45,5,1,0,59.0
Bangalore,2023-02-05,59,32.45,63.72,48.97,67.26,0.62,56.05,5,2,1,60.0
Bangalore,2023-03-05,60,33.0,64.8,49.8,68.4,0.63,57.0,5,3,1,63.0
Bangalore,2023-04-05,63,34.65,68.04,52.29,71.82,0.66,59.85,5,4,0,52.0
Bangalore,2023-05-05,52,28.6,56.16,43.16,59.28,0.55,49.4,5,5,0,51.0
Bangalore,2023-06-05,51,28.05,55.08,42.33,58.14,0.54,48.45,5,6,0,51.0
Bangalore,2023-07-05,51,28.05,55.08,42.33,58.14,0.54,48.45,5,7,0,54.0
Bangalore,2023-08-05,54,29.7,58.32,44.82,61.56,0.57,51.3,5,8,1,51.0
Bangalore,2023-09-05,51,28.05,55.08,42.33,58.14,0.54,48.45,5,9,0,54.0
Bangalore,2023-10-05,54,29.7,58.32,44.82,61.56,0.57,51.3,5,10,0,74.0
Bangalore,2023-11-05,74,40.7,79.92,61.42,84.36,0.78,70.3,5,11,1,61.0
Bangalore,2023-12-05,61,33.55,65.88,50.63,69.54,0.64,57.95,5,12,0,53.0
Bangalore,2023-01-06,53,29.15,57.24,43.99,60.42,0.56,50.35,6,1,0,60.0
Bangalore,2023-02-06,60,33.0,64.8,49.8,68.4,0.63,57.0,6,2,0,73.0
Bangalore,2023-03-06,73,40.15,78.84,60.59,83.22,0.77,69.35,6,3,0,71.0
Bangalore,2023-04-06,71,39.05,76.68,58.93,80.94,0.75,67.45,6,4,0,66.0
Bangalore,2023-05-06,66,36.3,71.28,54.78,75.24,0.69,62.7,6,5,1,65.0
Bangalore,2023-06-06,65,35.75,70.2,53.95,74.1,0.68,61.75,6,6,0,59.0
Bangalore,2023-07-06,59,32.45,63.72,48.97,67.26,0.62,56.05,6,7,0,49.0
Bangalore,2023-08-06,49,26.95,52.92,40.67,55.86,0.51,46.55,6,8,1,46.0
Bangalore,2023-09-06,46,25.3,49.68,38.18,52.44,0.48,43.7,6,9,0,53.0
Bangalore,2023-10-06,53,29.15,57.24,43.99,60.42,0.56,50.35,6,10,0,43.0
Bangalore,2023-11-06,43,23.65,46.44,35.69,49.02,0.45,40.85,6,11,0,39.0
Bangalore,2023-12-06,39,21.45,42.12,32.37,44.46,0.41,37.05,6,12,0,43.0
Bangalore,2023-01-07,43,23.65,46.44,35.69,49.02,0.45,40.85,7,1,1,50.0
Bangalore,2023-02-07,50,27.5,54.0,41.5,57.0,0.53,47.5,7,2,0,44.0
Bangalore,2023-03-07,44,24.2,47.52,36.52,50.16,0.46,41.8,7,3,0,34.0
Bangalore,2023-04-07,34,18.7,36.72,28.22,38.76,0.36,32.3,7,4,0,36.0
Bangalore,2023-05-07,36,19.8,38.88,29.88,41.04,0.38,34.2,7,5,1,37.0
Bangalore,2023-06-07,37,20.35,39.96,30.71,42.18,0.39,35.15,7,6,0,39.0
Bangalore,2023-07-07,39,21.45,42.12,32.37,44.46,0.41,37.05,7,7,0,38.0
Bangalore,2023-08-07,38,20.9,41.04,31.54,43.32,0.4,36.1,7,8,0,39.0
Bangalore,2023-09-07,39,21.45,42.12,32.37,44.46,0.41,37.05,7,9,0,40.0
Bangalore,2023-10-07,40,22.0,43.2,33.2,45.6,0.42,38.0,7,10,1,52.0
Bangalore,2023-11-07,52,28.6,56.16,43.16,59.28,0.55,49.4,7,11,0,49.0
Bangalore,2023-12-07,49,26.95,52.92,40.67,55.86,0.51,46.55,7,12,0,67.0
Bangalore,2023-01-08,67,36.85,72.36,55.61,76.38,0.7,63.65,8,1,1,68.0
Bangalore,2023-02-08,68,37.4,73.44,56.44,77.52,0.71,64.6,8,2,0,64.0
Bangalore,2023-03-08,64,35.2,69.12,53.12,72.96,0.67,60.8,8,3,0,54.0
Bangalore,2023-04-08,54,29.7,58.32,44.82,61.56,0.57,51.3,8,4,1,58.0
Bangalore,2023-05-08,58,31.9,62.64,48.14,66.12,0.61,55.1,8,5,0,42.0
Bangalore,2023-06-08,42,23.1,45.36,34.86,47.88,0.44,39.9,8,6,0,50.0
Bangalore,2023-07-08,50,27.5,54.0,41.5,57.0,0.53,47.5,8,7,1,64.0
Bangalore,2023-08-08,64,35.2,69.12,53.12,72.96,0.67,60.8,8,8,0,60.0
Bangalore,2023-09-08,60,33.0,64.8,49.8,68.4,0.63,57.0,8,9,0,65.0
Bangalore,2023-10-08,65,35.75,70.2,53.95,74.1,0.68,61.75,8,10,1,64.0
Bangalore,2023-11-08,64,35.2,69.12,53.12,72.96,0.67,60.8,8,11,0,74.0
Bangalore,2023-12-08,74,40.7,79.92,61.42,84.36,0.78,70.3,8,12,0,57.0
Bangalore,2023-01-09,57,31.35,61.56,47.31,64.98,0.6,54.15,9,1,0,51.0
Bangalore,2023-02-09,51,28.05,55.08,42.33,58.14,0.54,48.45,9,2,0,51.0
Bangalore,2023-03-09,51,28.05,55.08,42.33,58.14,0.54,48.45,9,3,0,68.0
Bangalore,2023-04-09,68,37.4,73.44,56.44,77.52,0.71,64.6,9,4,1,52.0
Bangalore,2023-05-09,52,28.6,56.16,43.16,59.28,0.55,49.4,9,5,0,34.0
Bangalore,2023-06-09,34,18.7,36.72,28.22,38.76,0.36,32.3,9,6,0,40.0
Bangalore,2023-07-09,40,22.0,43.2,33.2,45.6,0.42,38.0,9,7,1,48.0
Bangalore,2023-08-09,48,26.4,51.84,39.84,54.72,0.5,45.6,9,8,0,48.0
Bangalore,2023-09-09,48,26.4,51.84,39.84,54.72,0.5,45.6,9,9,1,50.0
Bangalore,2023-10-09,50,27.5,54.0,41.5,57.0,0.53,47.5,9,10,0,49.0
Bangalore,2023-11-09,49,26.95,52.92,40.67,55.86,0.51,46.55,9,11,0,49.0
Bangalore,2023-12-09,49,26.95,52.92,40.67,55.86,0.51,46.55,9,12,1,39.0
Bangalore,2023-01-10,39,21.45,42.12,32.37,44.46,0.41,37.05,10,1,0,52.0
Bangalore,2023-02-10,52,28.6,56.16,43.16,59.28,0.55,49.4,10,2,0,94.0
Bangalore,2023-03-10,94,51.7,101.52,78.02,107.16,0.99,89.3,10,3,0,88.0
Bangalore,2023-04-10,88,48.4,95.04,73.04,100.32,0.92,83.6,10,4,0,85.0
Bangalore,2023-05-10,85,46.75,91.8,70.55,96.9,0.89,80.75,10,5,0,91.0
Bangalore,2023-06-10,91,50.05,98.28,75.53,103.74,0.96,86.45,10,6,1,95.0
Bangalore,2023-07-10,95,52.25,102.6,78.85,108.3,1.0,90.25,10,7,0,88.0
Bangalore,2023-08-10,88,48.4,95.04,73.04,100.32,0.92,83.6,10,8,0,67.0
Bangalore,2023-09-10,67,36.85,72.36,55.61,76.38,0.7,63.65,10,9,1,69.0
Bangalore,2023-10-10,69,37.95,74.52,57.27,78.66,0.72,65.55,10,10,0,77.0
Bangalore,2023-11-10,77,42.35,83.16,63.91,87.78,0.81,73.15,10,11,0,99.0
Bangalore,2023-12-10,99,54.45,106.92,82.17,112.86,1.04,94.05,10,12,1,81.0
Bangalore,2023-01-11,81,44.55,87.48,67.23,92.34,0.85,76.95,11,1,0,67.0
Bangalore,2023-02-11,67,36.85,72.36,55.61,76.38,0.7,63.65,11,2,1,46.0
Bangalore,2023-03-11,46,25.3,49.68,38.18,52.44,0.48,43.7,11,3,1,46.0
Bangalore,2023-04-11,46,25.3,49.68,38.18,52.44,0.48,43.7,11,4,0,43.0
Bangalore,2023-05-11,43,23.65,46.44,35.69,49.02,0.45,40.85,11,5,0,53.0
Bangalore,2023-06-11,53,29.15,57.24,43.99,60.42,0.56,50.35,11,6,1,49.0
Bangalore,2023-07-11,49,26.95,52.92,40.67,55.86,0.51,46.55,11,7,0,43.0
Bangalore,2023-08-11,43,23.65,46.44,35.69,49.02,0.45,40.85,11,8,0,62.0
Bangalore,2023-09-11,62,34.1,66.96,51.46,70.68,0.65,58.9,11,9,0,79.0
Bangalore,2023-10-11,79,43.45,85.32,65.57,90.06,0.83,75.05,11,10,0,90.0
Bangalore,2023-11-11,90,49.5,97.2,74.7,102.6,0.95,85.5,11,11,1,88.0
Bangalore,2023-12-11,88,48.4,95.04,73.04,100.32,0.92,83.6,11,12,0,51.0
Bangalore,2023-01-12,51,28.05,55.08,42.33,58.14,0.54,48.45,12,1,0,76.0
Bangalore,2023-02-12,76,41.8,82.08,63.08,86.64,0.8,72.2,12,2,1,61.0
Bangalore,2023-03-12,61,33.55,65.88,50.63,69.54,0.64,57.95,12,3,1,74.0
Bangalore,2023-04-12,74,40.7,79.92,61.42,84.36,0.78,70.3,12,4,0,75.0
Bangalore,2023-05-12,75,41.25,81.0,62.25,85.5,0.79,71.25,12,5,0,113.0
Bangalore,2023-06-12,113,62.15,122.04,93.79,128.82,1.19,107.35,12,6,0,102.0
Bangalore,2023-07-12,102,56.1,110.16,84.66,116.28,1.07,96.9,12,7,0,97.0
Bangalore,2023-08-12,97,53.35,104.76,80.51,110.58,1.02,92.15,12,8,1,79.0
Bangalore,2023-09-12,79,43.45,85.32,65.57,90.06,0.83,75.05,12,9,0,84.0
Bangalore,2023-10-12,84,46.2,90.72,69.72,95.76,0.88,79.8,12,10,0,79.0
Bangalore,2023-11-12,79,43.45,85.32,65.57,90.06,0.83,75.05,12,11,1,90.0
Bangalore,2023-12-12,90,49.5,97.2,74.7,102.6,0.95,85.5,12,12,0,91.0
Bangalore,2024-01-01,91,50.05,98.28,75.53,103.74,0.96,86.45,1,1,0,93.0
Bangalore,2024-02-01,93,51.15,100.44,77.19,106.02,0.98,88.35,1,2,0,96.0
Bangalore,2024-03-01,96,52.8,103.68,79.68,109.44,1.01,91.2,1,3,0,98.0
Bangalore,2024-04-01,98,53.9,105.84,81.34,111.72,1.03,93.1,1,4,0,93.0
Bangalore,2024-05-01,93,51.15,100.44,77.19,106.02,0.98,88.35,1,5,0,88.0
Bangalore,2024-06-01,88,48.4,95.04,73.04,100.32,0.92,83.6,1,6,1,76.0
Bangalore,2024-07-01,76,41.8,82.08,63.08,86.64,0.8,72.2,1,7,0,65.0
Bangalore,2024-08-01,65,35.75,70.2,53.95,74.1,0.68,61.75,1,8,0,73.0
Bangalore,2024-09-01,73,40.15,78.84,60.59,83.22,0.77,69.35,1,9,1,122.0
Bangalore,2024-10-01,122,67.1,131.76,101.26,139.08,1.28,115.9,1,10,0,92.0
Bangalore,2024-11-01,92,50.6,99.36,76.36,104.88,0.97,87.4,1,11,0,88.0
Bangalore,2024-12-01,88,48.4,95.04,73.04,100.32,0.92,83.6,1,12,1,106.0
Bangalore,2024-01-02,106,58.3,114.48,87.98,120.84,1.11,100.7,2,1,0,108.0
Bangalore,2024-02-02,108,59.4,116.64,89.64,123.12,1.13,102.6,2,2,0,108.0
Bangalore,2024-03-02,108,59.4,116.64,89.64,123.12,1.13,102.6,2,3,1,95.0
Bangalore,2024-04-02,95,52.25,102.6,78.85,108.3,1.0,90.25,2,4,0,93.0
Bangalore,2024-05-02,93,51.15,100.44,77.19,106.02,0.98,88.35,2,5,0,97.0
Bangalore,2024-06-02,97,53.35,104.76,80.51,110.58,1.02,92.15,2,6,1,99.0
Bangalore,2024-07-02,99,54.45,106.92,82.17,112.86,1.04,94.05,2,7,0,97.0
Bangalore,2024-08-02,97,53.35,104.76,80.51,110.58,1.02,92.15,2,8,0,95.0
Bangalore,2024-09-02,95,52.25,102.6,78.85,108.3,1.0,90.25,2,9,0,97.0
Bangalore,2024-10-02,97,53.35,104.76,80.51,110.58,1.02,92.15,2,10,0,92.0
Bangalore,2024-11-02,92,50.6,99.36,76.36,104.88,0.97,87.4,2,11,1,98.0
Bangalore,2024-12-02,98,53.9,105.84,81.34,111.72,1.03,93.1,2,12,0,77.0
Bangalore,2024-01-03,77,42.35,83.16,63.91,87.78,0.81,73.15,3,1,0,83.0
Bangalore,2024-02-03,83,45.65,89.64,68.89,94.62,0.87,78.85,3,2,1,109.0
Bangalore,2024-03-03,109,59.95,117.72,90.47,124.26,1.14,103.55,3,3,1,97.0
Bangalore,2024-04-03,97,53.35,104.76,80.51,110.58,1.02,92.15,3,4,0,118.0
Bangalore,2024-05-03,118,64.9,127.44,97.94,134.52,1.24,112.1,3,5,0,101.0
Bangalore,2024-06-03,101,55.55,109.08,83.83,115.14,1.06,95.95,3,6,0,128.0
Bangalore,2024-07-03,128,70.4,138.24,106.24,145.92,1.34,121.6,3,7,0,140.0
Bangalore,2024-08-03,140,77.0,151.2,116.2,159.6,1.47,133.0,3,8,1,121.0
Bangalore,2024-09-03,121,66.55,130.68,100.43,137.94,1.27,114.95,3,9,0,133.0
Bangalore,2024-10-03,133,73.15,143.64,110.39,151.62,1.4,126.35,3,10,0,119.0
Bangalore,2024-11-03,119,65.45,128.52,98.77,135.66,1.25,113.05,3,11,1,121.0
Bangalore,2024-12-03,121,66.55,130.68,100.43,137.94,1.27,114.95,3,12,0,87.0
Bangalore,2024-01-04,87,47.85,93.96,72.21,99.18,0.91,82.65,4,1,0,95.0
Bangalore,2024-02-04,95,52.25,102.6,78.85,108.3,1.0,90.25,4,2,1,81.0
Bangalore,2024-03-04,81,44.55,87.48,67.23,92.34,0.85,76.95,4,3,0,78.0
Bangalore,2024-04-04,78,42.9,84.24,64.74,88.92,0.82,74.1,4,4,0,76.0
Bangalore,2024-05-04,76,41.8,82.08,63.08,86.64,0.8,72.2,4,5,1,90.0
Bangalore,2024-06-04,90,49.5,97.2,74.7,102.6,0.95,85.5,4,6,0,82.0
Bangalore,2024-07-04,82,45.1,88.56,68.06,93.48,0.86,77.9,4,7,0,79.0
Bangalore,2024-08-04,79,43.45,85.32,65.57,90.06,0.83,75.05,4,8,1,79.0
Bangalore,2024-09-04,79,43.45,85.32,65.57,90.06,0.83,75.05,4,9,0,86.0
Bangalore,2024-10-04,86,47.3,92.88,71.38,98.04,0.9,81.7,4,10,0,62.0
Bangalore,2024-11-04,62,34.1,66.96,51.46,70.68,0.65,58.9,4,11,0,62.0
Bangalore,2024-12-04,62,34.1,66.96,51.46,70.68,0.65,58.9,4,12,0,83.0
Bangalore,2024-01-05,83,45.65,89.64,68.89,94.62,0.87,78.85,5,1,0,95.0
Bangalore,2024-02-05,95,52.25,102.6,78.85,108.3,1.0,90.25,5,2,0,94.0
Bangalore,2024-03-05,94,51.7,101.52,78.02,107.16,0.99,89.3,5,3,0,60.0
Bangalore,2024-04-05,60,33.0,64.8,49.8,68.4,0.63,57.0,5,4,0,94.0
Bangalore,2024-05-05,94,51.7,101.52,78.02,107.16,0.99,89.3,5,5,1,84.0
Bangalore,2024-06-05,84,46.2,90.72,69.72,95.76,0.88,79.8,5,6,0,65.0
Bangalore,2024-07-05,65,35.75,70.2,53.95,74.1,0.68,61.75,5,7,0,65.0
Bangalore,2024-08-05,65,35.75,70.2,53.95,74.1,0.68,61.75,5,8,0,79.0
Bangalore,2024-09-05,79,43.45,85.32,65.57,90.06,0.83,75.05,5,9,0,71.0
Bangalore,2024-10-05,71,39.05,76.68,58.93,80.94,0.75,67.45,5,10,1,60.0
Bangalore,2024-11-05,60,33.0,64.8,49.8,68.4,0.63,57.0,5,11,0,68.0
Bangalore,2024-12-05,68,37.4,73.44,56.44,77.52,0.71,64.6,5,12,0,73.0
Bangalore,2024-01-06,73,40.15,78.84,60.59,83.22,0.77,69.35,6,1,1,46.0
Bangalore,2024-02-06,46,25.3,49.68,38.18,52.44,0.48,43.7,6,2,0,49.0
Bangalore,2024-03-06,49,26.95,52.92,40.67,55.86,0.51,46.55,6,3,0,54.0
Bangalore,2024-04-06,54,29.7,58.32,44.82,61.56,0.57,51.3,6,4,1,46.0
Bangalore,2024-05-06,46,25.3,49.68,38.18,52.44,0.48,43.7,6,5,0,50.0
Bangalore,2024-06-06,50,27.5,54.0,41.5,57.0,0.53,47.5,6,6,0,39.0
Bangalore,2024-07-06,39,21.45,42.12,32.37,44.46,0.41,37.05,6,7,1,45.0
Bangalore,2024-08-06,45,24.75,48.6,37.35,51.3,0.47,42.75,6,8,0,46.0
Bangalore,2024-09-06,46,25.3,49.68,38.18,52.44,0.48,43.7,6,9,0,44.0
Bangalore,2024-10-06,44,24.2,47.52,36.52,50.16,0.46,41.8,6,10,1,45.0
Bangalore,2024-11-06,45,24.75,48.6,37.35,51.3,0.47,42.75,6,11,0,45.0
Bangalore,2024-12-06,45,24.75,48.6,37.35,51.3,0.47,42.75,6,12,0,44.0
Bangalore,2024-01-07,44,24.2,47.52,36.52,50.16,0.46,41.8,7,1,1,47.0
Bangalore,2024-02-07,47,25.85,50.76,39.01,53.58,0.49,44.65,7,2,0,52.0
Bangalore,2024-03-07,52,28.6,56.16,43.16,59.28,0.55,49.4,7,3,0,50.0
Bangalore,2024-04-07,50,27.5,54.0,41.5,57.0,0.53,47.5,7,4,1,54.0
Bangalore,2024-05-07,54,29.7,58.32,44.82,61.56,0.57,51.3,7,5,0,52.0
Bangalore,2024-06-07,52,28.6,56.16,43.16,59.28,0.55,49.4,7,6,0,61.0
Bangalore,2024-07-07,61,33.55,65.88,50.63,69.54,0.64,57.95,7,7,1,49.0
Bangalore,2024-08-07,49,26.95,52.92,40.67,55.86,0.51,46.55,7,8,0,50.0
Bangalore,2024-09-07,50,27.5,54.0,41.5,57.0,0.53,47.5,7,9,1,57.0
Bangalore,2024-10-07,57,31.35,61.56,47.31,64.98,0.6,54.15,7,10,0,56.0
Bangalore,2024-11-07,56,30.8,60.48,46.48,63.84,0.59,53.2,7,11,0,57.0
Bangalore,2024-12-07,57,31.35,61.56,47.31,64.98,0.6,54.15,7,12,1,50.0
Bangalore,2024-01-08,50,27.5,54.0,41.5,57.0,0.53,47.5,8,1,0,48.0
Bangalore,2024-02-08,48,26.4,51.84,39.84,54.72,0.5,45.6,8,2,0,50.0
Bangalore,2024-03-08,50,27.5,54.0,41.5,57.0,0.53,47.5,8,3,0,52.0
Bangalore,2024-04-08,52,28.6,56.16,43.16,59.28,0.55,49.4,8,4,0,55.0
Bangalore,2024-05-08,55,30.25,59.4,45.65,62.7,0.58,52.25,8,5,0,45.0
Bangalore,2024-06-08,45,24.75,48.6,37.35,51.3,0.47,42.75,8,6,1,45.0
Bangalore,2024-07-08,45,24.75,48.6,37.35,51.3,0.47,42.75,8,7,0,58.0
Bangalore,2024-08-08,58,31.9,62.64,48.14,66.12,0.61,55.1,8,8,0,55.0
Bangalore,2024-09-08,55,30.25,59.4,45.65,62.7,0.58,52.25,8,9,1,60.0
Bangalore,2024-10-08,60,33.0,64.8,49.8,68.4,0.63,57.0,8,10,0,56.0
Bangalore,2024-11-08,56,30.8,60.48,46.48,63.84,0.59,53.2,8,11,0,56.0
Bangalore,2024-12-08,56,30.8,60.48,46.48,63.84,0.59,53.2,8,12,1,52.0
Bangalore,2024-01-09,52,28.6,56.16,43.16,59.28,0.55,49.4,9,1,0,51.0
Bangalore,2024-02-09,51,28.05,55.08,42.33,58.14,0.54,48.45,9,2,0,56.0
Bangalore,2024-03-09,56,30.8,60.48,46.48,63.84,0.59,53.2,9,3,1,64.0
Bangalore,2024-04-09,64,35.2,69.12,53.12,72.96,0.67,60.8,9,4,0,61.0
Bangalore,2024-05-09,61,33.55,65.88,50.63,69.54,0.64,57.95,9,5,0,57.0
Bangalore,2024-06-09,57,31.35,61.56,47.31,64.98,0.6,54.15,9,6,1,60.0
Bangalore,2024-07-09,60,33.0,64.8,49.8,68.4,0.63,57.0,9,7,0,48.0
Bangalore,2024-08-09,48,26.4,51.84,39.84,54.72,0.5,45.6,9,8,0,46.0
Bangalore,2024-09-09,46,25.3,49.68,38.18,52.44,0.48,43.7,9,9,0,54.0
Bangalore,2024-10-09,54,29.7,58.32,44.82,61.56,0.57,51.3,9,10,0,53.0
Bangalore,2024-11-09,53,29.15,57.24,43.99,60.42,0.56,50.35,9,11,1,60.0
Bangalore,2024-12-09,60,33.0,64.8,49.8,68.4,0.63,57.0,9,12,0,70.0
Bangalore,2024-01-10,70,38.5,75.6,58.1,79.8,0.74,66.5,10,1,0,69.0
Bangalore,2024-02-10,69,37.95,74.52,57.27,78.66,0.72,65.55,10,2,1,48.0
Bangalore,2024-03-10,48,26.4,51.84,39.84,54.72,0.5,45.6,10,3,1,68.0
Bangalore,2024-04-10,68,37.4,73.44,56.44,77.52,0.71,64.6,10,4,0,54.0
Bangalore,2024-05-10,54,29.7,58.32,44.82,61.56,0.57,51.3,10,5,0,56.0
Bangalore,2024-06-10,56,30.8,60.48,46.48,63.84,0.59,53.2,10,6,0,100.0
Bangalore,2024-07-10,100,55.0,108.0,83.0,114.0,1.05,95.0,10,7,0,69.0
Bangalore,2024-08-10,69,37.95,74.52,57.27,78.66,0.72,65.55,10,8,1,65.0
Bangalore,2024-09-10,65,35.75,70.2,53.95,74.1,0.68,61.75,10,9,0,60.0
Bangalore,2024-10-10,60,33.0,64.8,49.8,68.4,0.63,57.0,10,10,0,55.0
Bangalore,2024-11-10,55,30.25,59.4,45.65,62.7,0.58,52.25,10,11,1,53.0
Bangalore,2024-12-10,53,29.15,57.24,43.99,60.42,0.56,50.35,10,12,0,135.0
Bangalore,2024-01-11,135,74.25,145.8,112.05,153.9,1.42,128.25,11,1,0,122.0
Bangalore,2024-02-11,122,67.1,131.76,101.26,139.08,1.28,115.9,11,2,1,75.0
Bangalore,2024-03-11,75,41.25,81.0,62.25,85.5,0.79,71.25,11,3,0,69.0
Bangalore,2024-04-11,69,37.95,74.52,57.27,78.66,0.72,65.55,11,4,0,71.0
Bangalore,2024-05-11,71,39.05,76.68,58.93,80.94,0.75,67.45,11,5,1,110.0
Bangalore,2024-06-11,110,60.5,118.8,91.3,125.4,1.16,104.5,11,6,0,101.0
Bangalore,2024-07-11,101,55.55,109.08,83.83,115.14,1.06,95.95,11,7,0,68.0
Bangalore,2024-08-11,68,37.4,73.44,56.44,77.52,0.71,64.6,11,8,1,62.0
Bangalore,2024-09-11,62,34.1,66.96,51.46,70.68,0.65,58.9,11,9,0,72.0
Bangalore,2024-10-11,72,39.6,77.76,59.76,82.08,0.76,68.4,11,10,0,85.0
Bangalore,2024-11-11,85,46.75,91.8,70.55,96.9,0.89,80.75,11,11,0,99.0
Bangalore,2024-12-11,99,54.45,106.92,82.17,112.86,1.04,94.05,11,12,0,59.0
Bangalore,2024-01-12,59,32.45,63.72,48.97,67.26,0.62,56.05,12,1,0,53.0
Bangalore,2024-02-12,53,29.15,57.24,43.99,60.42,0.56,50.35,12,2,0,50.0
Bangalore,2024-03-12,50,27.5,54.0,41.5,57.0,0.53,47.5,12,3,0,54.0
Bangalore,2024-04-12,54,29.7,58.32,44.82,61.56,0.57,51.3,12,4,0,60.0
Bangalore,2024-05-12,60,33.0,64.8,49.8,68.4,0.63,57.0,12,5,1,66.0
Bangalore,2024-06-12,66,36.3,71.28,54.78,75.24,0.69,62.7,12,6,0,76.0
Bangalore,2024-07-12,76,41.8,82.08,63.08,86.64,0.8,72.2,12,7,0,58.0
Bangalore,2024-08-12,58,31.9,62.64,48.14,66.12,0.61,55.1,12,8,0,66.0
Bangalore,2024-09-12,66,36.3,71.28,54.78,75.24,0.69,62.7,12,9,0,93.0
Bangalore,2024-10-12,93,51.15,100.44,77.19,106.02,0.98,88.35,12,10,1,90.0
Bangalore,2024-11-12,90,49.5,97.2,74.7,102.6,0.95,85.5,12,11,0,86.0
Bangalore,2024-12-12,86,47.3,92.88,71.38,98.04,0.9,81.7,12,12,0,68.0
Bangalore,2018-01-01,68,37.4,73.44,56.44,77.52,0.71,64.6,1,1,0,76.0
Bangalore,2018-02-01,76,41.8,82.08,63.08,86.64,0.8,72.2,1,2,0,70.0
Bangalore,2018-03-01,70,38.5,75.6,58.1,79.8,0.74,66.5,1,3,0,78.0
Bangalore,2018-04-01,78,42.9,84.24,64.74,88.92,0.82,74.1,1,4,1,82.0
Bangalore,2018-05-01,82,45.1,88.56,68.06,93.48,0.86,77.9,1,5,0,90.0
Bangalore,2018-06-01,90,49.5,97.2,74.7,102.6,0.95,85.5,1,6,0,91.0
Bangalore,2018-07-01,91,50.05,98.28,75.53,103.74,0.96,86.45,1,7,1,82.0
Bangalore,2018-08-01,82,45.1,88.56,68.06,93.48,0.86,77.9,1,8,0,76.0
Bangalore,2018-09-01,76,41.8,82.08,63.08,86.64,0.8,72.2,1,9,1,76.0
Bangalore,2018-10-01,76,41.8,82.08,63.08,86.64,0.8,72.2,1,10,0,75.0
Bangalore,2018-11-01,75,41.25,81.0,62.25,85.5,0.79,71.25,1,11,0,81.0
Bangalore,2018-12-01,81,44.55,87.48,67.23,92.34,0.85,76.95,1,12,1,89.0
Bangalore,2018-01-02,89,48.95,96.12,73.87,101.46,0.93,84.55,2,1,0,89.0
Bangalore,2018-02-02,89,48.95,96.12,73.87,101.46,0.93,84.55,2,2,0,78.0
Bangalore,2018-03-02,78,42.9,84.24,64.74,88.92,0.82,74.1,2,3,0,80.0
Bangalore,2018-04-02,80,44.0,86.4,66.4,91.2,0.84,76.0,2,4,0,69.0
Bangalore,2018-05-02,69,37.95,74.52,57.27,78.66,0.72,65.55,2,5,0,82.0
Bangalore,2018-06-02,82,45.1,88.56,68.06,93.48,0.86,77.9,2,6,1,74.0
Bangalore,2018-07-02,74,40.7,79.92,61.42,84.36,0.78,70.3,2,7,0,68.0
Bangalore,2018-08-02,68,37.4,73.44,56.44,77.52,0.71,64.6,2,8,0,92.0
Bangalore,2018-09-02,92,50.6,99.36,76.36,104.88,0.97,87.4,2,9,1,84.0
Bangalore,2018-10-02,84,46.2,90.72,69.72,95.76,0.88,79.8,2,10,0,88.0
Bangalore,2018-11-02,88,48.4,95.04,73.04,100.32,0.92,83.6,2,11,0,72.0
Bangalore,2018-12-02,72,39.6,77.76,59.76,82.08,0.76,68.4,2,12,1,72.0
Bangalore,2018-01-03,72,39.6,77.76,59.76,82.08,0.76,68.4,3,1,0,88.0
Bangalore,2018-02-03,88,48.4,95.04,73.04,100.32,0.92,83.6,3,2,1,84.0
Bangalore,2018-03-03,84,46.2,90.72,69.72,95.76,0.88,79.8,3,3,1,86.0
Bangalore,2018-04-03,86,47.3,92.88,71.38,98.04,0.9,81.7,3,4,0,111.0
Bangalore,2018-05-03,111,61.05,119.88,92.13,126.54,1.17,105.45,3,5,0,89.0
Bangalore,2018-06-03,89,48.95,96.12,73.87,101.46,0.93,84.55,3,6,1,91.0
Bangalore,2018-07-03,91,50.05,98.28,75.53,103.74,0.96,86.45,3,7,0,103.0
Bangalore,2018-08-03,103,56.65,111.24,85.49,117.42,1.08,97.85,3,8,0,122.0
Bangalore,2018-09-03,122,67.1,131.76,101.26,139.08,1.28,115.9,3,9,0,127.0
Bangalore,2018-10-03,127,69.85,137.16,105.41,144.78,1.33,120.65,3,10,0,119.0
Bangalore,2018-11-03,119,65.45,128.52,98.77,135.66,1.25,113.05,3,11,1,94.0
Bangalore,2018-12-03,94,51.7,101.52,78.02,107.16,0.99,89.3,3,12,0,112.0
Bangalore,2018-01-04,112,61.6,120.96,92.96,127.68,1.18,106.4,4,1,0,92.0
Bangalore,2018-02-04,92,50.6,99.36,76.36,104.88,0.97,87.4,4,2,1,97.0
Bangalore,2018-03-04,97,53.35,104.76,80.51,110.58,1.02,92.15,4,3,1,106.0
Bangalore,2018-04-04,106,58.3,114.48,87.98,120.84,1.11,100.7,4,4,0,118.0
Bangalore,2018-05-04,118,64.9,127.44,97.94,134.52,1.24,112.1,4,5,0,116.0
Bangalore,2018-06-04,116,63.8,125.28,96.28,132.24,1.22,110.2,4,6,0,128.0
Bangalore,2018-07-04,128,70.4,138.24,106.24,145.92,1.34,121.6,4,7,0,108.0
Bangalore,2018-08-04,108,59.4,116.64,89.64,123.12,1.13,102.6,4,8,1,57.0
Bangalore,2018-09-04,57,31.35,61.56,47.31,64.98,0.6,54.15,4,9,0,66.0
Bangalore,2018-10-04,66,36.3,71.28,54.78,75.24,0.69,62.7,4,10,0,81.0
Bangalore,2018-11-04,81,44.55,87.48,67.23,92.34,0.85,76.95,4,11,1,90.0
Bangalore,2018-12-04,90,49.5,97.2,74.7,102.6,0.95,85.5,4,12,0,108.0
Bangalore,2018-01-05,108,59.4,116.64,89.64,123.12,1.13,102.6,5,1,0,87.0
Bangalore,2018-02-05,87,47.85,93.96,72.21,99.18,0.91,82.65,5,2,0,85.0
Bangalore,2018-03-05,85,46.75,91.8,70.55,96.9,0.89,80.75,5,3,0,96.0
Bangalore,2018-04-05,96,52.8,103.68,79.68,109.44,1.01,91.2,5,4,0,115.0
Bangalore,2018-05-05,115,63.25,124.2,95.45,131.1,1.21,109.25,5,5,1,84.0
Bangalore,2018-06-05,84,46.2,90.72,69.72,95.76,0.88,79.8,5,6,0,108.0
Bangalore,2018-07-05,108,59.4,116.64,89.64,123.12,1.13,102.6,5,7,0,110.0
Bangalore,2018-08-05,110,60.5,118.8,91.3,125.4,1.16,104.5,5,8,1,67.0
Bangalore,2018-09-05,67,36.85,72.36,55.61,76.38,0.7,63.65,5,9,0,64.0
Bangalore,2018-10-05,64,35.2,69.12,53.12,72.96,0.67,60.8,5,10,0,53.0
Bangalore,2018-11-05,53,29.15,57.24,43.99,60.42,0.56,50.35,5,11,0,65.0
Bangalore,2018-12-05,65,35.75,70.2,53.95,74.1,0.68,61.75,5,12,0,70.0
Bangalore,2018-01-06,70,38.5,75.6,58.1,79.8,0.74,66.5,6,1,1,79.0
Bangalore,2018-02-06,79,43.45,85.32,65.57,90.06,0.83,75.05,6,2,0,78.0
Bangalore,2018-03-06,78,42.9,84.24,64.74,88.92,0.82,74.1,6,3,0,59.0
Bangalore,2018-04-06,59,32.45,63.72,48.97,67.26,0.62,56.05,6,4,0,56.0
Bangalore,2018-05-06,56,30.8,60.48,46.48,63.84,0.59,53.2,6,5,1,57.0
Bangalore,2018-06-06,57,31.35,61.56,47.31,64.98,0.6,54.15,6,6,0,64.0
Bangalore,2018-07-06,64,35.2,69.12,53.12,72.96,0.67,60.8,6,7,0,55.0
Bangalore,2018-08-06,55,30.25,59.4,45.65,62.7,0.58,52.25,6,8,0,58.0
Bangalore,2018-09-06,58,31.9,62.64,48.14,66.12,0.61,55.1,6,9,0,53.0
Bangalore,2018-10-06,53,29.15,57.24,43.99,60.42,0.56,50.35,6,10,1,88.0
Bangalore,2018-11-06,88,48.4,95.04,73.04,100.32,0.92,83.6,6,11,0,57.0
Bangalore,2018-12-06,57,31.35,61.56,47.31,64.98,0.6,54.15,6,12,0,52.0
Bangalore,2018-01-07,52,28.6,56.16,43.16,59.28,0.55,49.4,7,1,1,62.0
Bangalore,2018-02-07,62,34.1,66.96,51.46,70.68,0.65,58.9,7,2,0,54.0
Bangalore,2018-03-07,54,29.7,58.32,44.82,61.56,0.57,51.3,7,3,0,56.0
Bangalore,2018-04-07,56,30.8,60.48,46.48,63.84,0.59,53.2,7,4,1,56.0
Bangalore,2018-05-07,56,30.8,60.48,46.48,63.84,0.59,53.2,7,5,0,62.0
Bangalore,2018-06-07,62,34.1,66.96,51.46,70.68,0.65,58.9,7,6,0,44.0
Bangalore,2018-07-07,44,24.2,47.52,36.52,50.16,0.46,41.8,7,7,1,53.0
Bangalore,2018-08-07,53,29.15,57.24,43.99,60.42,0.56,50.35,7,8,0,56.0
Bangalore,2018-09-07,56,30.8,60.48,46.48,63.84,0.59,53.2,7,9,0,56.0
Bangalore,2018-10-07,56,30.8,60.48,46.48,63.84,0.59,53.2,7,10,1,68.0
Bangalore,2018-11-07,68,37.4,73.44,56.44,77.52,0.71,64.6,7,11,0,50.0
Bangalore,2018-12-07,50,27.5,54.0,41.5,57.0,0.53,47.5,7,12,0,56.0
Bangalore,2018-01-08,56,30.8,60.48,46.48,63.84,0.59,53.2,8,1,0,52.0
Bangalore,2018-02-08,52,28.6,56.16,43.16,59.28,0.55,49.4,8,2,0,46.0
Bangalore,2018-03-08,46,25.3,49.68,38.18,52.44,0.48,43.7,8,3,0,75.0
Bangalore,2018-04-08,75,41.25,81.0,62.25,85.5,0.79,71.25,8,4,1,73.0
Bangalore,2018-05-08,73,40.15,78.84,60.59,83.22,0.77,69.35,8,5,0,56.0
Bangalore,2018-06-08,56,30.8,60.48,46.48,63.84,0.59,53.2,8,6,0,59.0
Bangalore,2018-07-08,59,32.45,63.72,48.97,67.26,0.62,56.05,8,7,1,51.0
Bangalore,2018-08-08,51,28.05,55.08,42.33,58.14,0.54,48.45,8,8,0,50.0
Bangalore,2018-09-08,50,27.5,54.0,41.5,57.0,0.53,47.5,8,9,1,58.0
Bangalore,2018-10-08,58,31.9,62.64,48.14,66.12,0.61,55.1,8,10,0,48.0
Bangalore,2018-11-08,48,26.4,51.84,39.84,54.72,0.5,45.6,8,11,0,48.0
Bangalore,2018-12-08,48,26.4,51.84,39.84,54.72,0.5,45.6,8,12,1,68.0
Bangalore,2018-01-09,68,37.4,73.44,56.44,77.52,0.71,64.6,9,1,0,55.0
Bangalore,2018-02-09,55,30.25,59.4,45.65,62.7,0.58,52.25,9,2,0,55.0
Bangalore,2018-03-09,55,30.25,59.4,45.65,62.7,0.58,52.25,9,3,0,69.0
Bangalore,2018-04-09,69,37.95,74.52,57.27,78.66,0.72,65.55,9,4,0,69.0
Bangalore,2018-05-09,69,37.95,74.52,57.27,78.66,0.72,65.55,9,5,0,64.0
Bangalore,2018-06-09,64,35.2,69.12,53.12,72.96,0.67,60.8,9,6,1,71.0
Bangalore,2018-07-09,71,39.05,76.68,58.93,80.94,0.75,67.45,9,7,0,45.0
Bangalore,2018-08-09,45,24.75,48.6,37.35,51.3,0.47,42.75,9,8,0,56.0
Bangalore,2018-09-09,56,30.8,60.48,46.48,63.84,0.59,53.2,9,9,1,68.0
Bangalore,2018-10-09,68,37.4,73.44,56.44,77.52,0.71,64.6,9,10,0,81.0
Bangalore,2018-11-09,81,44.55,87.48,67.23,92.34,0.85,76.95,9,11,0,78.0
Bangalore,2018-12-09,78,42.9,84.24,64.74,88.92,0.82,74.1,9,12,1,61.0
Bangalore,2018-01-10,61,33.55,65.88,50.63,69.54,0.64,57.95,10,1,0,46.0
Bangalore,2018-02-10,46,25.3,49.68,38.18,52.44,0.48,43.7,10,2,1,50.0
Bangalore,2018-03-10,50,27.5,54.0,41.5,57.0,0.53,47.5,10,3,1,49.0
Bangalore,2018-04-10,49,26.95,52.92,40.67,55.86,0.51,46.55,10,4,0,44.0
Bangalore,2018-05-10,44,24.2,47.52,36.52,50.16,0.46,41.8,10,5,0,41.0
Bangalore,2018-06-10,41,22.55,44.28,34.03,46.74,0.43,38.95,10,6,1,51.0
Bangalore,2018-07-10,51,28.05,55.08,42.33,58.14,0.54,48.45,10,7,0,82.0
Bangalore,2018-08-10,82,45.1,88.56,68.06,93.48,0.86,77.9,10,8,0,72.0
Bangalore,2018-09-10,72,39.6,77.76,59.76,82.08,0.76,68.4,10,9,0,88.0
Bangalore,2018-10-10,88,48.4,95.04,73.04,100.32,0.92,83.6,10,10,0,111.0
Bangalore,2018-11-10,111,61.05,119.88,92.13,126.54,1.17,105.45,10,11,1,115.0
Bangalore,2018-12-10,115,63.25,124.2,95.45,131.1,1.21,109.25,10,12,0,69.0
Bangalore,2018-01-11,69,37.95,74.52,57.27,78.66,0.72,65.55,11,1,0,62.0
Bangalore,2018-02-11,62,34.1,66.96,51.46,70.68,0.65,58.9,11,2,1,58.0
Bangalore,2018-03-11,58,31.9,62.64,48.14,66.12,0.61,55.1,11,3,1,60.0
Bangalore,2018-04-11,60,33.0,64.8,49.8,68.4,0.63,57.0,11,4,0,66.0
Bangalore,2018-05-11,66,36.3,71.28,54.78,75.24,0.69,62.7,11,5,0,87.0
Bangalore,2018-06-11,87,47.85,93.96,72.21,99.18,0.91,82.65,11,6,0,84.0
Bangalore,2018-07-11,84,46.2,90.72,69.72,95.76,0.88,79.8,11,7,0,132.0
Bangalore,2018-08-11,132,72.6,142.56,109.56,150.48,1.39,125.4,11,8,1,93.0
Bangalore,2018-09-11,93,51.15,100.44,77.19,106.02,0.98,88.35,11,9,0,92.0
Bangalore,2018-10-11,92,50.6,99.36,76.36,104.88,0.97,87.4,11,10,0,102.0
Bangalore,2018-11-11,102,56.1,110.16,84.66,116.28,1.07,96.9,11,11,1,105.0
Bangalore,2018-12-11,105,57.75,113.4,87.15,119.7,1.1,99.75,11,12,0,75.0
Bangalore,2018-01-12,75,41.25,81.0,62.25,85.5,0.79,71.25,12,1,0,84.0
Bangalore,2018-02-12,84,46.2,90.72,69.72,95.76,0.88,79.8,12,2,0,57.0
Bangalore,2018-03-12,57,31.35,61.56,47.31,64.98,0.6,54.15,12,3,0,68.0
Bangalore,2018-04-12,68,37.4,73.44,56.44,77.52,0.71,64.6,12,4,0,68.0
Bangalore,2018-05-12,68,37.4,73.44,56.44,77.52,0.71,64.6,12,5,1,60.0
Bangalore,2018-06-12,60,33.0,64.8,49.8,68.4,0.63,57.0,12,6,0,68.0
Bangalore,2018-07-12,68,37.4,73.44,56.44,77.52,0.71,64.6,12,7,0,100.0
Bangalore,2018-08-12,100,55.0,108.0,83.0,114.0,1.05,95.0,12,8,1,118.0
Bangalore,2018-09-12,118,64.9,127.44,97.94,134.52,1.24,112.1,12,9,0,162.0
Bangalore,2018-10-12,162,89.1,174.96,134.46,184.68,1.7,153.9,12,10,0,176.0
Bangalore,2018-11-12,176,96.8,190.08,146.08,200.64,1.85,167.2,12,11,0,179.0
Bangalore,2018-12-12,179,98.45,193.32,148.57,204.06,1.88,170.05,12,12,0,118.0
Bangalore,2019-01-01,118,64.9,127.44,97.94,134.52,1.24,112.1,1,1,0,92.0
Bangalore,2019-02-01,92,50.6,99.36,76.36,104.88,0.97,87.4,1,2,0,93.0
Bangalore,2019-03-01,93,51.15,100.44,77.19,106.02,0.98,88.35,1,3,0,104.0
Bangalore,2019-04-01,104,57.2,112.32,86.32,118.56,1.09,98.8,1,4,0,102.0
Bangalore,2019-05-01,102,56.1,110.16,84.66,116.28,1.07,96.9,1,5,0,115.0
Bangalore,2019-06-01,115,63.25,124.2,95.45,131.1,1.21,109.25,1,6,1,113.0
Bangalore,2019-07-01,113,62.15,122.04,93.79,128.82,1.19,107.35,1,7,0,108.0
Bangalore,2019-08-01,108,59.4,116.64,89.64,123.12,1.13,102.6,1,8,0,133.0
Bangalore,2019-09-01,133,73.15,143.64,110.39,151.62,1.4,126.35,1,9,1,125.0
Bangalore,2019-10-01,125,68.75,135.0,103.75,142.5,1.31,118.75,1,10,0,135.0
Bangalore,2019-11-01,135,74.25,145.8,112.05,153.9,1.42,128.25,1,11,0,133.0
Bangalore,2019-12-01,133,73.15,143.64,110.39,151.62,1.4,126.35,1,12,1,93.0
Bangalore,2019-01-02,93,51.15,100.44,77.19,106.02,0.98,88.35,2,1,0,101.0
Bangalore,2019-02-02,101,55.55,109.08,83.83,115.14,1.06,95.95,2,2,1,95.0
Bangalore,2019-03-02,95,52.25,102.6,78.85,108.3,1.0,90.25,2,3,1,67.0
Bangalore,2019-04-02,67,36.85,72.36,55.61,76.38,0.7,63.65,2,4,0,81.0
Bangalore,2019-05-02,81,44.55,87.48,67.23,92.34,0.85,76.95,2,5,0,107.0
Bangalore,2019-06-02,107,58.85,115.56,88.81,121.98,1.12,101.65,2,6,1,152.0
Bangalore,2019-07-02,152,83.6,164.16,126.16,173.28,1.6,144.4,2,7,0,106.0
Bangalore,2019-08-02,106,58.3,114.48,87.98,120.84,1.11,100.7,2,8,0,165.0
Bangalore,2019-09-02,165,90.75,178.2,136.95,188.1,1.73,156.75,2,9,0,107.0
Bangalore,2019-10-02,107,58.85,115.56,88.81,121.98,1.12,101.65,2,10,0,72.0
Bangalore,2019-11-02,72,39.6,77.76,59.76,82.08,0.76,68.4,2,11,1,83.0
Bangalore,2019-12-02,83,45.65,89.64,68.89,94.62,0.87,78.85,2,12,0,149.0
Bangalore,2019-01-03,149,81.95,160.92,123.67,169.86,1.56,141.55,3,1,0,104.0
Bangalore,2019-02-03,104,57.2,112.32,86.32,118.56,1.09,98.8,3,2,1,141.0
Bangalore,2019-03-03,141,77.55,152.28,117.03,160.74,1.48,133.95,3,3,1,130.0
Bangalore,2019-04-03,130,71.5,140.4,107.9,148.2,1.37,123.5,3,4,0,110.0
Bangalore,2019-05-03,110,60.5,118.8,91.3,125.4,1.16,104.5,3,5,0,116.0
Bangalore,2019-06-03,116,63.8,125.28,96.28,132.24,1.22,110.2,3,6,0,143.0
Bangalore,2019-07-03,143,78.65,154.44,118.69,163.02,1.5,135.85,3,7,0,164.0
Bangalore,2019-08-03,164,90.2,177.12,136.12,186.96,1.72,155.8,3,8,1,144.0
Bangalore,2019-09-03,144,79.2,155.52,119.52,164.16,1.51,136.8,3,9,0,95.0
Bangalore,2019-10-03,95,52.25,102.6,78.85,108.3,1.0,90.25,3,10,0,81.0
Bangalore,2019-11-03,81,44.55,87.48,67.23,92.34,0.85,76.95,3,11,1,103.0
Bangalore,2019-12-03,103,56.65,111.24,85.49,117.42,1.08,97.85,3,12,0,126.0
Bangalore,2019-01-04,126,69.3,136.08,104.58,143.64,1.32,119.7,4,1,0,151.0
Bangalore,2019-02-04,151,83.05,163.08,125.33,172.14,1.59,143.45,4,2,0,122.0
Bangalore,2019-03-04,122,67.1,131.76,101.26,139.08,1.28,115.9,4,3,0,120.0
Bangalore,2019-04-04,120,66.0,129.6,99.6,136.8,1.26,114.0,4,4,0,113.0
Bangalore,2019-05-04,113,62.15,122.04,93.79,128.82,1.19,107.35,4,5,1,120.0
Bangalore,2019-06-04,120,66.0,129.6,99.6,136.8,1.26,114.0,4,6,0,120.0
Bangalore,2019-07-04,120,66.0,129.6,99.6,136.8,1.26,114.0,4,7,0,109.0
Bangalore,2019-08-04,109,59.95,117.72,90.47,124.26,1.14,103.55,4,8,1,122.0
Bangalore,2019-09-04,122,67.1,131.76,101.26,139.08,1.28,115.9,4,9,0,119.0
Bangalore,2019-10-04,119,65.45,128.52,98.77,135.66,1.25,113.05,4,10,0,103.0
Bangalore,2019-11-04,103,56.65,111.24,85.49,117.42,1.08,97.85,4,11,0,118.0
Bangalore,2019-12-04,118,64.9,127.44,97.94,134.52,1.24,112.1,4,12,0,95.0
Bangalore,2019-01-05,95,52.25,102.6,78.85,108.3,1.0,90.25,5,1,1,102.0
Bangalore,2019-02-05,102,56.1,110.16,84.66,116.28,1.07,96.9,5,2,0,112.0
Bangalore,2019-03-05,112,61.6,120.96,92.96,127.68,1.18,106.4,5,3,0,131.0
Bangalore,2019-04-05,131,72.05,141.48,108.73,149.34,1.38,124.45,5,4,0,135.0
Bangalore,2019-05-05,135,74.25,145.8,112.05,153.9,1.42,128.25,5,5,1,146.0
Bangalore,2019-06-05,146,80.3,157.68,121.18,166.44,1.53,138.7,5,6,0,101.0
Bangalore,2019-07-05,101,55.55,109.08,83.83,115.14,1.06,95.95,5,7,0,69.0
Bangalore,2019-08-05,69,37.95,74.52,57.27,78.66,0.72,65.55,5,8,0,80.0
Bangalore,2019-09-05,80,44.0,86.4,66.4,91.2,0.84,76.0,5,9,0,97.0
Bangalore,2019-10-05,97,53.35,104.76,80.51,110.58,1.02,92.15,5,10,1,95.0
Bangalore,2019-11-05,95,52.25,102.6,78.85,108.3,1.0,90.25,5,11,0,80.0
Bangalore,2019-12-05,80,44.0,86.4,66.4,91.2,0.84,76.0,5,12,0,58.0
Bangalore,2019-01-06,58,31.9,62.64,48.14,66.12,0.61,55.1,6,1,1,79.0
Bangalore,2019-02-06,79,43.45,85.32,65.57,90.06,0.83,75.05,6,2,0,69.0
Bangalore,2019-03-06,69,37.95,74.52,57.27,78.66,0.72,65.55,6,3,0,58.0
Bangalore,2019-04-06,58,31.9,62.64,48.14,66.12,0.61,55.1,6,4,1,65.0
Bangalore,2019-05-06,65,35.75,70.2,53.95,74.1,0.68,61.75,6,5,0,58.0
Bangalore,2019-06-06,58,31.9,62.64,48.14,66.12,0.61,55.1,6,6,0,80.0
Bangalore,2019-07-06,80,44.0,86.4,66.4,91.2,0.84,76.0,6,7,1,53.0
Bangalore,2019-08-06,53,29.15,57.24,43.99,60.42,0.56,50.35,6,8,0,55.0
Bangalore,2019-09-06,55,30.25,59.4,45.65,62.7,0.58,52.25,6,9,0,43.0
Bangalore,2019-10-06,43,23.65,46.44,35.69,49.02,0.45,40.85,6,10,1,41.0
Bangalore,2019-11-06,41,22.55,44.28,34.03,46.74,0.43,38.95,6,11,0,47.0
Bangalore,2019-12-06,47,25.85,50.76,39.01,53.58,0.49,44.65,6,12,0,62.0
Bangalore,2019-01-07,62,34.1,66.96,51.46,70.68,0.65,58.9,7,1,0,62.0
Bangalore,2019-02-07,62,34.1,66.96,51.46,70.68,0.65,58.9,7,2,0,57.0
Bangalore,2019-03-07,57,31.35,61.56,47.31,64.98,0.6,54.15,7,3,0,54.0
Bangalore,2019-04-07,54,29.7,58.32,44.82,61.56,0.57,51.3,7,4,1,60.0
Bangalore,2019-05-07,60,33.0,64.8,49.8,68.4,0.63,57.0,7,5,0,53.0
Bangalore,2019-06-07,53,29.15,57.24,43.99,60.42,0.56,50.35,7,6,0,62.0
Bangalore,2019-07-07,62,34.1,66.96,51.46,70.68,0.65,58.9,7,7,1,57.0
Bangalore,2019-08-07,57,31.35,61.56,47.31,64.98,0.6,54.15,7,8,0,58.0
Bangalore,2019-09-07,58,31.9,62.64,48.14,66.12,0.61,55.1,7,9,1,54.0
Bangalore,2019-10-07,54,29.7,58.32,44.82,61.56,0.57,51.3,7,10,0,70.0
Bangalore,2019-11-07,70,38.5,75.6,58.1,79.8,0.74,66.5,7,11,0,63.0
Bangalore,2019-12-07,63,34.65,68.04,52.29,71.82,0.66,59.85,7,12,1,54.0
Bangalore,2019-01-08,54,29.7,58.32,44.82,61.56,0.57,51.3,8,1,0,51.0
Bangalore,2019-02-08,51,28.05,55.08,42.33,58.14,0.54,48.45,8,2,0,44.0
Bangalore,2019-03-08,44,24.2,47.52,36.52,50.16,0.46,41.8,8,3,0,47.0
Bangalore,2019-04-08,47,25.85,50.76,39.01,53.58,0.49,44.65,8,4,0,38.0
Bangalore,2019-05-08,38,20.9,41.04,31.54,43.32,0.4,36.1,8,5,0,42.0
Bangalore,2019-06-08,42,23.1,45.36,34.86,47.88,0.44,39.9,8,6,1,45.0
Bangalore,2019-07-08,45,24.75,48.6,37.35,51.3,0.47,42.75,8,7,0,36.0
Bangalore,2019-08-08,36,19.8,38.88,29.88,41.04,0.38,34.2,8,8,0,38.0
Bangalore,2019-09-08,38,20.9,41.04,31.54,43.32,0.4,36.1,8,9,1,42.0
Bangalore,2019-10-08,42,23.1,45.36,34.86,47.88,0.44,39.9,8,10,0,43.0
Bangalore,2019-11-08,43,23.65,46.44,35.69,49.02,0.45,40.85,8,11,0,41.0
Bangalore,2019-12-08,41,22.55,44.28,34.03,46.74,0.43,38.95,8,12,1,57.0
Bangalore,2019-01-09,57,31.35,61.56,47.31,64.98,0.6,54.15,9,1,0,42.0
Bangalore,2019-02-09,42,23.1,45.36,34.86,47.88,0.44,39.9,9,2,1,42.0
Bangalore,2019-03-09,42,23.1,45.36,34.86,47.88,0.44,39.9,9,3,1,40.0
Bangalore,2019-04-09,40,22.0,43.2,33.2,45.6,0.42,38.0,9,4,0,46.0
Bangalore,2019-05-09,46,25.3,49.68,38.18,52.44,0.48,43.7,9,5,0,48.0
Bangalore,2019-06-09,48,26.4,51.84,39.84,54.72,0.5,45.6,9,6,1,48.0
Bangalore,2019-07-09,48,26.4,51.84,39.84,54.72,0.5,45.6,9,7,0,50.0
Bangalore,2019-08-09,50,27.5,54.0,41.5,57.0,0.53,47.5,9,8,0,46.0
Bangalore,2019-09-09,46,25.3,49.68,38.18,52.44,0.48,43.7,9,9,0,59.0
Bangalore,2019-10-09,59,32.45,63.72,48.97,67.26,0.62,56.05,9,10,0,52.0
Bangalore,2019-11-09,52,28.6,56.16,43.16,59.28,0.55,49.4,9,11,1,59.0
Bangalore,2019-12-09,59,32.45,63.72,48.97,67.26,0.62,56.05,9,12,0,68.0
Bangalore,2019-01-10,68,37.4,73.44,56.44,77.52,0.71,64.6,10,1,0,55.0
Bangalore,2019-02-10,55,30.25,59.4,45.65,62.7,0.58,52.25,10,2,1,61.0
Bangalore,2019-03-10,61,33.55,65.88,50.63,69.54,0.64,57.95,10,3,1,73.0
Bangalore,2019-04-10,73,40.15,78.84,60.59,83.22,0.77,69.35,10,4,0,78.0
Bangalore,2019-05-10,78,42.9,84.24,64.74,88.92,0.82,74.1,10,5,0,68.0
Bangalore,2019-06-10,68,37.4,73.44,56.44,77.52,0.71,64.6,10,6,0,71.0
Bangalore,2019-07-10,71,39.05,76.68,58.93,80.94,0.75,67.45,10,7,0,76.0
Bangalore,2019-08-10,76,41.8,82.08,63.08,86.64,0.8,72.2,10,8,1,76.0
Bangalore,2019-09-10,76,41.8,82.08,63.08,86.64,0.8,72.2,10,9,0,106.0
Bangalore,2019-10-10,106,58.3,114.48,87.98,120.84,1.11,100.7,10,10,0,77.0
Bangalore,2019-11-10,77,42.35,83.16,63.91,87.78,0.81,73.15,10,11,1,78.0
Bangalore,2019-12-10,78,42.9,84.24,64.74,88.92,0.82,74.1,10,12,0,77.0
Bangalore,2019-01-11,77,42.35,83.16,63.91,87.78,0.81,73.15,11,1,0,60.0
Bangalore,2019-02-11,60,33.0,64.8,49.8,68.4,0.63,57.0,11,2,0,82.0
Bangalore,2019-03-11,82,45.1,88.56,68.06,93.48,0.86,77.9,11,3,0,84.0
Bangalore,2019-04-11,84,46.2,90.72,69.72,95.76,0.88,79.8,11,4,0,138.0
Bangalore,2019-05-11,138,75.9,149.04,114.54,157.32,1.45,131.1,11,5,1,161.0
Bangalore,2019-06-11,161,88.55,173.88,133.63,183.54,1.69,152.95,11,6,0,156.0
Bangalore,2019-07-11,156,85.8,168.48,129.48,177.84,1.64,148.2,11,7,0,144.0
Bangalore,2019-08-11,144,79.2,155.52,119.52,164.16,1.51,136.8,11,8,1,99.0
Bangalore,2019-09-11,99,54.45,106.92,82.17,112.86,1.04,94.05,11,9,0,90.0
Bangalore,2019-10-11,90,49.5,97.2,74.7,102.6,0.95,85.5,11,10,0,134.0
Bangalore,2019-11-11,134,73.7,144.72,111.22,152.76,1.41,127.3,11,11,0,72.0
Bangalore,2019-12-11,72,39.6,77.76,59.76,82.08,0.76,68.4,11,12,0,50.0
Bangalore,2019-01-12,50,27.5,54.0,41.5,57.0,0.53,47.5,12,1,1,48.0
Bangalore,2019-02-12,48,26.4,51.84,39.84,54.72,0.5,45.6,12,2,0,62.0
Bangalore,2019-03-12,62,34.1,66.96,51.46,70.68,0.65,58.9,12,3,0,75.0
Bangalore,2019-04-12,75,41.25,81.0,62.25,85.5,0.79,71.25,12,4,0,86.0
Bangalore,2019-05-12,86,47.3,92.88,71.38,98.04,0.9,81.7,12,5,1,107.0
Bangalore,2019-06-12,107,58.85,115.56,88.81,121.98,1.12,101.65,12,6,0,84.0
Bangalore,2019-07-12,84,46.2,90.72,69.72,95.76,0.88,79.8,12,7,0,50.0
Bangalore,2019-08-12,50,27.5,54.0,41.5,57.0,0.53,47.5,12,8,0,54.0
Bangalore,2019-09-12,54,29.7,58.32,44.82,61.56,0.57,51.3,12,9,0,59.0
Bangalore,2019-10-12,59,32.45,63.72,48.97,67.26,0.62,56.05,12,10,1,63.0
Bangalore,2019-11-12,63,34.65,68.04,52.29,71.82,0.66,59.85,12,11,0,62.0
Bangalore,2019-12-12,62,34.1,66.96,51.46,70.68,0.65,58.9,12,12,0,76.0
Bangalore,2020-01-01,76,41.8,82.08,63.08,86.64,0.8,72.2,1,1,0,69.0
Bangalore,2020-02-01,69,37.95,74.52,57.27,78.66,0.72,65.55,1,2,1,68.0
Bangalore,2020-03-01,68,37.4,73.44,56.44,77.52,0.71,64.6,1,3,1,85.0
Bangalore,2020-04-01,85,46.75,91.8,70.55,96.9,0.89,80.75,1,4,0,120.0
Bangalore,2020-05-01,120,66.0,129.6,99.6,136.8,1.26,114.0,1,5,0,67.0
Bangalore,2020-06-01,67,36.85,72.36,55.61,76.38,0.7,63.65,1,6,0,60.0
Bangalore,2020-07-01,60,33.0,64.8,49.8,68.4,0.63,57.0,1,7,0,95.0
Bangalore,2020-08-01,95,52.25,102.6,78.85,108.3,1.0,90.25,1,8,1,84.0
Bangalore,2020-09-01,84,46.2,90.72,69.72,95.76,0.88,79.8,1,9,0,84.0
Bangalore,2020-10-01,84,46.2,90.72,69.72,95.76,0.88,79.8,1,10,0,67.0
Bangalore,2020-11-01,67,36.85,72.36,55.61,76.38,0.7,63.65,1,11,1,71.0
Bangalore,2020-12-01,71,39.05,76.68,58.93,80.94,0.75,67.45,1,12,0,99.0
Bangalore,2020-01-02,99,54.45,106.92,82.17,112.86,1.04,94.05,2,1,0,86.0
Bangalore,2020-02-02,86,47.3,92.88,71.38,98.04,0.9,81.7,2,2,1,71.0
Bangalore,2020-03-02,71,39.05,76.68,58.93,80.94,0.75,67.45,2,3,0,72.0
Bangalore,2020-04-02,72,39.6,77.76,59.76,82.08,0.76,68.4,2,4,0,72.0
Bangalore,2020-05-02,72,39.6,77.76,59.76,82.08,0.76,68.4,2,5,1,90.0
Bangalore,2020-06-02,90,49.5,97.2,74.7,102.6,0.95,85.5,2,6,0,92.0
Bangalore,2020-07-02,92,50.6,99.36,76.36,104.88,0.97,87.4,2,7,0,105.0
Bangalore,2020-08-02,105,57.75,113.4,87.15,119.7,1.1,99.75,2,8,1,93.0
Bangalore,2020-09-02,93,51.15,100.44,77.19,106.02,0.98,88.35,2,9,0,87.0
Bangalore,2020-10-02,87,47.85,93.96,72.21,99.18,0.91,82.65,2,10,0,66.0
Bangalore,2020-11-02,66,36.3,71.28,54.78,75.24,0.69,62.7,2,11,0,73.0
Bangalore,2020-12-02,73,40.15,78.84,60.59,83.22,0.77,69.35,2,12,0,86.0
Bangalore,2020-01-03,86,47.3,92.88,71.38,98.04,0.9,81.7,3,1,0,128.0
Bangalore,2020-02-03,128,70.4,138.24,106.24,145.92,1.34,121.6,3,2,0,161.0
Bangalore,2020-03-03,161,88.55,173.88,133.63,183.54,1.69,152.95,3,3,0,129.0
Bangalore,2020-04-03,129,70.95,139.32,107.07,147.06,1.35,122.55,3,4,0,121.0
Bangalore,2020-05-03,121,66.55,130.68,100.43,137.94,1.27,114.95,3,5,1,91.0
Bangalore,2020-06-03,91,50.05,98.28,75.53,103.74,0.96,86.45,3,6,0,86.0
Bangalore,2020-07-03,86,47.3,92.88,71.38,98.04,0.9,81.7,3,7,0,85.0
Bangalore,2020-08-03,85,46.75,91.8,70.55,96.9,0.89,80.75,3,8,0,90.0
Bangalore,2020-09-03,90,49.5,97.2,74.7,102.6,0.95,85.5,3,9,0,84.0
Bangalore,2020-10-03,84,46.2,90.72,69.72,95.76,0.88,79.8,3,10,1,88.0
Bangalore,2020-11-03,88,48.4,95.04,73.04,100.32,0.92,83.6,3,11,0,85.0
Bangalore,2020-12-03,85,46.75,91.8,70.55,96.9,0.89,80.75,3,12,0,52.0
Bangalore,2020-01-04,52,28.6,56.16,43.16,59.28,0.55,49.4,4,1,1,59.0
Bangalore,2020-02-04,59,32.45,63.72,48.97,67.26,0.62,56.05,4,2,0,69.0
Bangalore,2020-03-04,69,37.95,74.52,57.27,78.66,0.72,65.55,4,3,0,64.0
Bangalore,2020-04-04,64,35.2,69.12,53.12,72.96,0.67,60.8,4,4,1,64.0
Bangalore,2020-05-04,64,35.2,69.12,53.12,72.96,0.67,60.8,4,5,0,58.0
Bangalore,2020-06-04,58,31.9,62.64,48.14,66.12,0.61,55.1,4,6,0,48.0
Bangalore,2020-07-04,48,26.4,51.84,39.84,54.72,0.5,45.6,4,7,1,52.0
Bangalore,2020-08-04,52,28.6,56.16,43.16,59.28,0.55,49.4,4,8,0,54.0
Bangalore,2020-09-04,54,29.7,58.32,44.82,61.56,0.57,51.3,4,9,0,55.0
Bangalore,2020-10-04,55,30.25,59.4,45.65,62.7,0.58,52.25,4,10,1,49.0
Bangalore,2020-11-04,49,26.95,52.92,40.67,55.86,0.51,46.55,4,11,0,58.0
Bangalore,2020-12-04,58,31.9,62.64,48.14,66.12,0.61,55.1,4,12,0,61.0
Bangalore,2020-01-05,61,33.55,65.88,50.63,69.54,0.64,57.95,5,1,1,58.0
Bangalore,2020-02-05,58,31.9,62.64,48.14,66.12,0.61,55.1,5,2,0,56.0
Bangalore,2020-03-05,56,30.8,60.48,46.48,63.84,0.59,53.2,5,3,0,66.0
Bangalore,2020-04-05,66,36.3,71.28,54.78,75.24,0.69,62.7,5,4,1,78.0
Bangalore,2020-05-05,78,42.9,84.24,64.74,88.92,0.82,74.1,5,5,0,71.0
Bangalore,2020-06-05,71,39.05,76.68,58.93,80.94,0.75,67.45,5,6,0,70.0
Bangalore,2020-07-05,70,38.5,75.6,58.1,79.8,0.74,66.5,5,7,1,58.0
Bangalore,2020-08-05,58,31.9,62.64,48.14,66.12,0.61,55.1,5,8,0,64.0
Bangalore,2020-09-05,64,35.2,69.12,53.12,72.96,0.67,60.8,5,9,1,68.0
Bangalore,2020-10-05,68,37.4,73.44,56.44,77.52,0.71,64.6,5,10,0,60.0
Bangalore,2020-11-05,60,33.0,64.8,49.8,68.4,0.63,57.0,5,11,0,75.0
Bangalore,2020-12-05,75,41.25,81.0,62.25,85.5,0.79,71.25,5,12,1,36.0
Bangalore,2020-01-06,36,19.8,38.88,29.88,41.04,0.38,34.2,6,1,0,32.0
Bangalore,2020-02-06,32,17.6,34.56,26.56,36.48,0.34,30.4,6,2,0,36.0
Bangalore,2020-03-06,36,19.8,38.88,29.88,41.04,0.38,34.2,6,3,0,34.0
Bangalore,2020-04-06,34,18.7,36.72,28.22,38.76,0.36,32.3,6,4,0,51.0
Bangalore,2020-05-06,51,28.05,55.08,42.33,58.14,0.54,48.45,6,5,0,60.0
Bangalore,2020-06-06,60,33.0,64.8,49.8,68.4,0.63,57.0,6,6,1,50.0
Bangalore,2020-07-06,50,27.5,54.0,41.5,57.0,0.53,47.5,6,7,0,47.0
Bangalore,2020-08-06,47,25.85,50.76,39.01,53.58,0.49,44.65,6,8,0,53.0
Bangalore,2020-09-06,53,29.15,57.24,43.99,60.42,0.56,50.35,6,9,1,72.0
Bangalore,2020-10-06,72,39.6,77.76,59.76,82.08,0.76,68.4,6,10,0,42.0
Bangalore,2020-11-06,42,23.1,45.36,34.86,47.88,0.44,39.9,6,11,0,42.0
Bangalore,2020-12-06,42,23.1,45.36,34.86,47.88,0.44,39.9,6,12,1,41.0
Bangalore,2020-01-07,41,22.55,44.28,34.03,46.74,0.43,38.95,7,1,0,36.0
Bangalore,2020-02-07,36,19.8,38.88,29.88,41.04,0.38,34.2,7,2,0,38.0
Bangalore,2020-03-07,38,20.9,41.04,31.54,43.32,0.4,36.1,7,3,1,36.0
Bangalore,2020-04-07,36,19.8,38.88,29.88,41.04,0.38,34.2,7,4,0,42.0
Bangalore,2020-05-07,42,23.1,45.36,34.86,47.88,0.44,39.9,7,5,0,38.0
Bangalore,2020-06-07,38,20.9,41.04,31.54,43.32,0.4,36.1,7,6,1,42.0
Bangalore,2020-07-07,42,23.1,45.36,34.86,47.88,0.44,39.9,7,7,0,44.0
Bangalore,2020-08-07,44,24.2,47.52,36.52,50.16,0.46,41.8,7,8,0,35.0
Bangalore,2020-09-07,35,19.25,37.8,29.05,39.9,0.37,33.25,7,9,0,34.0
Bangalore,2020-10-07,34,18.7,36.72,28.22,38.76,0.36,32.3,7,10,0,40.0
Bangalore,2020-11-07,40,22.0,43.2,33.2,45.6,0.42,38.0,7,11,1,36.0
Bangalore,2020-12-07,36,19.8,38.88,29.88,41.04,0.38,34.2,7,12,0,29.0
Bangalore,2020-01-08,29,15.95,31.32,24.07,33.06,0.3,27.55,8,1,0,43.0
Bangalore,2020-02-08,43,23.65,46.44,35.69,49.02,0.45,40.85,8,2,1,36.0
Bangalore,2020-03-08,36,19.8,38.88,29.88,41.04,0.38,34.2,8,3,1,35.0
Bangalore,2020-04-08,35,19.25,37.8,29.05,39.9,0.37,33.25,8,4,0,35.0
Bangalore,2020-05-08,35,19.25,37.8,29.05,39.9,0.37,33.25,8,5,0,41.0
Bangalore,2020-06-08,41,22.55,44.28,34.03,46.74,0.43,38.95,8,6,0,41.0
Bangalore,2020-07-08,41,22.55,44.28,34.03,46.74,0.43,38.95,8,7,0,42.0
Bangalore,2020-08-08,42,23.1,45.36,34.86,47.88,0.44,39.9,8,8,1,36.0
Bangalore,2020-09-08,36,19.8,38.88,29.88,41.04,0.38,34.2,8,9,0,34.0
Bangalore,2020-10-08,34,18.7,36.72,28.22,38.76,0.36,32.3,8,10,0,55.0
Bangalore,2020-11-08,55,30.25,59.4,45.65,62.7,0.58,52.25,8,11,1,48.0
Bangalore,2020-12-08,48,26.4,51.84,39.84,54.72,0.5,45.6,8,12,0,52.0
Bangalore,2020-01-09,52,28.6,56.16,43.16,59.28,0.55,49.4,9,1,0,76.0
Bangalore,2020-02-09,76,41.8,82.08,63.08,86.64,0.8,72.2,9,2,1,50.0
Bangalore,2020-03-09,50,27.5,54.0,41.5,57.0,0.53,47.5,9,3,0,47.0
Bangalore,2020-04-09,47,25.85,50.76,39.01,53.58,0.49,44.65,9,4,0,64.0
Bangalore,2020-05-09,64,35.2,69.12,53.12,72.96,0.67,60.8,9,5,1,69.0
Bangalore,2020-06-09,69,37.95,74.52,57.27,78.66,0.72,65.55,9,6,0,48.0
Bangalore,2020-07-09,48,26.4,51.84,39.84,54.72,0.5,45.6,9,7,0,39.0
Bangalore,2020-08-09,39,21.45,42.12,32.37,44.46,0.41,37.05,9,8,1,35.0
Bangalore,2020-09-09,35,19.25,37.8,29.05,39.9,0.37,33.25,9,9,0,34.0
Bangalore,2020-10-09,34,18.7,36.72,28.22,38.76,0.36,32.3,9,10,0,34.0
Bangalore,2020-11-09,34,18.7,36.72,28.22,38.76,0.36,32.3,9,11,0,33.0
Bangalore,2020-12-09,33,18.15,35.64,27.39,37.62,0.35,31.35,9,12,0,50.0
Bangalore,2020-01-10,50,27.5,54.0,41.5,57.0,0.53,47.5,10,1,0,56.0
Bangalore,2020-02-10,56,30.8,60.48,46.48,63.84,0.59,53.2,10,2,0,48.0
Bangalore,2020-03-10,48,26.4,51.84,39.84,54.72,0.5,45.6,10,3,0,59.0
Bangalore,2020-04-10,59,32.45,63.72,48.97,67.26,0.62,56.05,10,4,0,47.0
Bangalore,2020-05-10,47,25.85,50.76,39.01,53.58,0.49,44.65,10,5,1,63.0
Bangalore,2020-06-10,63,34.65,68.04,52.29,71.82,0.66,59.85,10,6,0,60.0
Bangalore,2020-07-10,60,33.0,64.8,49.8,68.4,0.63,57.0,10,7,0,72.0
Bangalore,2020-08-10,72,39.6,77.76,59.76,82.08,0.76,68.4,10,8,0,76.0
Bangalore,2020-09-10,76,41.8,82.08,63.08,86.64,0.8,72.2,10,9,0,57.0
Bangalore,2020-10-10,57,31.35,61.56,47.31,64.98,0.6,54.15,10,10,1,42.0
Bangalore,2020-11-10,42,23.1,45.36,34.86,47.88,0.44,39.9,10,11,0,43.0
Bangalore,2020-12-10,43,23.65,46.44,35.69,49.02,0.45,40.85,10,12,0,114.0
Bangalore,2020-01-11,114,62.7,123.12,94.62,129.96,1.2,108.3,11,1,1,140.0
Bangalore,2020-02-11,140,77.0,151.2,116.2,159.6,1.47,133.0,11,2,0,119.0
Bangalore,2020-03-11,119,65.45,128.52,98.77,135.66,1.25,113.05,11,3,0,94.0
Bangalore,2020-04-11,94,51.7,101.52,78.02,107.16,0.99,89.3,11,4,1,73.0
Bangalore,2020-05-11,73,40.15,78.84,60.59,83.22,0.77,69.35,11,5,0,74.0
Bangalore,2020-06-11,74,40.7,79.92,61.42,84.36,0.78,70.3,11,6,0,53.0
Bangalore,2020-07-11,53,29.15,57.24,43.99,60.42,0.56,50.35,11,7,1,59.0
Bangalore,2020-08-11,59,32.45,63.72,48.97,67.26,0.62,56.05,11,8,0,108.0
Bangalore,2020-09-11,108,59.4,116.64,89.64,123.12,1.13,102.6,11,9,0,93.0
Bangalore,2020-10-11,93,51.15,100.44,77.19,106.02,0.98,88.35,11,10,1,87.0
Bangalore,2020-11-11,87,47.85,93.96,72.21,99.18,0.91,82.65,11,11,0,63.0
Bangalore,2020-12-11,63,34.65,68.04,52.29,71.82,0.66,59.85,11,12,0,63.0
Bangalore,2020-01-12,63,34.65,68.04,52.29,71.82,0.66,59.85,12,1,1,65.0
Bangalore,2020-02-12,65,35.75,70.2,53.95,74.1,0.68,61.75,12,2,0,62.0
Bangalore,2020-03-12,62,34.1,66.96,51.46,70.68,0.65,58.9,12,3,0,63.0
Bangalore,2020-04-12,63,34.65,68.04,52.29,71.82,0.66,59.85,12,4,1,49.0
Bangalore,2020-05-12,49,26.95,52.92,40.67,55.86,0.51,46.55,12,5,0,51.0
Bangalore,2020-06-12,51,28.05,55.08,42.33,58.14,0.54,48.45,12,6,0,44.0
Bangalore,2020-07-12,44,24.2,47.52,36.52,50.16,0.46,41.8,12,7,1,52.0
Bangalore,2020-08-12,52,28.6,56.16,43.16,59.28,0.55,49.4,12,8,0,50.0
Bangalore,2020-09-12,50,27.5,54.0,41.5,57.0,0.53,47.5,12,9,1,57.0
Bangalore,2020-10-12,57,31.35,61.56,47.31,64.98,0.6,54.15,12,10,0,81.0
Bangalore,2020-11-12,81,44.55,87.48,67.23,92.34,0.85,76.95,12,11,0,83.0
Bangalore,2020-12-12,83,45.65,89.64,68.89,94.62,0.87,78.85,12,12,1,98.0
Bangalore,2021-01-01,98,53.9,105.84,81.34,111.72,1.03,93.1,1,1,0,107.0
Bangalore,2021-02-01,107,58.85,115.56,88.81,121.98,1.12,101.65,1,2,0,80.0
Bangalore,2021-03-01,80,44.0,86.4,66.4,91.2,0.84,76.0,1,3,0,80.0
Bangalore,2021-04-01,80,44.0,86.4,66.4,91.2,0.84,76.0,1,4,0,58.0
Bangalore,2021-05-01,58,31.9,62.64,48.14,66.12,0.61,55.1,1,5,1,38.0
Bangalore,2021-06-01,38,20.9,41.04,31.54,43.32,0.4,36.1,1,6,0,43.0
Bangalore,2021-07-01,43,23.65,46.44,35.69,49.02,0.45,40.85,1,7,0,58.0
Bangalore,2021-08-01,58,31.9,62.64,48.14,66.12,0.61,55.1,1,8,1,48.0
Bangalore,2021-09-01,48,26.4,51.84,39.84,54.72,0.5,45.6,1,9,0,81.0
Bangalore,2021-10-01,81,44.55,87.48,67.23,92.34,0.85,76.95,1,10,0,64.0
Bangalore,2021-11-01,64,35.2,69.12,53.12,72.96,0.67,60.8,1,11,0,63.0
Bangalore,2021-12-01,63,34.65,68.04,52.29,71.82,0.66,59.85,1,12,0,87.0
Bangalore,2021-01-02,87,47.85,93.96,72.21,99.18,0.91,82.65,2,1,1,92.0
Bangalore,2021-02-02,92,50.6,99.36,76.36,104.88,0.97,87.4,2,2,0,107.0
Bangalore,2021-03-02,107,58.85,115.56,88.81,121.98,1.12,101.65,2,3,0,91.0
Bangalore,2021-04-02,91,50.05,98.28,75.53,103.74,0.96,86.45,2,4,0,84.0
Bangalore,2021-05-02,84,46.2,90.72,69.72,95.76,0.88,79.8,2,5,1,88.0
Bangalore,2021-06-02,88,48.4,95.04,73.04,100.32,0.92,83.6,2,6,0,86.0
Bangalore,2021-07-02,86,47.3,92.88,71.38,98.04,0.9,81.7,2,7,0,87.0
Bangalore,2021-08-02,87,47.85,93.96,72.21,99.18,0.91,82.65,2,8,0,85.0
Bangalore,2021-09-02,85,46.75,91.8,70.55,96.9,0.89,80.75,2,9,0,86.0
Bangalore,2021-10-02,86,47.3,92.88,71.38,98.04,0.9,81.7,2,10,1,101.0
Bangalore,2021-11-02,101,55.55,109.08,83.83,115.14,1.06,95.95,2,11,0,95.0
Bangalore,2021-12-02,95,52.25,102.6,78.85,108.3,1.0,90.25,2,12,0,79.0
Bangalore,2021-01-03,79,43.45,85.32,65.57,90.06,0.83,75.05,3,1,1,88.0
Bangalore,2021-02-03,88,48.4,95.04,73.04,100.32,0.92,83.6,3,2,0,102.0
Bangalore,2021-03-03,102,56.1,110.16,84.66,116.28,1.07,96.9,3,3,0,86.0
Bangalore,2021-04-03,86,47.3,92.88,71.38,98.04,0.9,81.7,3,4,1,70.0
Bangalore,2021-05-03,70,38.5,75.6,58.1,79.8,0.74,66.5,3,5,0,75.0
Bangalore,2021-06-03,75,41.25,81.0,62.25,85.5,0.79,71.25,3,6,0,84.0
Bangalore,2021-07-03,84,46.2,90.72,69.72,95.76,0.88,79.8,3,7,1,58.0
Bangalore,2021-08-03,58,31.9,62.64,48.14,66.12,0.61,55.1,3,8,0,55.0
Bangalore,2021-09-03,55,30.25,59.4,45.65,62.7,0.58,52.25,3,9,0,50.0
Bangalore,2021-10-03,50,27.5,54.0,41.5,57.0,0.53,47.5,3,10,1,55.0
Bangalore,2021-11-03,55,30.25,59.4,45.65,62.7,0.58,52.25,3,11,0,62.0
Bangalore,2021-12-03,62,34.1,66.96,51.46,70.68,0.65,58.9,3,12,0,94.0
Bangalore,2021-01-04,94,51.7,101.52,78.02,107.16,0.99,89.3,4,1,0,83.0
Bangalore,2021-02-04,83,45.65,89.64,68.89,94.62,0.87,78.85,4,2,0,104.0
Bangalore,2021-03-04,104,57.2,112.32,86.32,118.56,1.09,98.8,4,3,0,114.0
Bangalore,2021-04-04,114,62.7,123.12,94.62,129.96,1.2,108.3,4,4,1,111.0
Bangalore,2021-05-04,111,61.05,119.88,92.13,126.54,1.17,105.45,4,5,0,114.0
Bangalore,2021-06-04,114,62.7,123.12,94.62,129.96,1.2,108.3,4,6,0,101.0
Bangalore,2021-07-04,101,55.55,109.08,83.83,115.14,1.06,95.95,4,7,1,105.0
Bangalore,2021-08-04,105,57.75,113.4,87.15,119.7,1.1,99.75,4,8,0,102.0
Bangalore,2021-09-04,102,56.1,110.16,84.66,116.28,1.07,96.9,4,9,1,103.0
Bangalore,2021-10-04,103,56.65,111.24,85.49,117.42,1.08,97.85,4,10,0,82.0
Bangalore,2021-11-04,82,45.1,88.56,68.06,93.48,0.86,77.9,4,11,0,67.0
Bangalore,2021-12-04,67,36.85,72.36,55.61,76.38,0.7,63.65,4,12,1,93.0
Bangalore,2021-01-05,93,51.15,100.44,77.19,106.02,0.98,88.35,5,1,0,78.0
Bangalore,2021-02-05,78,42.9,84.24,64.74,88.92,0.82,74.1,5,2,0,54.0
Bangalore,2021-03-05,54,29.7,58.32,44.82,61.56,0.57,51.3,5,3,0,64.0
Bangalore,2021-04-05,64,35.2,69.12,53.12,72.96,0.67,60.8,5,4,0,68.0
Bangalore,2021-05-05,68,37.4,73.44,56.44,77.52,0.71,64.6,5,5,0,61.0
Bangalore,2021-06-05,61,33.55,65.88,50.63,69.54,0.64,57.95,5,6,1,52.0
Bangalore,2021-07-05,52,28.6,56.16,43.16,59.28,0.55,49.4,5,7,0,61.0
Bangalore,2021-08-05,61,33.55,65.88,50.63,69.54,0.64,57.95,5,8,0,51.0
Bangalore,2021-09-05,51,28.05,55.08,42.33,58.14,0.54,48.45,5,9,1,53.0
Bangalore,2021-10-05,53,29.15,57.24,43.99,60.42,0.56,50.35,5,10,0,54.0
Bangalore,2021-11-05,54,29.7,58.32,44.82,61.56,0.57,51.3,5,11,0,57.0
Bangalore,2021-12-05,57,31.35,61.56,47.31,64.98,0.6,54.15,5,12,1,38.0
Bangalore,2021-01-06,38,20.9,41.04,31.54,43.32,0.4,36.1,6,1,0,42.0
Bangalore,2021-02-06,42,23.1,45.36,34.86,47.88,0.44,39.9,6,2,1,52.0
Bangalore,2021-03-06,52,28.6,56.16,43.16,59.28,0.55,49.4,6,3,1,44.0
Bangalore,2021-04-06,44,24.2,47.52,36.52,50.16,0.46,41.8,6,4,0,32.0
Bangalore,2021-05-06,32,17.6,34.56,26.56,36.48,0.34,30.4,6,5,0,39.0
Bangalore,2021-06-06,39,21.45,42.12,32.37,44.46,0.41,37.05,6,6,1,46.0
Bangalore,2021-07-06,46,25.3,49.68,38.18,52.44,0.48,43.7,6,7,0,51.0
Bangalore,2021-08-06,51,28.05,55.08,42.33,58.14,0.54,48.45,6,8,0,46.0
Bangalore,2021-09-06,46,25.3,49.68,38.18,52.44,0.48,43.7,6,9,0,42.0
Bangalore,2021-10-06,42,23.1,45.36,34.86,47.88,0.44,39.9,6,10,0,42.0
Bangalore,2021-11-06,42,23.1,45.36,34.86,47.88,0.44,39.9,6,11,1,47.0
Bangalore,2021-12-06,47,25.85,50.76,39.01,53.58,0.49,44.65,6,12,0,53.0
Bangalore,2021-01-07,53,29.15,57.24,43.99,60.42,0.56,50.35,7,1,0,50.0
Bangalore,2021-02-07,50,27.5,54.0,41.5,57.0,0.53,47.5,7,2,1,54.0
Bangalore,2021-03-07,54,29.7,58.32,44.82,61.56,0.57,51.3,7,3,1,47.0
Bangalore,2021-04-07,47,25.85,50.76,39.01,53.58,0.49,44.65,7,4,0,42.0
Bangalore,2021-05-07,42,23.1,45.36,34.86,47.88,0.44,39.9,7,5,0,46.0
Bangalore,2021-06-07,46,25.3,49.68,38.18,52.44,0.48,43.7,7,6,0,61.0
Bangalore,2021-07-07,61,33.55,65.88,50.63,69.54,0.64,57.95,7,7,0,54.0
Bangalore,2021-08-07,54,29.7,58.32,44.82,61.56,0.57,51.3,7,8,1,70.0
Bangalore,2021-09-07,70,38.5,75.6,58.1,79.8,0.74,66.5,7,9,0,52.0
Bangalore,2021-10-07,52,28.6,56.16,43.16,59.28,0.55,49.4,7,10,0,51.0
Bangalore,2021-11-07,51,28.05,55.08,42.33,58.14,0.54,48.45,7,11,1,51.0
Bangalore,2021-12-07,51,28.05,55.08,42.33,58.14,0.54,48.45,7,12,0,57.0
Bangalore,2021-01-08,57,31.35,61.56,47.31,64.98,0.6,54.15,8,1,0,66.0
Bangalore,2021-02-08,66,36.3,71.28,54.78,75.24,0.69,62.7,8,2,0,67.0
Bangalore,2021-03-08,67,36.85,72.36,55.61,76.38,0.7,63.65,8,3,0,60.0
Bangalore,2021-04-08,60,33.0,64.8,49.8,68.4,0.63,57.0,8,4,0,52.0
Bangalore,2021-05-08,52,28.6,56.16,43.16,59.28,0.55,49.4,8,5,1,64.0
Bangalore,2021-06-08,64,35.2,69.12,53.12,72.96,0.67,60.8,8,6,0,57.0
Bangalore,2021-07-08,57,31.35,61.56,47.31,64.98,0.6,54.15,8,7,0,48.0
Bangalore,2021-08-08,48,26.4,51.84,39.84,54.72,0.5,45.6,8,8,1,69.0
Bangalore,2021-09-08,69,37.95,74.52,57.27,78.66,0.72,65.55,8,9,0,53.0
Bangalore,2021-10-08,53,29.15,57.24,43.99,60.42,0.56,50.35,8,10,0,59.0
Bangalore,2021-11-08,59,32.45,63.72,48.97,67.26,0.62,56.05,8,11,0,78.0
Bangalore,2021-12-08,78,42.9,84.24,64.74,88.92,0.82,74.1,8,12,0,67.0
Bangalore,2021-01-09,67,36.85,72.36,55.61,76.38,0.7,63.65,9,1,1,59.0
Bangalore,2021-02-09,59,32.45,63.72,48.97,67.26,0.62,56.05,9,2,0,45.0
Bangalore,2021-03-09,45,24.75,48.6,37.35,51.3,0.47,42.75,9,3,0,55.0
Bangalore,2021-04-09,55,30.25,59.4,45.65,62.7,0.58,52.25,9,4,0,46.0
Bangalore,2021-05-09,46,25.3,49.68,38.18,52.44,0.48,43.7,9,5,1,40.0
Bangalore,2021-06-09,40,22.0,43.2,33.2,45.6,0.42,38.0,9,6,0,41.0
Bangalore,2021-07-09,41,22.55,44.28,34.03,46.74,0.43,38.95,9,7,0,47.0
Bangalore,2021-08-09,47,25.85,50.76,39.01,53.58,0.49,44.65,9,8,0,63.0
Bangalore,2021-09-09,63,34.65,68.04,52.29,71.82,0.66,59.85,9,9,0,58.0
Bangalore,2021-10-09,58,31.9,62.64,48.14,66.12,0.61,55.1,9,10,1,61.0
Bangalore,2021-11-09,61,33.55,65.88,50.63,69.54,0.64,57.95,9,11,0,55.0
Bangalore,2021-12-09,55,30.25,59.4,45.65,62.7,0.58,52.25,9,12,0,67.0
Bangalore,2021-01-10,67,36.85,72.36,55.61,76.38,0.7,63.65,10,1,1,70.0
Bangalore,2021-02-10,70,38.5,75.6,58.1,79.8,0.74,66.5,10,2,0,51.0
Bangalore,2021-03-10,51,28.05,55.08,42.33,58.14,0.54,48.45,10,3,0,56.0
Bangalore,2021-04-10,56,30.8,60.48,46.48,63.84,0.59,53.2,10,4,1,64.0
Bangalore,2021-05-10,64,35.2,69.12,53.12,72.96,0.67,60.8,10,5,0,52.0
Bangalore,2021-06-10,52,28.6,56.16,43.16,59.28,0.55,49.4,10,6,0,49.0
Bangalore,2021-07-10,49,26.95,52.92,40.67,55.86,0.51,46.55,10,7,1,57.0
Bangalore,2021-08-10,57,31.35,61.56,47.31,64.98,0.6,54.15,10,8,0,48.0
Bangalore,2021-09-10,48,26.4,51.84,39.84,54.72,0.5,45.6,10,9,0,46.0
Bangalore,2021-10-10,46,25.3,49.68,38.18,52.44,0.48,43.7,10,10,1,51.0
Bangalore,2021-11-10,51,28.05,55.08,42.33,58.14,0.54,48.45,10,11,0,39.0
Bangalore,2021-12-10,39,21.45,42.12,32.37,44.46,0.41,37.05,10,12,0,56.0
Bangalore,2021-01-11,56,30.8,60.48,46.48,63.84,0.59,53.2,11,1,0,50.0
Bangalore,2021-02-11,50,27.5,54.0,41.5,57.0,0.53,47.5,11,2,0,56.0
Bangalore,2021-03-11,56,30.8,60.48,46.48,63.84,0.59,53.2,11,3,0,58.0
Bangalore,2021-04-11,58,31.9,62.64,48.14,66.12,0.61,55.1,11,4,1,57.0
Bangalore,2021-05-11,57,31.35,61.56,47.31,64.98,0.6,54.15,11,5,0,70.0
Bangalore,2021-06-11,70,38.5,75.6,58.1,79.8,0.74,66.5,11,6,0,77.0
Bangalore,2021-07-11,77,42.35,83.16,63.91,87.78,0.81,73.15,11,7,1,101.0
Bangalore,2021-08-11,101,55.55,109.08,83.83,115.14,1.06,95.95,11,8,0,106.0
Bangalore,2021-09-11,106,58.3,114.48,87.98,120.84,1.11,100.7,11,9,1,104.0
Bangalore,2021-10-11,104,57.2,112.32,86.32,118.56,1.09,98.8,11,10,0,91.0
Bangalore,2021-11-11,91,50.05,98.28,75.53,103.74,0.96,86.45,11,11,0,64.0
Bangalore,2021-12-11,64,35.2,69.12,53.12,72.96,0.67,60.8,11,12,1,60.0
Bangalore,2021-01-12,60,33.0,64.8,49.8,68.4,0.63,57.0,12,1,0,86.0
Bangalore,2021-02-12,86,47.3,92.88,71.38,98.04,0.9,81.7,12,2,0,98.0
Bangalore,2021-03-12,98,53.9,105.84,81.34,111.72,1.03,93.1,12,3,0,95.0
Bangalore,2021-04-12,95,52.25,102.6,78.85,108.3,1.0,90.25,12,4,0,86.0
Bangalore,2021-05-12,86,47.3,92.88,71.38,98.04,0.9,81.7,12,5,0,86.0
Bangalore,2021-06-12,86,47.3,92.88,71.38,98.04,0.9,81.7,12,6,1,113.0
Bangalore,2021-07-12,113,62.15,122.04,93.79,128.82,1.19,107.35,12,7,0,81.0
Bangalore,2021-08-12,81,44.55,87.48,67.23,92.34,0.85,76.95,12,8,0,66.0
Bangalore,2021-09-12,66,36.3,71.28,54.78,75.24,0.69,62.7,12,9,1,51.0
Bangalore,2021-10-12,51,28.05,55.08,42.33,58.14,0.54,48.45,12,10,0,61.0
Bangalore,2021-11-12,61,33.55,65.88,50.63,69.54,0.64,57.95,12,11,0,47.0
Bangalore,2021-12-12,47,25.85,50.76,39.01,53.58,0.49,44.65,12,12,1,51.0
Bangalore,2022-01-01,51,28.05,55.08,42.33,58.14,0.54,48.45,1,1,1,43.0
Bangalore,2022-02-01,43,23.65,46.44,35.69,49.02,0.45,40.85,1,2,0,55.0
Bangalore,2022-03-01,55,30.25,59.4,45.65,62.7,0.58,52.25,1,3,0,86.0
Bangalore,2022-04-01,86,47.3,92.88,71.38,98.04,0.9,81.7,1,4,0,88.0
Bangalore,2022-05-01,88,48.4,95.04,73.04,100.32,0.92,83.6,1,5,1,86.0
Bangalore,2022-06-01,86,47.3,92.88,71.38,98.04,0.9,81.7,1,6,0,79.0
Bangalore,2022-07-01,79,43.45,85.32,65.57,90.06,0.83,75.05,1,7,0,77.0
Bangalore,2022-08-01,77,42.35,83.16,63.91,87.78,0.81,73.15,1,8,0,71.0
Bangalore,2022-09-01,71,39.05,76.68,58.93,80.94,0.75,67.45,1,9,0,75.0
Bangalore,2022-10-01,75,41.25,81.0,62.25,85.5,0.79,71.25,1,10,1,74.0
Bangalore,2022-11-01,74,40.7,79.92,61.42,84.36,0.78,70.3,1,11,0,73.0
Bangalore,2022-12-01,73,40.15,78.84,60.59,83.22,0.77,69.35,1,12,0,118.0
Bangalore,2022-01-02,118,64.9,127.44,97.94,134.52,1.24,112.1,2,1,1,108.0
Bangalore,2022-02-02,108,59.4,116.64,89.64,123.12,1.13,102.6,2,2,0,111.0
Bangalore,2022-03-02,111,61.05,119.88,92.13,126.54,1.17,105.45,2,3,0,102.0
Bangalore,2022-04-02,102,56.1,110.16,84.66,116.28,1.07,96.9,2,4,1,114.0
Bangalore,2022-05-02,114,62.7,123.12,94.62,129.96,1.2,108.3,2,5,0,96.0
Bangalore,2022-06-02,96,52.8,103.68,79.68,109.44,1.01,91.2,2,6,0,80.0
Bangalore,2022-07-02,80,44.0,86.4,66.4,91.2,0.84,76.0,2,7,1,100.0
Bangalore,2022-08-02,100,55.0,108.0,83.0,114.0,1.05,95.0,2,8,0,91.0
Bangalore,2022-09-02,91,50.05,98.28,75.53,103.74,0.96,86.45,2,9,0,90.0
Bangalore,2022-10-02,90,49.5,97.2,74.7,102.6,0.95,85.5,2,10,1,113.0
Bangalore,2022-11-02,113,62.15,122.04,93.79,128.82,1.19,107.35,2,11,0,74.0
Bangalore,2022-12-02,74,40.7,79.92,61.42,84.36,0.78,70.3,2,12,0,96.0
Bangalore,2022-01-03,96,52.8,103.68,79.68,109.44,1.01,91.2,3,1,0,88.0
Bangalore,2022-02-03,88,48.4,95.04,73.04,100.32,0.92,83.6,3,2,0,96.0
Bangalore,2022-03-03,96,52.8,103.68,79.68,109.44,1.01,91.2,3,3,0,100.0
Bangalore,2022-04-03,100,55.0,108.0,83.0,114.0,1.05,95.0,3,4,1,76.0
Bangalore,2022-05-03,76,41.8,82.08,63.08,86.64,0.8,72.2,3,5,0,78.0
Bangalore,2022-06-03,78,42.9,84.24,64.74,88.92,0.82,74.1,3,6,0,69.0
Bangalore,2022-07-03,69,37.95,74.52,57.27,78.66,0.72,65.55,3,7,1,81.0
Bangalore,2022-08-03,81,44.55,87.48,67.23,92.34,0.85,76.95,3,8,0,119.0
Bangalore,2022-09-03,119,65.45,128.52,98.77,135.66,1.25,113.05,3,9,1,104.0
Bangalore,2022-10-03,104,57.2,112.32,86.32,118.56,1.09,98.8,3,10,0,96.0
Bangalore,2022-11-03,96,52.8,103.68,79.68,109.44,1.01,91.2,3,11,0,108.0
Bangalore,2022-12-03,108,59.4,116.64,89.64,123.12,1.13,102.6,3,12,1,97.0
Bangalore,2022-01-04,97,53.35,104.76,80.51,110.58,1.02,92.15,4,1,0,91.0
Bangalore,2022-02-04,91,50.05,98.28,75.53,103.74,0.96,86.45,4,2,0,104.0
Bangalore,2022-03-04,104,57.2,112.32,86.32,118.56,1.09,98.8,4,3,0,98.0
Bangalore,2022-04-04,98,53.9,105.84,81.34,111.72,1.03,93.1,4,4,0,94.0
Bangalore,2022-05-04,94,51.7,101.52,78.02,107.16,0.99,89.3,4,5,0,99.0
Bangalore,2022-06-04,99,54.45,106.92,82.17,112.86,1.04,94.05,4,6,1,99.0
Bangalore,2022-07-04,99,54.45,106.92,82.17,112.86,1.04,94.05,4,7,0,97.0
Bangalore,2022-08-04,97,53.35,104.76,80.51,110.58,1.02,92.15,4,8,0,76.0
Bangalore,2022-09-04,76,41.8,82.08,63.08,86.64,0.8,72.2,4,9,1,71.0
Bangalore,2022-10-04,71,39.05,76.68,58.93,80.94,0.75,67.45,4,10,0,73.0
Bangalore,2022-11-04,73,40.15,78.84,60.59,83.22,0.77,69.35,4,11,0,81.0
Bangalore,2022-12-04,81,44.55,87.48,67.23,92.34,0.85,76.95,4,12,1,87.0
Bangalore,2022-01-05,87,47.85,93.96,72.21,99.18,0.91,82.65,5,1,0,68.0
Bangalore,2022-02-05,68,37.4,73.44,56.44,77.52,0.71,64.6,5,2,1,77.0
Bangalore,2022-03-05,77,42.35,83.16,63.91,87.78,0.81,73.15,5,3,1,73.0
Bangalore,2022-04-05,73,40.15,78.84,60.59,83.22,0.77,69.35,5,4,0,68.0
Bangalore,2022-05-05,68,37.4,73.44,56.44,77.52,0.71,64.6,5,5,0,86.0
Bangalore,2022-06-05,86,47.3,92.88,71.38,98.04,0.9,81.7,5,6,1,77.0
Bangalore,2022-07-05,77,42.35,83.16,63.91,87.78,0.81,73.15,5,7,0,79.0
Bangalore,2022-08-05,79,43.45,85.32,65.57,90.06,0.83,75.05,5,8,0,76.0
Bangalore,2022-09-05,76,41.8,82.08,63.08,86.64,0.8,72.2,5,9,0,84.0
Bangalore,2022-10-05,84,46.2,90.72,69.72,95.76,0.88,79.8,5,10,0,74.0
Bangalore,2022-11-05,74,40.7,79.92,61.42,84.36,0.78,70.3,5,11,1,57.0
Bangalore,2022-12-05,57,31.35,61.56,47.31,64.98,0.6,54.15,5,12,0,67.0
Bangalore,2022-01-06,67,36.85,72.36,55.61,76.38,0.7,63.65,6,1,0,67.0
Bangalore,2022-02-06,67,36.85,72.36,55.61,76.38,0.7,63.65,6,2,1,79.0
Bangalore,2022-03-06,79,43.45,85.32,65.57,90.06,0.83,75.05,6,3,1,78.0
Bangalore,2022-04-06,78,42.9,84.24,64.74,88.92,0.82,74.1,6,4,0,76.0
Bangalore,2022-05-06,76,41.8,82.08,63.08,86.64,0.8,72.2,6,5,0,62.0
Bangalore,2022-06-06,62,34.1,66.96,51.46,70.68,0.65,58.9,6,6,0,62.0
Bangalore,2022-07-06,62,34.1,66.96,51.46,70.68,0.65,58.9,6,7,0,59.0
Bangalore,2022-08-06,59,32.45,63.72,48.97,67.26,0.62,56.05,6,8,1,66.0
Bangalore,2022-09-06,66,36.3,71.28,54.78,75.24,0.69,62.7,6,9,0,68.0
Bangalore,2022-10-06,68,37.4,73.44,56.44,77.52,0.71,64.6,6,10,0,68.0
Bangalore,2022-11-06,68,37.4,73.44,56.44,77.52,0.71,64.6,6,11,1,56.0
Bangalore,2022-12-06,56,30.8,60.48,46.48,63.84,0.59,53.2,6,12,0,56.0
Bangalore,2022-01-07,56,30.8,60.48,46.48,63.84,0.59,53.2,7,1,0,77.0
Bangalore,2022-02-07,77,42.35,83.16,63.91,87.78,0.81,73.15,7,2,0,79.0
Bangalore,2022-03-07,79,43.45,85.32,65.57,90.06,0.83,75.05,7,3,0,51.0
Bangalore,2022-04-07,51,28.05,55.08,42.33,58.14,0.54,48.45,7,4,0,52.0
Bangalore,2022-05-07,52,28.6,56.16,43.16,59.28,0.55,49.4,7,5,1,57.0
Bangalore,2022-06-07,57,31.35,61.56,47.31,64.98,0.6,54.15,7,6,0,53.0
Bangalore,2022-07-07,53,29.15,57.24,43.99,60.42,0.56,50.35,7,7,0,57.0
Bangalore,2022-08-07,57,31.35,61.56,47.31,64.98,0.6,54.15,7,8,1,60.0
Bangalore,2022-09-07,60,33.0,64.8,49.8,68.4,0.63,57.0,7,9,0,48.0
Bangalore,2022-10-07,48,26.4,51.84,39.84,54.72,0.5,45.6,7,10,0,56.0
Bangalore,2022-11-07,56,30.8,60.48,46.48,63.84,0.59,53.2,7,11,0,62.0
Bangalore,2022-12-07,62,34.1,66.96,51.46,70.68,0.65,58.9,7,12,0,67.0
Bangalore,2022-01-08,67,36.85,72.36,55.61,76.38,0.7,63.65,8,1,1,51.0
Bangalore,2022-02-08,51,28.05,55.08,42.33,58.14,0.54,48.45,8,2,0,50.0
Bangalore,2022-03-08,50,27.5,54.0,41.5,57.0,0.53,47.5,8,3,0,56.0
Bangalore,2022-04-08,56,30.8,60.48,46.48,63.84,0.59,53.2,8,4,0,51.0
Bangalore,2022-05-08,51,28.05,55.08,42.33,58.14,0.54,48.45,8,5,1,86.0
Bangalore,2022-06-08,86,47.3,92.88,71.38,98.04,0.9,81.7,8,6,0,43.0
Bangalore,2022-07-08,43,23.65,46.44,35.69,49.02,0.45,40.85,8,7,0,53.0
Bangalore,2022-08-08,53,29.15,57.24,43.99,60.42,0.56,50.35,8,8,0,57.0
Bangalore,2022-09-08,57,31.35,61.56,47.31,64.98,0.6,54.15,8,9,0,65.0
Bangalore,2022-10-08,65,35.75,70.2,53.95,74.1,0.68,61.75,8,10,1,65.0
Bangalore,2022-11-08,65,35.75,70.2,53.95,74.1,0.68,61.75,8,11,0,58.0
Bangalore,2022-12-08,58,31.9,62.64,48.14,66.12,0.61,55.1,8,12,0,50.0
Bangalore,2022-01-09,50,27.5,54.0,41.5,57.0,0.53,47.5,9,1,1,74.0
Bangalore,2022-02-09,74,40.7,79.92,61.42,84.36,0.78,70.3,9,2,0,70.0
Bangalore,2022-03-09,70,38.5,75.6,58.1,79.8,0.74,66.5,9,3,0,54.0
Bangalore,2022-04-09,54,29.7,58.32,44.82,61.56,0.57,51.3,9,4,1,45.0
Bangalore,2022-05-09,45,24.75,48.6,37.35,51.3,0.47,42.75,9,5,0,57.0
Bangalore,2022-06-09,57,31.35,61.56,47.31,64.98,0.6,54.15,9,6,0,44.0
Bangalore,2022-07-09,44,24.2,47.52,36.52,50.16,0.46,41.8,9,7,1,44.0
Bangalore,2022-08-09,44,24.2,47.52,36.52,50.16,0.46,41.8,9,8,0,51.0
Bangalore,2022-09-09,51,28.05,55.08,42.33,58.14,0.54,48.45,9,9,0,62.0
Bangalore,2022-10-09,62,34.1,66.96,51.46,70.68,0.65,58.9,9,10,1,48.0
Bangalore,2022-11-09,48,26.4,51.84,39.84,54.72,0.5,45.6,9,11,0,42.0
Bangalore,2022-12-09,42,23.1,45.36,34.86,47.88,0.44,39.9,9,12,0,72.0
Bangalore,2022-01-10,72,39.6,77.76,59.76,82.08,0.76,68.4,10,1,0,54.0
Bangalore,2022-02-10,54,29.7,58.32,44.82,61.56,0.57,51.3,10,2,0,132.0
Bangalore,2022-03-10,132,72.6,142.56,109.56,150.48,1.39,125.4,10,3,0,126.0
Bangalore,2022-04-10,126,69.3,136.08,104.58,143.64,1.32,119.7,10,4,1,105.0
Bangalore,2022-05-10,105,57.75,113.4,87.15,119.7,1.1,99.75,10,5,0,80.0
Bangalore,2022-06-10,80,44.0,86.4,66.4,91.2,0.84,76.0,10,6,0,109.0
Bangalore,2022-07-10,109,59.95,117.72,90.47,124.26,1.14,103.55,10,7,1,73.0
Bangalore,2022-08-10,73,40.15,78.84,60.59,83.22,0.77,69.35,10,8,0,69.0
Bangalore,2022-09-10,69,37.95,74.52,57.27,78.66,0.72,65.55,10,9,1,58.0
Bangalore,2022-10-10,58,31.9,62.64,48.14,66.12,0.61,55.1,10,10,0,50.0
Bangalore,2022-11-10,50,27.5,54.0,41.5,57.0,0.53,47.5,10,11,0,64.0
Bangalore,2022-12-10,64,35.2,69.12,53.12,72.96,0.67,60.8,10,12,1,105.0
Bangalore,2022-01-11,105,57.75,113.4,87.15,119.7,1.1,99.75,11,1,0,53.0
Bangalore,2022-02-11,53,29.15,57.24,43.99,60.42,0.56,50.35,11,2,0,54.0
Bangalore,2022-03-11,54,29.7,58.32,44.82,61.56,0.57,51.3,11,3,0,54.0
Bangalore,2022-04-11,54,29.7,58.32,44.82,61.56,0.57,51.3,11,4,0,49.0
Bangalore,2022-05-11,49,26.95,52.92,40.67,55.86,0.51,46.55,11,5,0,58.0
Bangalore,2022-06-11,58,31.9,62.64,48.14,66.12,0.61,55.1,11,6,1,119.0
Bangalore,2022-07-11,119,65.45,128.52,98.77,135.66,1.25,113.05,11,7,0,96.0
Bangalore,2022-08-11,96,52.8,103.68,79.68,109.44,1.01,91.2,11,8,0,100.0
Bangalore,2022-09-11,100,55.0,108.0,83.0,114.0,1.05,95.0,11,9,1,112.0
Bangalore,2022-10-11,112,61.6,120.96,92.96,127.68,1.18,106.4,11,10,0,111.0
Bangalore,2022-11-11,111,61.05,119.88,92.13,126.54,1.17,105.45,11,11,0,98.0
Bangalore,2022-12-11,98,53.9,105.84,81.34,111.72,1.03,93.1,11,12,1,128.0
Bangalore,2022-01-12,128,70.4,138.24,106.24,145.92,1.34,121.6,12,1,0,93.0
Bangalore,2022-02-12,93,51.15,100.44,77.19,106.02,0.98,88.35,12,2,1,68.0
Bangalore,2022-03-12,68,37.4,73.44,56.44,77.52,0.71,64.6,12,3,1,52.0
Bangalore,2022-04-12,52,28.6,56.16,43.16,59.28,0.55,49.4,12,4,0,77.0
Bangalore,2022-05-12,77,42.35,83.16,63.91,87.78,0.81,73.15,12,5,0,108.0
Bangalore,2022-06-12,108,59.4,116.64,89.64,123.12,1.13,102.6,12,6,1,124.0
Bangalore,2022-07-12,124,68.2,133.92,102.92,141.36,1.3,117.8,12,7,0,125.0
Bangalore,2022-08-12,125,68.75,135.0,103.75,142.5,1.31,118.75,12,8,0,127.0
Bangalore,2022-09-12,127,69.85,137.16,105.41,144.78,1.33,120.65,12,9,0,68.0
Bangalore,2022-10-12,68,37.4,73.44,56.44,77.52,0.71,64.6,12,10,0,24.0
Bangalore,2022-11-12,24,13.2,25.92,19.92,27.36,0.25,22.8,12,11,1,42.0
Bangalore,2022-12-12,42,23.1,45.36,34.86,47.88,0.44,39.9,12,12,0,88.0
Bangalore,2023-01-01,88,48.4,95.04,73.04,100.32,0.92,83.6,1,1,1,86.0
Bangalore,2023-02-01,86,47.3,92.88,71.38,98.04,0.9,81.7,1,2,0,82.0
Bangalore,2023-03-01,82,45.1,88.56,68.06,93.48,0.86,77.9,1,3,0,90.0
Bangalore,2023-04-01,90,49.5,97.2,74.7,102.6,0.95,85.5,1,4,1,87.0
Bangalore,2023-05-01,87,47.85,93.96,72.21,99.18,0.91,82.65,1,5,0,104.0
Bangalore,2023-06-01,104,57.2,112.32,86.32,118.56,1.09,98.8,1,6,0,91.0
Bangalore,2023-07-01,91,50.05,98.28,75.53,103.74,0.96,86.45,1,7,1,113.0
Bangalore,2023-08-01,113,62.15,122.04,93.79,128.82,1.19,107.35,1,8,0,118.0
Bangalore,2023-09-01,118,64.9,127.44,97.94,134.52,1.24,112.1,1,9,0,93.0
Bangalore,2023-10-01,93,51.15,100.44,77.19,106.02,0.98,88.35,1,10,1,102.0
Bangalore,2023-11-01,102,56.1,110.16,84.66,116.28,1.07,96.9,1,11,0,126.0
Bangalore,2023-12-01,126,69.3,136.08,104.58,143.64,1.32,119.7,1,12,0,93.0
Bangalore,2023-01-02,93,51.15,100.44,77.19,106.02,0.98,88.35,2,1,0,95.0
Bangalore,2023-02-02,95,52.25,102.6,78.85,108.3,1.0,90.25,2,2,0,86.0
Bangalore,2023-03-02,86,47.3,92.88,71.38,98.04,0.9,81.7,2,3,0,81.0
Bangalore,2023-04-02,81,44.55,87.48,67.23,92.34,0.85,76.95,2,4,1,90.0
Bangalore,2023-05-02,90,49.5,97.2,74.7,102.6,0.95,85.5,2,5,0,95.0
Bangalore,2023-06-02,95,52.25,102.6,78.85,108.3,1.0,90.25,2,6,0,150.0
Bangalore,2023-07-02,150,82.5,162.0,124.5,171.0,1.58,142.5,2,7,1,121.0
Bangalore,2023-08-02,121,66.55,130.68,100.43,137.94,1.27,114.95,2,8,0,116.0
Bangalore,2023-09-02,116,63.8,125.28,96.28,132.24,1.22,110.2,2,9,1,93.0
Bangalore,2023-10-02,93,51.15,100.44,77.19,106.02,0.98,88.35,2,10,0,95.0
Bangalore,2023-11-02,95,52.25,102.6,78.85,108.3,1.0,90.25,2,11,0,97.0
Bangalore,2023-12-02,97,53.35,104.76,80.51,110.58,1.02,92.15,2,12,1,89.0
Bangalore,2023-01-03,89,48.95,96.12,73.87,101.46,0.93,84.55,3,1,0,87.0
Bangalore,2023-02-03,87,47.85,93.96,72.21,99.18,0.91,82.65,3,2,0,101.0
Bangalore,2023-03-03,101,55.55,109.08,83.83,115.14,1.06,95.95,3,3,0,96.0
Bangalore,2023-04-03,96,52.8,103.68,79.68,109.44,1.01,91.2,3,4,0,92.0
Bangalore,2023-05-03,92,50.6,99.36,76.36,104.88,0.97,87.4,3,5,0,92.0
Bangalore,2023-06-03,92,50.6,99.36,76.36,104.88,0.97,87.4,3,6,1,84.0
Bangalore,2023-07-03,84,46.2,90.72,69.72,95.76,0.88,79.8,3,7,0,82.0
Bangalore,2023-08-03,82,45.1,88.56,68.06,93.48,0.86,77.9,3,8,0,86.0
Bangalore,2023-09-03,86,47.3,92.88,71.38,98.04,0.9,81.7,3,9,1,87.0
Bangalore,2023-10-03,87,47.85,93.96,72.21,99.18,0.91,82.65,3,10,0,88.0
Bangalore,2023-11-03,88,48.4,95.04,73.04,100.32,0.92,83.6,3,11,0,78.0
Bangalore,2023-12-03,78,42.9,84.24,64.74,88.92,0.82,74.1,3,12,1,73.0
Bangalore,2023-01-04,73,40.15,78.84,60.59,83.22,0.77,69.35,4,1,0,67.0
Bangalore,2023-02-04,67,36.85,72.36,55.61,76.38,0.7,63.65,4,2,1,80.0
Bangalore,2023-03-04,80,44.0,86.4,66.4,91.2,0.84,76.0,4,3,1,60.0
Bangalore,2023-04-04,60,33.0,64.8,49.8,68.4,0.63,57.0,4,4,0,74.0
Bangalore,2023-05-04,74,40.7,79.92,61.42,84.36,0.78,70.3,4,5,0,78.0
Bangalore,2023-06-04,78,42.9,84.24,64.74,88.92,0.82,74.1,4,6,1,76.0
Bangalore,2023-07-04,76,41.8,82.08,63.08,86.64,0.8,72.2,4,7,0,79.0
Bangalore,2023-08-04,79,43.45,85.32,65.57,90.06,0.83,75.05,4,8,0,71.0
Bangalore,2023-09-04,71,39.05,76.68,58.93,80.94,0.75,67.45,4,9,0,59.0
Bangalore,2023-10-04,59,32.45,63.72,48.97,67.26,0.62,56.05,4,10,0,66.0
Bangalore,2023-11-04,66,36.3,71.28,54.78,75.24,0.69,62.7,4,11,1,79.0
Bangalore,2023-12-04,79,43.45,85.32,65.57,90.06,0.83,75.05,4,12,0,51.0
Bangalore,2023-01-05,51,28.05,55.08,42.33,58.14,0.54,48.45,5,1,0,59.0
Bangalore,2023-02-05,59,32.45,63.72,48.97,67.26,0.62,56.05,5,2,1,60.0
Bangalore,2023-03-05,60,33.0,64.8,49.8,68.4,0.63,57.0,5,3,1,63.0
Bangalore,2023-04-05,63,34.65,68.04,52.29,71.82,0.66,59.85,5,4,0,52.0
Bangalore,2023-05-05,52,28.6,56.16,43.16,59.28,0.55,49.4,5,5,0,51.0
Bangalore,2023-06-05,51,28.05,55.08,42.33,58.14,0.54,48.45,5,6,0,51.0
Bangalore,2023-07-05,51,28.05,55.08,42.33,58.14,0.54,48.45,5,7,0,54.0
Bangalore,2023-08-05,54,29.7,58.32,44.82,61.56,0.57,51.3,5,8,1,51.0
Bangalore,2023-09-05,51,28.05,55.08,42.33,58.14,0.54,48.45,5,9,0,54.0
Bangalore,2023-10-05,54,29.7,58.32,44.82,61.56,0.57,51.3,5,10,0,74.0
Bangalore,2023-11-05,74,40.7,79.92,61.42,84.36,0.78,70.3,5,11,1,61.0
Bangalore,2023-12-05,61,33.55,65.88,50.63,69.54,0.64,57.95,5,12,0,53.0
Bangalore,2023-01-06,53,29.15,57.24,43.99,60.42,0.56,50.35,6,1,0,60.0
Bangalore,2023-02-06,60,33.0,64.8,49.8,68.4,0.63,57.0,6,2,0,73.0
Bangalore,2023-03-06,73,40.15,78.84,60.59,83.22,0.77,69.35,6,3,0,71.0
Bangalore,2023-04-06,71,39.05,76.68,58.93,80.94,0.75,67.45,6,4,0,66.0
Bangalore,2023-05-06,66,36.3,71.28,54.78,75.24,0.69,62.7,6,5,1,65.0
Bangalore,2023-06-06,65,35.75,70.2,53.95,74.1,0.68,61.75,6,6,0,59.0
Bangalore,2023-07-06,59,32.45,63.72,48.97,67.26,0.62,56.05,6,7,0,49.0
Bangalore,2023-08-06,49,26.95,52.92,40.67,55.86,0.51,46.55,6,8,1,46.0
Bangalore,2023-09-06,46,25.3,49.68,38.18,52.44,0.48,43.7,6,9,0,53.0
Bangalore,2023-10-06,53,29.15,57.24,43.99,60.42,0.56,50.35,6,10,0,43.0
Bangalore,2023-11-06,43,23.65,46.44,35.69,49.02,0.45,40.85,6,11,0,39.0
Bangalore,2023-12-06,39,21.45,42.12,32.37,44.46,0.41,37.05,6,12,0,43.0
Bangalore,2023-01-07,43,23.65,46.44,35.69,49.02,0.45,40.85,7,1,1,50.0
Bangalore,2023-02-07,50,27.5,54.0,41.5,57.0,0.53,47.5,7,2,0,44.0
Bangalore,2023-03-07,44,24.2,47.52,36.52,50.16,0.46,41.8,7,3,0,34.0
Bangalore,2023-04-07,34,18.7,36.72,28.22,38.76,0.36,32.3,7,4,0,36.0
Bangalore,2023-05-07,36,19.8,38.88,29.88,41.04,0.38,34.2,7,5,1,37.0
Bangalore,2023-06-07,37,20.35,39.96,30.71,42.18,0.39,35.15,7,6,0,39.0
Bangalore,2023-07-07,39,21.45,42.12,32.37,44.46,0.41,37.05,7,7,0,38.0
Bangalore,2023-08-07,38,20.9,41.04,31.54,43.32,0.4,36.1,7,8,0,39.0
Bangalore,2023-09-07,39,21.45,42.12,32.37,44.46,0.41,37.05,7,9,0,40.0
Bangalore,2023-10-07,40,22.0,43.2,33.2,45.6,0.42,38.0,7,10,1,52.0
Bangalore,2023-11-07,52,28.6,56.16,43.16,59.28,0.55,49.4,7,11,0,49.0
Bangalore,2023-12-07,49,26.95,52.92,40.67,55.86,0.51,46.55,7,12,0,67.0
Bangalore,2023-01-08,67,36.85,72.36,55.61,76.38,0.7,63.65,8,1,1,68.0
Bangalore,2023-02-08,68,37.4,73.44,56.44,77.52,0.71,64.6,8,2,0,64.0
Bangalore,2023-03-08,64,35.2,69.12,53.12,72.96,0.67,60.8,8,3,0,54.0
Bangalore,2023-04-08,54,29.7,58.32,44.82,61.56,0.57,51.3,8,4,1,58.0
Bangalore,2023-05-08,58,31.9,62.64,48.14,66.12,0.61,55.1,8,5,0,42.0
Bangalore,2023-06-08,42,23.1,45.36,34.86,47.88,0.44,39.9,8,6,0,50.0
Bangalore,2023-07-08,50,27.5,54.0,41.5,57.0,0.53,47.5,8,7,1,64.0
Bangalore,2023-08-08,64,35.2,69.12,53.12,72.96,0.67,60.8,8,8,0,60.0
Bangalore,2023-09-08,60,33.0,64.8,49.8,68.4,0.63,57.0,8,9,0,65.0
Bangalore,2023-10-08,65,35.75,70.2,53.95,74.1,0.68,61.75,8,10,1,64.0
Bangalore,2023-11-08,64,35.2,69.12,53.12,72.96,0.67,60.8,8,11,0,74.0
Bangalore,2023-12-08,74,40.7,79.92,61.42,84.36,0.78,70.3,8,12,0,57.0
Bangalore,2023-01-09,57,31.35,61.56,47.31,64.98,0.6,54.15,9,1,0,51.0
Bangalore,2023-02-09,51,28.05,55.08,42.33,58.14,0.54,48.45,9,2,0,51.0
Bangalore,2023-03-09,51,28.05,55.08,42.33,58.14,0.54,48.45,9,3,0,68.0
Bangalore,2023-04-09,68,37.4,73.44,56.44,77.52,0.71,64.6,9,4,1,52.0
Bangalore,2023-05-09,52,28.6,56.16,43.16,59.28,0.55,49.4,9,5,0,34.0
Bangalore,2023-06-09,34,18.7,36.72,28.22,38.76,0.36,32.3,9,6,0,40.0
Bangalore,2023-07-09,40,22.0,43.2,33.2,45.6,0.42,38.0,9,7,1,48.0
Bangalore,2023-08-09,48,26.4,51.84,39.84,54.72,0.5,45.6,9,8,0,48.0
Bangalore,2023-09-09,48,26.4,51.84,39.84,54.72,0.5,45.6,9,9,1,50.0
Bangalore,2023-10-09,50,27.5,54.0,41.5,57.0,0.53,47.5,9,10,0,49.0
Bangalore,2023-11-09,49,26.95,52.92,40.67,55.86,0.51,46.55,9,11,0,49.0
Bangalore,2023-12-09,49,26.95,52.92,40.67,55.86,0.51,46.55,9,12,1,39.0
Bangalore,2023-01-10,39,21.45,42.12,32.37,44.46,0.41,37.05,10,1,0,52.0
Bangalore,2023-02-10,52,28.6,56.16,43.16,59.28,0.55,49.4,10,2,0,94.0
Bangalore,2023-03-10,94,51.7,101.52,78.02,107.16,0.99,89.3,10,3,0,88.0
Bangalore,2023-04-10,88,48.4,95.04,73.04,100.32,0.92,83.6,10,4,0,85.0
Bangalore,2023-05-10,85,46.75,91.8,70.55,96.9,0.89,80.75,10,5,0,91.0
Bangalore,2023-06-10,91,50.05,98.28,75.53,103.74,0.96,86.45,10,6,1,95.0
Bangalore,2023-07-10,95,52.25,102.6,78.85,108.3,1.0,90.25,10,7,0,88.0
Bangalore,2023-08-10,88,48.4,95.04,73.04,100.32,0.92,83.6,10,8,0,67.0
Bangalore,2023-09-10,67,36.85,72.36,55.61,76.38,0.7,63.65,10,9,1,69.0
Bangalore,2023-10-10,69,37.95,74.52,57.27,78.66,0.72,65.55,10,10,0,77.0
Bangalore,2023-11-10,77,42.35,83.16,63.91,87.78,0.81,73.15,10,11,0,99.0
Bangalore,2023-12-10,99,54.45,106.92,82.17,112.86,1.04,94.05,10,12,1,81.0
Bangalore,2023-01-11,81,44.55,87.48,67.23,92.34,0.85,76.95,11,1,0,67.0
Bangalore,2023-02-11,67,36.85,72.36,55.61,76.38,0.7,63.65,11,2,1,46.0
Bangalore,2023-03-11,46,25.3,49.68,38.18,52.44,0.48,43.7,11,3,1,46.0
Bangalore,2023-04-11,46,25.3,49.68,38.18,52.44,0.48,43.7,11,4,0,43.0
Bangalore,2023-05-11,43,23.65,46.44,35.69,49.02,0.45,40.85,11,5,0,53.0
Bangalore,2023-06-11,53,29.15,57.24,43.99,60.42,0.56,50.35,11,6,1,49.0
Bangalore,2023-07-11,49,26.95,52.92,40.67,55.86,0.51,46.55,11,7,0,43.0
Bangalore,2023-08-11,43,23.65,46.44,35.69,49.02,0.45,40.85,11,8,0,62.0
Bangalore,2023-09-11,62,34.1,66.96,51.46,70.68,0.65,58.9,11,9,0,79.0
Bangalore,2023-10-11,79,43.45,85.32,65.57,90.06,0.83,75.05,11,10,0,90.0
Bangalore,2023-11-11,90,49.5,97.2,74.7,102.6,0.95,85.5,11,11,1,88.0
Bangalore,2023-12-11,88,48.4,95.04,73.04,100.32,0.92,83.6,11,12,0,51.0
Bangalore,2023-01-12,51,28.05,55.08,42.33,58.14,0.54,48.45,12,1,0,76.0
Bangalore,2023-02-12,76,41.8,82.08,63.08,86.64,0.8,72.2,12,2,1,61.0
Bangalore,2023-03-12,61,33.55,65.88,50.63,69.54,0.64,57.95,12,3,1,74.0
Bangalore,2023-04-12,74,40.7,79.92,61.42,84.36,0.78,70.3,12,4,0,75.0
Bangalore,2023-05-12,75,41.25,81.0,62.25,85.5,0.79,71.25,12,5,0,113.0
Bangalore,2023-06-12,113,62.15,122.04,93.79,128.82,1.19,107.35,12,6,0,102.0
Bangalore,2023-07-12,102,56.1,110.16,84.66,116.28,1.07,96.9,12,7,0,97.0
Bangalore,2023-08-12,97,53.35,104.76,80.51,110.58,1.02,92.15,12,8,1,79.0
Bangalore,2023-09-12,79,43.45,85.32,65.57,90.06,0.83,75.05,12,9,0,84.0
Bangalore,2023-10-12,84,46.2,90.72,69.72,95.76,0.88,79.8,12,10,0,79.0
Bangalore,2023-11-12,79,43.45,85.32,65.57,90.06,0.83,75.05,12,11,1,90.0
Bangalore,2023-12-12,90,49.5,97.2,74.7,102.6,0.95,85.5,12,12,0,91.0
Bangalore,2024-01-01,91,50.05,98.28,75.53,103.74,0.96,86.45,1,1,0,93.0
Bangalore,2024-02-01,93,51.15,100.44,77.19,106.02,0.98,88.35,1,2,0,96.0
Bangalore,2024-03-01,96,52.8,103.68,79.68,109.44,1.01,91.2,1,3,0,98.0
Bangalore,2024-04-01,98,53.9,105.84,81.34,111.72,1.03,93.1,1,4,0,93.0
Bangalore,2024-05-01,93,51.15,100.44,77.19,106.02,0.98,88.35,1,5,0,88.0
Bangalore,2024-06-01,88,48.4,95.04,73.04,100.32,0.92,83.6,1,6,1,76.0
Bangalore,2024-07-01,76,41.8,82.08,63.08,86.64,0.8,72.2,1,7,0,65.0
Bangalore,2024-08-01,65,35.75,70.2,53.95,74.1,0.68,61.75,1,8,0,73.0
Bangalore,2024-09-01,73,40.15,78.84,60.59,83.22,0.77,69.35,1,9,1,122.0
Bangalore,2024-10-01,122,67.1,131.76,101.26,139.08,1.28,115.9,1,10,0,92.0
Bangalore,2024-11-01,92,50.6,99.36,76.36,104.88,0.97,87.4,1,11,0,88.0
Bangalore,2024-12-01,88,48.4,95.04,73.04,100.32,0.92,83.6,1,12,1,106.0
Bangalore,2024-01-02,106,58.3,114.48,87.98,120.84,1.11,100.7,2,1,0,108.0
Bangalore,2024-02-02,108,59.4,116.64,89.64,123.12,1.13,102.6,2,2,0,108.0
Bangalore,2024-03-02,108,59.4,116.64,89.64,123.12,1.13,102.6,2,3,1,95.0
Bangalore,2024-04-02,95,52.25,102.6,78.85,108.3,1.0,90.25,2,4,0,93.0
Bangalore,2024-05-02,93,51.15,100.44,77.19,106.02,0.98,88.35,2,5,0,97.0
Bangalore,2024-06-02,97,53.35,104.76,80.51,110.58,1.02,92.15,2,6,1,99.0
Bangalore,2024-07-02,99,54.45,106.92,82.17,112.86,1.04,94.05,2,7,0,97.0
Bangalore,2024-08-02,97,53.35,104.76,80.51,110.58,1.02,92.15,2,8,0,95.0
Bangalore,2024-09-02,95,52.25,102.6,78.85,108.3,1.0,90.25,2,9,0,97.0
Bangalore,2024-10-02,97,53.35,104.76,80.51,110.58,1.02,92.15,2,10,0,92.0
Bangalore,2024-11-02,92,50.6,99.36,76.36,104.88,0.97,87.4,2,11,1,98.0
Bangalore,2024-12-02,98,53.9,105.84,81.34,111.72,1.03,93.1,2,12,0,77.0
Bangalore,2024-01-03,77,42.35,83.16,63.91,87.78,0.81,73.15,3,1,0,83.0
Bangalore,2024-02-03,83,45.65,89.64,68.89,94.62,0.87,78.85,3,2,1,109.0
Bangalore,2024-03-03,109,59.95,117.72,90.47,124.26,1.14,103.55,3,3,1,97.0
Bangalore,2024-04-03,97,53.35,104.76,80.51,110.58,1.02,92.15,3,4,0,118.0
Bangalore,2024-05-03,118,64.9,127.44,97.94,134.52,1.24,112.1,3,5,0,101.0
Bangalore,2024-06-03,101,55.55,109.08,83.83,115.14,1.06,95.95,3,6,0,128.0
Bangalore,2024-07-03,128,70.4,138.24,106.24,145.92,1.34,121.6,3,7,0,140.0
Bangalore,2024-08-03,140,77.0,151.2,116.2,159.6,1.47,133.0,3,8,1,121.0
Bangalore,2024-09-03,121,66.55,130.68,100.43,137.94,1.27,114.95,3,9,0,133.0
Bangalore,2024-10-03,133,73.15,143.64,110.39,151.62,1.4,126.35,3,10,0,119.0
Bangalore,2024-11-03,119,65.45,128.52,98.77,135.66,1.25,113.05,3,11,1,121.0
Bangalore,2024-12-03,121,66.55,130.68,100.43,137.94,1.27,114.95,3,12,0,87.0
Bangalore,2024-01-04,87,47.85,93.96,72.21,99.18,0.91,82.65,4,1,0,95.0
Bangalore,2024-02-04,95,52.25,102.6,78.85,108.3,1.0,90.25,4,2,1,81.0
Bangalore,2024-03-04,81,44.55,87.48,67.23,92.34,0.85,76.95,4,3,0,78.0
Bangalore,2024-04-04,78,42.9,84.24,64.74,88.92,0.82,74.1,4,4,0,76.0
Bangalore,2024-05-04,76,41.8,82.08,63.08,86.64,0.8,72.2,4,5,1,90.0
Bangalore,2024-06-04,90,49.5,97.2,74.7,102.6,0.95,85.5,4,6,0,82.0
Bangalore,2024-07-04,82,45.1,88.56,68.06,93.48,0.86,77.9,4,7,0,79.0
Bangalore,2024-08-04,79,43.45,85.32,65.57,90.06,0.83,75.05,4,8,1,79.0
Bangalore,2024-09-04,79,43.45,85.32,65.57,90.06,0.83,75.05,4,9,0,86.0
Bangalore,2024-10-04,86,47.3,92.88,71.38,98.04,0.9,81.7,4,10,0,62.0
Bangalore,2024-11-04,62,34.1,66.96,51.46,70.68,0.65,58.9,4,11,0,62.0
Bangalore,2024-12-04,62,34.1,66.96,51.46,70.68,0.65,58.9,4,12,0,83.0
Bangalore,2024-01-05,83,45.65,89.64,68.89,94.62,0.87,78.85,5,1,0,95.0
Bangalore,2024-02-05,95,52.25,102.6,78.85,108.3,1.0,90.25,5,2,0,94.0
Bangalore,2024-03-05,94,51.7,101.52,78.02,107.16,0.99,89.3,5,3,0,60.0
Bangalore,2024-04-05,60,33.0,64.8,49.8,68.4,0.63,57.0,5,4,0,94.0
Bangalore,2024-05-05,94,51.7,101.52,78.02,107.16,0.99,89.3,5,5,1,84.0
Bangalore,2024-06-05,84,46.2,90.72,69.72,95.76,0.88,79.8,5,6,0,65.0
Bangalore,2024-07-05,65,35.75,70.2,53.95,74.1,0.68,61.75,5,7,0,65.0
Bangalore,2024-08-05,65,35.75,70.2,53.95,74.1,0.68,61.75,5,8,0,79.0
Bangalore,2024-09-05,79,43.45,85.32,65.57,90.06,0.83,75.05,5,9,0,71.0
Bangalore,2024-10-05,71,39.05,76.68,58.93,80.94,0.75,67.45,5,10,1,60.0
Bangalore,2024-11-05,60,33.0,64.8,49.8,68.4,0.63,57.0,5,11,0,68.0
Bangalore,2024-12-05,68,37.4,73.44,56.44,77.52,0.71,64.6,5,12,0,73.0
Bangalore,2024-01-06,73,40.15,78.84,60.59,83.22,0.77,69.35,6,1,1,46.0
Bangalore,2024-02-06,46,25.3,49.68,38.18,52.44,0.48,43.7,6,2,0,49.0
Bangalore,2024-03-06,49,26.95,52.92,40.67,55.86,0.51,46.55,6,3,0,54.0
Bangalore,2024-04-06,54,29.7,58.32,44.82,61.56,0.57,51.3,6,4,1,46.0
Bangalore,2024-05-06,46,25.3,49.68,38.18,52.44,0.48,43.7,6,5,0,50.0
Bangalore,2024-06-06,50,27.5,54.0,41.5,57.0,0.53,47.5,6,6,0,39.0
Bangalore,2024-07-06,39,21.45,42.12,32.37,44.46,0.41,37.05,6,7,1,45.0
Bangalore,2024-08-06,45,24.75,48.6,37.35,51.3,0.47,42.75,6,8,0,46.0
Bangalore,2024-09-06,46,25.3,49.68,38.18,52.44,0.48,43.7,6,9,0,44.0
Bangalore,2024-10-06,44,24.2,47.52,36.52,50.16,0.46,41.8,6,10,1,45.0
Bangalore,2024-11-06,45,24.75,48.6,37.35,51.3,0.47,42.75,6,11,0,45.0
Bangalore,2024-12-06,45,24.75,48.6,37.35,51.3,0.47,42.75,6,12,0,44.0
Bangalore,2024-01-07,44,24.2,47.52,36.52,50.16,0.46,41.8,7,1,1,47.0
Bangalore,2024-02-07,47,25.85,50.76,39.01,53.58,0.49,44.65,7,2,0,52.0
Bangalore,2024-03-07,52,28.6,56.16,43.16,59.28,0.55,49.4,7,3,0,50.0
Bangalore,2024-04-07,50,27.5,54.0,41.5,57.0,0.53,47.5,7,4,1,54.0
Bangalore,2024-05-07,54,29.7,58.32,44.82,61.56,0.57,51.3,7,5,0,52.0
Bangalore,2024-06-07,52,28.6,56.16,43.16,59.28,0.55,49.4,7,6,0,61.0
Bangalore,2024-07-07,61,33.55,65.88,50.63,69.54,0.64,57.95,7,7,1,49.0
Bangalore,2024-08-07,49,26.95,52.92,40.67,55.86,0.51,46.55,7,8,0,50.0
Bangalore,2024-09-07,50,27.5,54.0,41.5,57.0,0.53,47.5,7,9,1,57.0
Bangalore,2024-10-07,57,31.35,61.56,47.31,64.98,0.6,54.15,7,10,0,56.0
Bangalore,2024-11-07,56,30.8,60.48,46.48,63.84,0.59,53.2,7,11,0,57.0
Bangalore,2024-12-07,57,31.35,61.56,47.31,64.98,0.6,54.15,7,12,1,50.0
Bangalore,2024-01-08,50,27.5,54.0,41.5,57.0,0.53,47.5,8,1,0,48.0
Bangalore,2024-02-08,48,26.4,51.84,39.84,54.72,0.5,45.6,8,2,0,50.0
Bangalore,2024-03-08,50,27.5,54.0,41.5,57.0,0.53,47.5,8,3,0,52.0
Bangalore,2024-04-08,52,28.6,56.16,43.16,59.28,0.55,49.4,8,4,0,55.0
Bangalore,2024-05-08,55,30.25,59.4,45.65,62.7,0.58,52.25,8,5,0,45.0
Bangalore,2024-06-08,45,24.75,48.6,37.35,51.3,0.47,42.75,8,6,1,45.0
Bangalore,2024-07-08,45,24.75,48.6,37.35,51.3,0.47,42.75,8,7,0,58.0
Bangalore,2024-08-08,58,31.9,62.64,48.14,66.12,0.61,55.1,8,8,0,55.0
Bangalore,2024-09-08,55,30.25,59.4,45.65,62.7,0.58,52.25,8,9,1,60.0
Bangalore,2024-10-08,60,33.0,64.8,49.8,68.4,0.63,57.0,8,10,0,56.0
Bangalore,2024-11-08,56,30.8,60.48,46.48,63.84,0.59,53.2,8,11,0,56.0
Bangalore,2024-12-08,56,30.8,60.48,46.48,63.84,0.59,53.2,8,12,1,52.0
Bangalore,2024-01-09,52,28.6,56.16,43.16,59.28,0.55,49.4,9,1,0,51.0
Bangalore,2024-02-09,51,28.05,55.08,42.33,58.14,0.54,48.45,9,2,0,56.0
Bangalore,2024-03-09,56,30.8,60.48,46.48,63.84,0.59,53.2,9,3,1,64.0
Bangalore,2024-04-09,64,35.2,69.12,53.12,72.96,0.67,60.8,9,4,0,61.0
Bangalore,2024-05-09,61,33.55,65.88,50.63,69.54,0.64,57.95,9,5,0,57.0
Bangalore,2024-06-09,57,31.35,61.56,47.31,64.98,0.6,54.15,9,6,1,60.0
Bangalore,2024-07-09,60,33.0,64.8,49.8,68.4,0.63,57.0,9,7,0,48.0
Bangalore,2024-08-09,48,26.4,51.84,39.84,54.72,0.5,45.6,9,8,0,46.0
Bangalore,2024-09-09,46,25.3,49.68,38.18,52.44,0.48,43.7,9,9,0,54.0
Bangalore,2024-10-09,54,29.7,58.32,44.82,61.56,0.57,51.3,9,10,0,53.0
Bangalore,2024-11-09,53,29.15,57.24,43.99,60.42,0.56,50.35,9,11,1,60.0
Bangalore,2024-12-09,60,33.0,64.8,49.8,68.4,0.63,57.0,9,12,0,70.0
Bangalore,2024-01-10,70,38.5,75.6,58.1,79.8,0.74,66.5,10,1,0,69.0
Bangalore,2024-02-10,69,37.95,74.52,57.27,78.66,0.72,65.55,10,2,1,48.0
Bangalore,2024-03-10,48,26.4,51.84,39.84,54.72,0.5,45.6,10,3,1,68.0
Bangalore,2024-04-10,68,37.4,73.44,56.44,77.52,0.71,64.6,10,4,0,54.0
Bangalore,2024-05-10,54,29.7,58.32,44.82,61.56,0.57,51.3,10,5,0,56.0
Bangalore,2024-06-10,56,30.8,60.48,46.48,63.84,0.59,53.2,10,6,0,100.0
Bangalore,2024-07-10,100,55.0,108.0,83.0,114.0,1.05,95.0,10,7,0,69.0
Bangalore,2024-08-10,69,37.95,74.52,57.27,78.66,0.72,65.55,10,8,1,65.0
Bangalore,2024-09-10,65,35.75,70.2,53.95,74.1,0.68,61.75,10,9,0,60.0
Bangalore,2024-10-10,60,33.0,64.8,49.8,68.4,0.63,57.0,10,10,0,55.0
Bangalore,2024-11-10,55,30.25,59.4,45.65,62.7,0.58,52.25,10,11,1,53.0
Bangalore,2024-12-10,53,29.15,57.24,43.99,60.42,0.56,50.35,10,12,0,135.0
Bangalore,2024-01-11,135,74.25,145.8,112.05,153.9,1.42,128.25,11,1,0,122.0
Bangalore,2024-02-11,122,67.1,131.76,101.26,139.08,1.28,115.9,11,2,1,75.0
Bangalore,2024-03-11,75,41.25,81.0,62.25,85.5,0.79,71.25,11,3,0,69.0
Bangalore,2024-04-11,69,37.95,74.52,57.27,78.66,0.72,65.55,11,4,0,71.0
Bangalore,2024-05-11,71,39.05,76.68,58.93,80.94,0.75,67.45,11,5,1,110.0
Bangalore,2024-06-11,110,60.5,118.8,91.3,125.4,1.16,104.5,11,6,0,101.0
Bangalore,2024-07-11,101,55.55,109.08,83.83,115.14,1.06,95.95,11,7,0,68.0
Bangalore,2024-08-11,68,37.4,73.44,56.44,77.52,0.71,64.6,11,8,1,62.0
Bangalore,2024-09-11,62,34.1,66.96,51.46,70.68,0.65,58.9,11,9,0,72.0
Bangalore,2024-10-11,72,39.6,77.76,59.76,82.08,0.76,68.4,11,10,0,85.0
Bangalore,2024-11-11,85,46.75,91.8,70.55,96.9,0.89,80.75,11,11,0,99.0
Bangalore,2024-12-11,99,54.45,106.92,82.17,112.86,1.04,94.05,11,12,0,59.0
Bangalore,2024-01-12,59,32.45,63.72,48.97,67.26,0.62,56.05,12,1,0,53.0
Bangalore,2024-02-12,53,29.15,57.24,43.99,60.42,0.56,50.35,12,2,0,50.0
Bangalore,2024-03-12,50,27.5,54.0,41.5,57.0,0.53,47.5,12,3,0,54.0
Bangalore,2024-04-12,54,29.7,58.32,44.82,61.56,0.57,51.3,12,4,0,60.0
Bangalore,2024-05-12,60,33.0,64.8,49.8,68.4,0.63,57.0,12,5,1,66.0
Bangalore,2024-06-12,66,36.3,71.28,54.78,75.24,0.69,62.7,12,6,0,76.0
Bangalore,2024-07-12,76,41.8,82.08,63.08,86.64,0.8,72.2,12,7,0,58.0
Bangalore,2024-08-12,58,31.9,62.64,48.14,66.12,0.61,55.1,12,8,0,66.0
Bangalore,2024-09-12,66,36.3,71.28,54.78,75.24,0.69,62.7,12,9,0,93.0
Bangalore,2024-10-12,93,51.15,100.44,77.19,106.02,0.98,88.35,12,10,1,90.0
Bangalore,2024-11-12,90,49.5,97.2,74.7,102.6,0.95,85.5,12,11,0,86.0
Bangalore,2024-12-12,86,47.3,92.88,71.38,98.04,0.9,81.7,12,12,0,267.0
Mumbai,2018-01-01,267,146.85,288.36,221.61,304.38,2.8,253.65,1,1,0,235.0
Mumbai,2018-02-01,235,129.25,253.8,195.05,267.9,2.47,223.25,1,2,0,289.0
Mumbai,2018-03-01,289,158.95,312.12,239.87,329.46,3.03,274.55,1,3,0,319.0
Mumbai,2018-04-01,319,175.45,344.52,264.77,363.66,3.35,303.05,1,4,1,205.0
Mumbai,2018-05-01,205,112.75,221.4,170.15,233.7,2.15,194.75,1,5,0,232.0
Mumbai,2018-06-01,232,127.6,250.56,192.56,264.48,2.44,220.4,1,6,0,147.0
Mumbai,2018-07-01,147,80.85,158.76,122.01,167.58,1.54,139.65,1,7,1,183.0
Mumbai,2018-08-01,183,100.65,197.64,151.89,208.62,1.92,173.85,1,8,0,266.0
Mumbai,2018-09-01,266,146.3,287.28,220.78,303.24,2.79,252.7,1,9,1,286.0
Mumbai,2018-10-01,286,157.3,308.88,237.38,326.04,3.0,271.7,1,10,0,227.0
Mumbai,2018-11-01,227,124.85,245.16,188.41,258.78,2.38,215.65,1,11,0,219.0
Mumbai,2018-12-01,219,120.45,236.52,181.77,249.66,2.3,208.05,1,12,1,239.0
Mumbai,2018-07-02,239,131.45,258.12,198.37,272.46,2.51,227.05,2,7,0,349.0
Mumbai,2018-08-02,349,191.95,376.92,289.67,397.86,3.66,331.55,2,8,0,133.0
Mumbai,2018-09-02,133,73.15,143.64,110.39,151.62,1.4,126.35,2,9,1,138.0
Mumbai,2018-10-02,138,75.9,149.04,114.54,157.32,1.45,131.1,2,10,0,106.0
Mumbai,2018-11-02,106,58.3,114.48,87.98,120.84,1.11,100.7,2,11,0,118.0
Mumbai,2018-12-02,118,64.9,127.44,97.94,134.52,1.24,112.1,2,12,1,282.0
Mumbai,2018-01-03,282,155.1,304.56,234.06,321.48,2.96,267.9,3,1,0,340.0
Mumbai,2018-02-03,340,187.0,367.2,282.2,387.6,3.57,323.0,3,2,1,336.0
Mumbai,2018-03-03,336,184.8,362.88,278.88,383.04,3.53,319.2,3,3,1,156.0
Mumbai,2018-04-03,156,85.8,168.48,129.48,177.84,1.64,148.2,3,4,0,121.0
Mumbai,2018-05-03,121,66.55,130.68,100.43,137.94,1.27,114.95,3,5,0,136.0
Mumbai,2018-06-03,136,74.8,146.88,112.88,155.04,1.43,129.2,3,6,1,125.0
Mumbai,2018-07-03,125,68.75,135.0,103.75,142.5,1.31,118.75,3,7,0,153.0
Mumbai,2018-08-03,153,84.15,165.24,126.99,174.42,1.61,145.35,3,8,0,153.0
Mumbai,2018-09-03,153,84.15,165.24,126.99,174.42,1.61,145.35,3,9,0,106.0
Mumbai,2018-10-03,106,58.3,114.48,87.98,120.84,1.11,100.7,3,10,0,140.0
Mumbai,2018-11-03,140,77.0,151.2,116.2,159.6,1.47,133.0,3,11,1,163.0
Mumbai,2018-12-03,163,89.65,176.04,135.29,185.82,1.71,154.85,3,12,0,188.0
Mumbai,2018-01-04,188,103.4,203.04,156.04,214.32,1.97,178.6,4,1,0,146.0
Mumbai,2018-02-04,146,80.3,157.68,121.18,166.44,1.53,138.7,4,2,1,98.0
Mumbai,2018-03-04,98,53.9,105.84,81.34,111.72,1.03,93.1,4,3,1,88.0
Mumbai,2018-04-04,88,48.4,95.04,73.04,100.32,0.92,83.6,4,4,0,98.0
Mumbai,2018-05-04,98,53.9,105.84,81.34,111.72,1.03,93.1,4,5,0,112.0
Mumbai,2018-06-04,112,61.6,120.96,92.96,127.68,1.18,106.4,4,6,0,108.0
Mumbai,2018-07-04,108,59.4,116.64,89.64,123.12,1.13,102.6,4,7,0,112.0
Mumbai,2018-08-04,112,61.6,120.96,92.96,127.68,1.18,106.4,4,8,1,115.0
Mumbai,2018-10-04,115,63.25,124.2,95.45,131.1,1.21,109.25,4,10,0,110.0
Mumbai,2018-11-04,110,60.5,118.8,91.3,125.4,1.16,104.5,4,11,1,104.0
Mumbai,2018-12-04,104,57.2,112.32,86.32,118.56,1.09,98.8,4,12,0,77.0
Mumbai,2018-11-05,77,42.35,83.16,63.91,87.78,0.81,73.15,5,11,0,73.0
Mumbai,2018-01-08,73,40.15,78.84,60.59,83.22,0.77,69.35,8,1,0,79.0
Mumbai,2018-03-08,79,43.45,85.32,65.57,90.06,0.83,75.05,8,3,0,66.0
Mumbai,2018-04-08,66,36.3,71.28,54.78,75.24,0.69,62.7,8,4,1,60.0
Mumbai,2018-05-08,60,33.0,64.8,49.8,68.4,0.63,57.0,8,5,0,65.0
Mumbai,2018-06-08,65,35.75,70.2,53.95,74.1,0.68,61.75,8,6,0,66.0
Mumbai,2018-07-08,66,36.3,71.28,54.78,75.24,0.69,62.7,8,7,1,65.0
Mumbai,2018-08-08,65,35.75,70.2,53.95,74.1,0.68,61.75,8,8,0,65.0
Mumbai,2018-09-08,65,35.75,70.2,53.95,74.1,0.68,61.75,8,9,1,63.0
Mumbai,2018-10-08,63,34.65,68.04,52.29,71.82,0.66,59.85,8,10,0,64.0
Mumbai,2018-11-08,64,35.2,69.12,53.12,72.96,0.67,60.8,8,11,0,66.0
Mumbai,2018-12-08,66,36.3,71.28,54.78,75.24,0.69,62.7,8,12,1,67.0
Mumbai,2018-01-09,67,36.85,72.36,55.61,76.38,0.7,63.65,9,1,0,66.0
Mumbai,2018-02-09,66,36.3,71.28,54.78,75.24,0.69,62.7,9,2,0,64.0
Mumbai,2018-03-09,64,35.2,69.12,53.12,72.96,0.67,60.8,9,3,0,68.0
Mumbai,2018-04-09,68,37.4,73.44,56.44,77.52,0.71,64.6,9,4,0,66.0
Mumbai,2018-05-09,66,36.3,71.28,54.78,75.24,0.69,62.7,9,5,0,81.0
Mumbai,2018-06-09,81,44.55,87.48,67.23,92.34,0.85,76.95,9,6,1,93.0
Mumbai,2018-07-09,93,51.15,100.44,77.19,106.02,0.98,88.35,9,7,0,109.0
Mumbai,2018-08-09,109,59.95,117.72,90.47,124.26,1.14,103.55,9,8,0,94.0
Mumbai,2018-09-09,94,51.7,101.52,78.02,107.16,0.99,89.3,9,9,1,87.0
Mumbai,2018-10-09,87,47.85,93.96,72.21,99.18,0.91,82.65,9,10,0,103.0
Mumbai,2018-11-09,103,56.65,111.24,85.49,117.42,1.08,97.85,9,11,0,98.0
Mumbai,2018-12-09,98,53.9,105.84,81.34,111.72,1.03,93.1,9,12,1,109.0
Mumbai,2018-01-10,109,59.95,117.72,90.47,124.26,1.14,103.55,10,1,0,144.0
Mumbai,2018-02-10,144,79.2,155.52,119.52,164.16,1.51,136.8,10,2,1,130.0
Mumbai,2018-03-10,130,71.5,140.4,107.9,148.2,1.37,123.5,10,3,1,123.0
Mumbai,2018-04-10,123,67.65,132.84,102.09,140.22,1.29,116.85,10,4,0,127.0
Mumbai,2018-05-10,127,69.85,137.16,105.41,144.78,1.33,120.65,10,5,0,116.0
Mumbai,2018-06-10,116,63.8,125.28,96.28,132.24,1.22,110.2,10,6,1,109.0
Mumbai,2018-07-10,109,59.95,117.72,90.47,124.26,1.14,103.55,10,7,0,131.0
Mumbai,2018-08-10,131,72.05,141.48,108.73,149.34,1.38,124.45,10,8,0,165.0
Mumbai,2018-09-10,165,90.75,178.2,136.95,188.1,1.73,156.75,10,9,0,163.0
Mumbai,2018-12-10,163,89.65,176.04,135.29,185.82,1.71,154.85,10,12,0,100.0
Mumbai,2018-01-11,100,55.0,108.0,83.0,114.0,1.05,95.0,11,1,0,149.0
Mumbai,2018-03-11,149,81.95,160.92,123.67,169.86,1.56,141.55,11,3,1,423.0
Mumbai,2018-04-11,423,232.65,456.84,351.09,482.22,4.44,401.85,11,4,0,275.0
Mumbai,2018-05-11,275,151.25,297.0,228.25,313.5,2.89,261.25,11,5,0,395.0
Mumbai,2018-06-11,395,217.25,426.6,327.85,450.3,4.15,375.25,11,6,0,185.0
Mumbai,2018-07-11,185,101.75,199.8,153.55,210.9,1.94,175.75,11,7,0,156.0
Mumbai,2018-08-11,156,85.8,168.48,129.48,177.84,1.64,148.2,11,8,1,170.0
Mumbai,2018-10-11,170,93.5,183.6,141.1,193.8,1.79,161.5,11,10,0,135.0
Mumbai,2018-11-11,135,74.25,145.8,112.05,153.9,1.42,128.25,11,11,1,143.0
Mumbai,2018-12-11,143,78.65,154.44,118.69,163.02,1.5,135.85,11,12,0,167.0
Mumbai,2018-01-12,167,91.85,180.36,138.61,190.38,1.75,158.65,12,1,0,183.0
Mumbai,2018-02-12,183,100.65,197.64,151.89,208.62,1.92,173.85,12,2,0,204.0
Mumbai,2018-03-12,204,112.2,220.32,169.32,232.56,2.14,193.8,12,3,0,194.0
Mumbai,2018-04-12,194,106.7,209.52,161.02,221.16,2.04,184.3,12,4,0,190.0
Mumbai,2018-05-12,190,104.5,205.2,157.7,216.6,2.0,180.5,12,5,1,243.0
Mumbai,2018-06-12,243,133.65,262.44,201.69,277.02,2.55,230.85,12,6,0,182.0
Mumbai,2018-07-12,182,100.1,196.56,151.06,207.48,1.91,172.9,12,7,0,193.0
Mumbai,2018-08-12,193,106.15,208.44,160.19,220.02,2.03,183.35,12,8,1,187.0
Mumbai,2018-09-12,187,102.85,201.96,155.21,213.18,1.96,177.65,12,9,0,173.0
Mumbai,2018-10-12,173,95.15,186.84,143.59,197.22,1.82,164.35,12,10,0,175.0
Mumbai,2018-11-12,175,96.25,189.0,145.25,199.5,1.84,166.25,12,11,0,145.0
Mumbai,2018-12-12,145,79.75,156.6,120.35,165.3,1.52,137.75,12,12,0,194.0
Mumbai,2019-01-01,194,106.7,209.52,161.02,221.16,2.04,184.3,1,1,0,180.0
Mumbai,2019-02-01,180,99.0,194.4,149.4,205.2,1.89,171.0,1,2,0,267.0
Mumbai,2019-03-01,267,146.85,288.36,221.61,304.38,2.8,253.65,1,3,0,223.0
Mumbai,2019-04-01,223,122.65,240.84,185.09,254.22,2.34,211.85,1,4,0,178.0
Mumbai,2019-05-01,178,97.9,192.24,147.74,202.92,1.87,169.1,1,5,0,192.0
Mumbai,2019-06-01,192,105.6,207.36,159.36,218.88,2.02,182.4,1,6,1,146.0
Mumbai,2019-07-01,146,80.3,157.68,121.18,166.44,1.53,138.7,1,7,0,161.0
Mumbai,2019-08-01,161,88.55,173.88,133.63,183.54,1.69,152.95,1,8,0,154.0
Mumbai,2019-09-01,154,84.7,166.32,127.82,175.56,1.62,146.3,1,9,1,219.0
Mumbai,2019-10-01,219,120.45,236.52,181.77,249.66,2.3,208.05,1,10,0,212.0
Mumbai,2019-11-01,212,116.6,228.96,175.96,241.68,2.23,201.4,1,11,0,200.0
Mumbai,2019-12-01,200,110.0,216.0,166.0,228.0,2.1,190.0,1,12,1,153.0
Mumbai,2019-01-02,153,84.15,165.24,126.99,174.42,1.61,145.35,2,1,0,158.0
Mumbai,2019-02-02,158,86.9,170.64,131.14,180.12,1.66,150.1,2,2,1,204.0
Mumbai,2019-03-02,204,112.2,220.32,169.32,232.56,2.14,193.8,2,3,1,197.0
Mumbai,2019-04-02,197,108.35,212.76,163.51,224.58,2.07,187.15,2,4,0,159.0
Mumbai,2019-05-02,159,87.45,171.72,131.97,181.26,1.67,151.05,2,5,0,153.0
Mumbai,2019-06-02,153,84.15,165.24,126.99,174.42,1.61,145.35,2,6,1,90.0
Mumbai,2019-07-02,90,49.5,97.2,74.7,102.6,0.95,85.5,2,7,0,162.0
Mumbai,2019-08-02,162,89.1,174.96,134.46,184.68,1.7,153.9,2,8,0,159.0
Mumbai,2019-09-02,159,87.45,171.72,131.97,181.26,1.67,151.05,2,9,0,187.0
Mumbai,2019-10-02,187,102.85,201.96,155.21,213.18,1.96,177.65,2,10,0,225.0
Mumbai,2019-11-02,225,123.75,243.0,186.75,256.5,2.36,213.75,2,11,1,219.0
Mumbai,2019-12-02,219,120.45,236.52,181.77,249.66,2.3,208.05,2,12,0,207.0
Mumbai,2019-02-03,207,113.85,223.56,171.81,235.98,2.17,196.65,3,2,1,84.0
Mumbai,2019-03-03,84,46.2,90.72,69.72,95.76,0.88,79.8,3,3,1,83.0
Mumbai,2019-04-03,83,45.65,89.64,68.89,94.62,0.87,78.85,3,4,0,113.0
Mumbai,2019-05-03,113,62.15,122.04,93.79,128.82,1.19,107.35,3,5,0,101.0
Mumbai,2019-06-03,101,55.55,109.08,83.83,115.14,1.06,95.95,3,6,0,96.0
Mumbai,2019-07-03,96,52.8,103.68,79.68,109.44,1.01,91.2,3,7,0,102.0
Mumbai,2019-08-03,102,56.1,110.16,84.66,116.28,1.07,96.9,3,8,1,189.0
Mumbai,2019-09-03,189,103.95,204.12,156.87,215.46,1.98,179.55,3,9,0,144.0
Mumbai,2019-10-03,144,79.2,155.52,119.52,164.16,1.51,136.8,3,10,0,120.0
Mumbai,2019-11-03,120,66.0,129.6,99.6,136.8,1.26,114.0,3,11,1,92.0
Mumbai,2019-12-03,92,50.6,99.36,76.36,104.88,0.97,87.4,3,12,0,90.0
Mumbai,2019-01-04,90,49.5,97.2,74.7,102.6,0.95,85.5,4,1,0,99.0
Mumbai,2019-03-04,99,54.45,106.92,82.17,112.86,1.04,94.05,4,3,0,88.0
Mumbai,2019-04-04,88,48.4,95.04,73.04,100.32,0.92,83.6,4,4,0,91.0
Mumbai,2019-05-04,91,50.05,98.28,75.53,103.74,0.96,86.45,4,5,1,91.0
Mumbai,2019-06-04,91,50.05,98.28,75.53,103.74,0.96,86.45,4,6,0,93.0
Mumbai,2019-07-04,93,51.15,100.44,77.19,106.02,0.98,88.35,4,7,0,93.0
Mumbai,2019-08-04,93,51.15,100.44,77.19,106.02,0.98,88.35,4,8,1,90.0
Mumbai,2019-09-04,90,49.5,97.2,74.7,102.6,0.95,85.5,4,9,0,93.0
Mumbai,2019-10-04,93,51.15,100.44,77.19,106.02,0.98,88.35,4,10,0,89.0
Mumbai,2019-11-04,89,48.95,96.12,73.87,101.46,0.93,84.55,4,11,0,93.0
Mumbai,2019-12-04,93,51.15,100.44,77.19,106.02,0.98,88.35,4,12,0,88.0
Mumbai,2019-01-05,88,48.4,95.04,73.04,100.32,0.92,83.6,5,1,1,109.0
Mumbai,2019-02-05,109,59.95,117.72,90.47,124.26,1.14,103.55,5,2,0,90.0
Mumbai,2019-03-05,90,49.5,97.2,74.7,102.6,0.95,85.5,5,3,0,89.0
Mumbai,2019-04-05,89,48.95,96.12,73.87,101.46,0.93,84.55,5,4,0,88.0
Mumbai,2019-05-05,88,48.4,95.04,73.04,100.32,0.92,83.6,5,5,1,93.0
Mumbai,2019-06-05,93,51.15,100.44,77.19,106.02,0.98,88.35,5,6,0,94.0
Mumbai,2019-07-05,94,51.7,101.52,78.02,107.16,0.99,89.3,5,7,0,88.0
Mumbai,2019-08-05,88,48.4,95.04,73.04,100.32,0.92,83.6,5,8,0,89.0
Mumbai,2019-09-05,89,48.95,96.12,73.87,101.46,0.93,84.55,5,9,0,87.0
Mumbai,2019-10-05,87,47.85,93.96,72.21,99.18,0.91,82.65,5,10,1,92.0
Mumbai,2019-11-05,92,50.6,99.36,76.36,104.88,0.97,87.4,5,11,0,93.0
Mumbai,2019-12-05,93,51.15,100.44,77.19,106.02,0.98,88.35,5,12,0,79.0
Mumbai,2019-01-06,79,43.45,85.32,65.57,90.06,0.83,75.05,6,1,1,79.0
Mumbai,2019-02-06,79,43.45,85.32,65.57,90.06,0.83,75.05,6,2,0,78.0
Mumbai,2019-03-06,78,42.9,84.24,64.74,88.92,0.82,74.1,6,3,0,58.0
Mumbai,2019-04-06,58,31.9,62.64,48.14,66.12,0.61,55.1,6,4,1,59.0
Mumbai,2019-05-06,59,32.45,63.72,48.97,67.26,0.62,56.05,6,5,0,60.0
Mumbai,2019-06-06,60,33.0,64.8,49.8,68.4,0.63,57.0,6,6,0,70.0
Mumbai,2019-07-06,70,38.5,75.6,58.1,79.8,0.74,66.5,6,7,1,72.0
Mumbai,2019-08-06,72,39.6,77.76,59.76,82.08,0.76,68.4,6,8,0,87.0
Mumbai,2019-09-06,87,47.85,93.96,72.21,99.18,0.91,82.65,6,9,0,81.0
Mumbai,2019-10-06,81,44.55,87.48,67.23,92.34,0.85,76.95,6,10,1,62.0
Mumbai,2019-11-06,62,34.1,66.96,51.46,70.68,0.65,58.9,6,11,0,61.0
Mumbai,2019-12-06,61,33.55,65.88,50.63,69.54,0.64,57.95,6,12,0,42.0
Mumbai,2019-01-07,42,23.1,45.36,34.86,47.88,0.44,39.9,7,1,0,46.0
Mumbai,2019-02-07,46,25.3,49.68,38.18,52.44,0.48,43.7,7,2,0,41.0
Mumbai,2019-03-07,41,22.55,44.28,34.03,46.74,0.43,38.95,7,3,0,46.0
Mumbai,2019-04-07,46,25.3,49.68,38.18,52.44,0.48,43.7,7,4,1,55.0
Mumbai,2019-05-07,55,30.25,59.4,45.65,62.7,0.58,52.25,7,5,0,52.0
Mumbai,2019-06-07,52,28.6,56.16,43.16,59.28,0.55,49.4,7,6,0,63.0
Mumbai,2019-07-07,63,34.65,68.04,52.29,71.82,0.66,59.85,7,7,1,51.0
Mumbai,2019-08-07,51,28.05,55.08,42.33,58.14,0.54,48.45,7,8,0,53.0
Mumbai,2019-09-07,53,29.15,57.24,43.99,60.42,0.56,50.35,7,9,1,42.0
Mumbai,2019-10-07,42,23.1,45.36,34.86,47.88,0.44,39.9,7,10,0,52.0
Mumbai,2019-11-07,52,28.6,56.16,43.16,59.28,0.55,49.4,7,11,0,53.0
Mumbai,2019-12-07,53,29.15,57.24,43.99,60.42,0.56,50.35,7,12,1,46.0
Mumbai,2019-01-08,46,25.3,49.68,38.18,52.44,0.48,43.7,8,1,0,44.0
Mumbai,2019-02-08,44,24.2,47.52,36.52,50.16,0.46,41.8,8,2,0,37.0
Mumbai,2019-03-08,37,20.35,39.96,30.71,42.18,0.39,35.15,8,3,0,41.0
Mumbai,2019-04-08,41,22.55,44.28,34.03,46.74,0.43,38.95,8,4,0,44.0
Mumbai,2019-05-08,44,24.2,47.52,36.52,50.16,0.46,41.8,8,5,0,51.0
Mumbai,2019-06-08,51,28.05,55.08,42.33,58.14,0.54,48.45,8,6,1,54.0
Mumbai,2019-07-08,54,29.7,58.32,44.82,61.56,0.57,51.3,8,7,0,69.0
Mumbai,2019-08-08,69,37.95,74.52,57.27,78.66,0.72,65.55,8,8,0,72.0
Mumbai,2019-09-08,72,39.6,77.76,59.76,82.08,0.76,68.4,8,9,1,68.0
Mumbai,2019-10-08,68,37.4,73.44,56.44,77.52,0.71,64.6,8,10,0,70.0
Mumbai,2019-11-08,70,38.5,75.6,58.1,79.8,0.74,66.5,8,11,0,65.0
Mumbai,2019-12-08,65,35.75,70.2,53.95,74.1,0.68,61.75,8,12,1,43.0
Mumbai,2019-01-09,43,23.65,46.44,35.69,49.02,0.45,40.85,9,1,0,54.0
Mumbai,2019-02-09,54,29.7,58.32,44.82,61.56,0.57,51.3,9,2,1,39.0
Mumbai,2019-03-09,39,21.45,42.12,32.37,44.46,0.41,37.05,9,3,1,36.0
Mumbai,2019-04-09,36,19.8,38.88,29.88,41.04,0.38,34.2,9,4,0,36.0
Mumbai,2019-05-09,36,19.8,38.88,29.88,41.04,0.38,34.2,9,5,0,37.0
Mumbai,2019-06-09,37,20.35,39.96,30.71,42.18,0.39,35.15,9,6,1,41.0
Mumbai,2019-07-09,41,22.55,44.28,34.03,46.74,0.43,38.95,9,7,0,39.0
Mumbai,2019-08-09,39,21.45,42.12,32.37,44.46,0.41,37.05,9,8,0,45.0
Mumbai,2019-09-09,45,24.75,48.6,37.35,51.3,0.47,42.75,9,9,0,46.0
Mumbai,2019-10-09,46,25.3,49.68,38.18,52.44,0.48,43.7,9,10,0,50.0
Mumbai,2019-11-09,50,27.5,54.0,41.5,57.0,0.53,47.5,9,11,1,47.0
Mumbai,2019-12-09,47,25.85,50.76,39.01,53.58,0.49,44.65,9,12,0,37.0
Mumbai,2019-01-10,37,20.35,39.96,30.71,42.18,0.39,35.15,10,1,0,60.0
Mumbai,2019-02-10,60,33.0,64.8,49.8,68.4,0.63,57.0,10,2,1,55.0
Mumbai,2019-03-10,55,30.25,59.4,45.65,62.7,0.58,52.25,10,3,1,62.0
Mumbai,2019-04-10,62,34.1,66.96,51.46,70.68,0.65,58.9,10,4,0,82.0
Mumbai,2019-05-10,82,45.1,88.56,68.06,93.48,0.86,77.9,10,5,0,102.0
Mumbai,2019-06-10,102,56.1,110.16,84.66,116.28,1.07,96.9,10,6,0,91.0
Mumbai,2019-07-10,91,50.05,98.28,75.53,103.74,0.96,86.45,10,7,0,124.0
Mumbai,2019-08-10,124,68.2,133.92,102.92,141.36,1.3,117.8,10,8,1,64.0
Mumbai,2019-09-10,64,35.2,69.12,53.12,72.96,0.67,60.8,10,9,0,88.0
Mumbai,2019-10-10,88,48.4,95.04,73.04,100.32,0.92,83.6,10,10,0,106.0
Mumbai,2019-11-10,106,58.3,114.48,87.98,120.84,1.11,100.7,10,11,1,116.0
Mumbai,2019-12-10,116,63.8,125.28,96.28,132.24,1.22,110.2,10,12,0,65.0
Mumbai,2019-01-11,65,35.75,70.2,53.95,74.1,0.68,61.75,11,1,0,43.0
Mumbai,2019-02-11,43,23.65,46.44,35.69,49.02,0.45,40.85,11,2,0,69.0
Mumbai,2019-03-11,69,37.95,74.52,57.27,78.66,0.72,65.55,11,3,0,71.0
Mumbai,2019-04-11,71,39.05,76.68,58.93,80.94,0.75,67.45,11,4,0,71.0
Mumbai,2019-05-11,71,39.05,76.68,58.93,80.94,0.75,67.45,11,5,1,109.0
Mumbai,2019-06-11,109,59.95,117.72,90.47,124.26,1.14,103.55,11,6,0,71.0
Mumbai,2019-07-11,71,39.05,76.68,58.93,80.94,0.75,67.45,11,7,0,46.0
Mumbai,2019-08-11,46,25.3,49.68,38.18,52.44,0.48,43.7,11,8,1,75.0
Mumbai,2019-09-11,75,41.25,81.0,62.25,85.5,0.79,71.25,11,9,0,92.0
Mumbai,2019-10-11,92,50.6,99.36,76.36,104.88,0.97,87.4,11,10,0,109.0
Mumbai,2019-11-11,109,59.95,117.72,90.47,124.26,1.14,103.55,11,11,0,138.0
Mumbai,2019-12-11,138,75.9,149.04,114.54,157.32,1.45,131.1,11,12,0,211.0
Mumbai,2019-01-12,211,116.05,227.88,175.13,240.54,2.22,200.45,12,1,1,151.0
Mumbai,2019-02-12,151,83.05,163.08,125.33,172.14,1.59,143.45,12,2,0,104.0
Mumbai,2019-03-12,104,57.2,112.32,86.32,118.56,1.09,98.8,12,3,0,92.0
Mumbai,2019-04-12,92,50.6,99.36,76.36,104.88,0.97,87.4,12,4,0,112.0
Mumbai,2019-05-12,112,61.6,120.96,92.96,127.68,1.18,106.4,12,5,1,199.0
Mumbai,2019-06-12,199,109.45,214.92,165.17,226.86,2.09,189.05,12,6,0,145.0
Mumbai,2019-07-12,145,79.75,156.6,120.35,165.3,1.52,137.75,12,7,0,174.0
Mumbai,2019-08-12,174,95.7,187.92,144.42,198.36,1.83,165.3,12,8,0,206.0
Mumbai,2019-09-12,206,113.3,222.48,170.98,234.84,2.16,195.7,12,9,0,174.0
Mumbai,2019-10-12,174,95.7,187.92,144.42,198.36,1.83,165.3,12,10,1,206.0
Mumbai,2019-11-12,206,113.3,222.48,170.98,234.84,2.16,195.7,12,11,0,215.0
Mumbai,2019-12-12,215,118.25,232.2,178.45,245.1,2.26,204.25,12,12,0,198.0
Mumbai,2020-01-01,198,108.9,213.84,164.34,225.72,2.08,188.1,1,1,0,243.0
Mumbai,2020-02-01,243,133.65,262.44,201.69,277.02,2.55,230.85,1,2,1,201.0
Mumbai,2020-03-01,201,110.55,217.08,166.83,229.14,2.11,190.95,1,3,1,221.0
Mumbai,2020-04-01,221,121.55,238.68,183.43,251.94,2.32,209.95,1,4,0,211.0
Mumbai,2020-05-01,211,116.05,227.88,175.13,240.54,2.22,200.45,1,5,0,137.0
Mumbai,2020-06-01,137,75.35,147.96,113.71,156.18,1.44,130.15,1,6,0,189.0
Mumbai,2020-07-01,189,103.95,204.12,156.87,215.46,1.98,179.55,1,7,0,152.0
Mumbai,2020-08-01,152,83.6,164.16,126.16,173.28,1.6,144.4,1,8,1,124.0
Mumbai,2020-09-01,124,68.2,133.92,102.92,141.36,1.3,117.8,1,9,0,125.0
Mumbai,2020-10-01,125,68.75,135.0,103.75,142.5,1.31,118.75,1,10,0,155.0
Mumbai,2020-11-01,155,85.25,167.4,128.65,176.7,1.63,147.25,1,11,1,217.0
Mumbai,2020-12-01,217,119.35,234.36,180.11,247.38,2.28,206.15,1,12,0,164.0
Mumbai,2020-01-02,164,90.2,177.12,136.12,186.96,1.72,155.8,2,1,0,179.0
Mumbai,2020-02-02,179,98.45,193.32,148.57,204.06,1.88,170.05,2,2,1,188.0
Mumbai,2020-03-02,188,103.4,203.04,156.04,214.32,1.97,178.6,2,3,0,176.0
Mumbai,2020-04-02,176,96.8,190.08,146.08,200.64,1.85,167.2,2,4,0,137.0
Mumbai,2020-05-02,137,75.35,147.96,113.71,156.18,1.44,130.15,2,5,1,123.0
Mumbai,2020-06-02,123,67.65,132.84,102.09,140.22,1.29,116.85,2,6,0,126.0
Mumbai,2020-07-02,126,69.3,136.08,104.58,143.64,1.32,119.7,2,7,0,135.0
Mumbai,2020-08-02,135,74.25,145.8,112.05,153.9,1.42,128.25,2,8,1,138.0
Mumbai,2020-09-02,138,75.9,149.04,114.54,157.32,1.45,131.1,2,9,0,134.0
Mumbai,2020-10-02,134,73.7,144.72,111.22,152.76,1.41,127.3,2,10,0,139.0
Mumbai,2020-11-02,139,76.45,150.12,115.37,158.46,1.46,132.05,2,11,0,133.0
Mumbai,2020-12-02,133,73.15,143.64,110.39,151.62,1.4,126.35,2,12,0,107.0
Mumbai,2020-01-03,107,58.85,115.56,88.81,121.98,1.12,101.65,3,1,0,122.0
Mumbai,2020-02-03,122,67.1,131.76,101.26,139.08,1.28,115.9,3,2,0,125.0
Mumbai,2020-03-03,125,68.75,135.0,103.75,142.5,1.31,118.75,3,3,0,117.0
Mumbai,2020-04-03,117,64.35,126.36,97.11,133.38,1.23,111.15,3,4,0,104.0
Mumbai,2020-05-03,104,57.2,112.32,86.32,118.56,1.09,98.8,3,5,1,101.0
Mumbai,2020-06-03,101,55.55,109.08,83.83,115.14,1.06,95.95,3,6,0,108.0
Mumbai,2020-07-03,108,59.4,116.64,89.64,123.12,1.13,102.6,3,7,0,119.0
Mumbai,2020-08-03,119,65.45,128.52,98.77,135.66,1.25,113.05,3,8,0,123.0
Mumbai,2020-09-03,123,67.65,132.84,102.09,140.22,1.29,116.85,3,9,0,130.0
Mumbai,2020-10-03,130,71.5,140.4,107.9,148.2,1.37,123.5,3,10,1,73.0
Mumbai,2020-11-03,73,40.15,78.84,60.59,83.22,0.77,69.35,3,11,0,79.0
Mumbai,2020-12-03,79,43.45,85.32,65.57,90.06,0.83,75.05,3,12,0,57.0
Mumbai,2020-01-04,57,31.35,61.56,47.31,64.98,0.6,54.15,4,1,1,72.0
Mumbai,2020-02-04,72,39.6,77.76,59.76,82.08,0.76,68.4,4,2,0,85.0
Mumbai,2020-03-04,85,46.75,91.8,70.55,96.9,0.89,80.75,4,3,0,81.0
Mumbai,2020-04-04,81,44.55,87.48,67.23,92.34,0.85,76.95,4,4,1,77.0
Mumbai,2020-05-04,77,42.35,83.16,63.91,87.78,0.81,73.15,4,5,0,58.0
Mumbai,2020-06-04,58,31.9,62.64,48.14,66.12,0.61,55.1,4,6,0,64.0
Mumbai,2020-07-04,64,35.2,69.12,53.12,72.96,0.67,60.8,4,7,1,97.0
Mumbai,2020-08-04,97,53.35,104.76,80.51,110.58,1.02,92.15,4,8,0,94.0
Mumbai,2020-09-04,94,51.7,101.52,78.02,107.16,0.99,89.3,4,9,0,83.0
Mumbai,2020-10-04,83,45.65,89.64,68.89,94.62,0.87,78.85,4,10,1,77.0
Mumbai,2020-11-04,77,42.35,83.16,63.91,87.78,0.81,73.15,4,11,0,87.0
Mumbai,2020-12-04,87,47.85,93.96,72.21,99.18,0.91,82.65,4,12,0,51.0
Mumbai,2020-01-05,51,28.05,55.08,42.33,58.14,0.54,48.45,5,1,1,43.0
Mumbai,2020-02-05,43,23.65,46.44,35.69,49.02,0.45,40.85,5,2,0,40.0
Mumbai,2020-03-05,40,22.0,43.2,33.2,45.6,0.42,38.0,5,3,0,37.0
Mumbai,2020-04-05,37,20.35,39.96,30.71,42.18,0.39,35.15,5,4,1,38.0
Mumbai,2020-05-05,38,20.9,41.04,31.54,43.32,0.4,36.1,5,5,0,50.0
Mumbai,2020-06-05,50,27.5,54.0,41.5,57.0,0.53,47.5,5,6,0,55.0
Mumbai,2020-07-05,55,30.25,59.4,45.65,62.7,0.58,52.25,5,7,1,67.0
Mumbai,2020-08-05,67,36.85,72.36,55.61,76.38,0.7,63.65,5,8,0,65.0
Mumbai,2020-09-05,65,35.75,70.2,53.95,74.1,0.68,61.75,5,9,1,64.0
Mumbai,2020-10-05,64,35.2,69.12,53.12,72.96,0.67,60.8,5,10,0,61.0
Mumbai,2020-11-05,61,33.55,65.88,50.63,69.54,0.64,57.95,5,11,0,67.0
Mumbai,2020-12-05,67,36.85,72.36,55.61,76.38,0.7,63.65,5,12,1,34.0
Mumbai,2020-01-06,34,18.7,36.72,28.22,38.76,0.36,32.3,6,1,0,46.0
Mumbai,2020-02-06,46,25.3,49.68,38.18,52.44,0.48,43.7,6,2,0,32.0
Mumbai,2020-03-06,32,17.6,34.56,26.56,36.48,0.34,30.4,6,3,0,36.0
Mumbai,2020-04-06,36,19.8,38.88,29.88,41.04,0.38,34.2,6,4,0,41.0
Mumbai,2020-05-06,41,22.55,44.28,34.03,46.74,0.43,38.95,6,5,0,30.0
Mumbai,2020-06-06,30,16.5,32.4,24.9,34.2,0.32,28.5,6,6,1,41.0
Mumbai,2020-07-06,41,22.55,44.28,34.03,46.74,0.43,38.95,6,7,0,36.0
Mumbai,2020-08-06,36,19.8,38.88,29.88,41.04,0.38,34.2,6,8,0,34.0
Mumbai,2020-09-06,34,18.7,36.72,28.22,38.76,0.36,32.3,6,9,1,40.0
Mumbai,2020-10-06,40,22.0,43.2,33.2,45.6,0.42,38.0,6,10,0,35.0
Mumbai,2020-11-06,35,19.25,37.8,29.05,39.9,0.37,33.25,6,11,0,38.0
Mumbai,2020-12-06,38,20.9,41.04,31.54,43.32,0.4,36.1,6,12,1,31.0
Mumbai,2020-01-07,31,17.05,33.48,25.73,35.34,0.33,29.45,7,1,0,29.0
Mumbai,2020-02-07,29,15.95,31.32,24.07,33.06,0.3,27.55,7,2,0,34.0
Mumbai,2020-03-07,34,18.7,36.72,28.22,38.76,0.36,32.3,7,3,1,28.0
Mumbai,2020-04-07,28,15.4,30.24,23.24,31.92,0.29,26.6,7,4,0,33.0
Mumbai,2020-05-07,33,18.15,35.64,27.39,37.62,0.35,31.35,7,5,0,56.0
Mumbai,2020-06-07,56,30.8,60.48,46.48,63.84,0.59,53.2,7,6,1,38.0
Mumbai,2020-07-07,38,20.9,41.04,31.54,43.32,0.4,36.1,7,7,0,38.0
Mumbai,2020-08-07,38,20.9,41.04,31.54,43.32,0.4,36.1,7,8,0,45.0
Mumbai,2020-09-07,45,24.75,48.6,37.35,51.3,0.47,42.75,7,9,0,48.0
Mumbai,2020-10-07,48,26.4,51.84,39.84,54.72,0.5,45.6,7,10,0,45.0
Mumbai,2020-11-07,45,24.75,48.6,37.35,51.3,0.47,42.75,7,11,1,36.0
Mumbai,2020-12-07,36,19.8,38.88,29.88,41.04,0.38,34.2,7,12,0,34.0
Mumbai,2020-01-08,34,18.7,36.72,28.22,38.76,0.36,32.3,8,1,0,27.0
Mumbai,2020-02-08,27,14.85,29.16,22.41,30.78,0.28,25.65,8,2,1,26.0
Mumbai,2020-03-08,26,14.3,28.08,21.58,29.64,0.27,24.7,8,3,1,25.0
Mumbai,2020-04-08,25,13.75,27.0,20.75,28.5,0.26,23.75,8,4,0,30.0
Mumbai,2020-05-08,30,16.5,32.4,24.9,34.2,0.32,28.5,8,5,0,36.0
Mumbai,2020-06-08,36,19.8,38.88,29.88,41.04,0.38,34.2,8,6,0,36.0
Mumbai,2020-07-08,36,19.8,38.88,29.88,41.04,0.38,34.2,8,7,0,49.0
Mumbai,2020-08-08,49,26.95,52.92,40.67,55.86,0.51,46.55,8,8,1,44.0
Mumbai,2020-09-08,44,24.2,47.52,36.52,50.16,0.46,41.8,8,9,0,42.0
Mumbai,2020-10-08,42,23.1,45.36,34.86,47.88,0.44,39.9,8,10,0,41.0
Mumbai,2020-11-08,41,22.55,44.28,34.03,46.74,0.43,38.95,8,11,1,38.0
Mumbai,2020-12-08,38,20.9,41.04,31.54,43.32,0.4,36.1,8,12,0,36.0
Mumbai,2020-01-09,36,19.8,38.88,29.88,41.04,0.38,34.2,9,1,0,47.0
Mumbai,2020-02-09,47,25.85,50.76,39.01,53.58,0.49,44.65,9,2,1,57.0
Mumbai,2020-03-09,57,31.35,61.56,47.31,64.98,0.6,54.15,9,3,0,69.0
Mumbai,2020-04-09,69,37.95,74.52,57.27,78.66,0.72,65.55,9,4,0,84.0
Mumbai,2020-05-09,84,46.2,90.72,69.72,95.76,0.88,79.8,9,5,1,128.0
Mumbai,2020-06-09,128,70.4,138.24,106.24,145.92,1.34,121.6,9,6,0,55.0
Mumbai,2020-07-09,55,30.25,59.4,45.65,62.7,0.58,52.25,9,7,0,49.0
Mumbai,2020-08-09,49,26.95,52.92,40.67,55.86,0.51,46.55,9,8,1,55.0
Mumbai,2020-09-09,55,30.25,59.4,45.65,62.7,0.58,52.25,9,9,0,68.0
Mumbai,2020-10-09,68,37.4,73.44,56.44,77.52,0.71,64.6,9,10,0,68.0
Mumbai,2020-11-09,68,37.4,73.44,56.44,77.52,0.71,64.6,9,11,0,48.0
Mumbai,2020-12-09,48,26.4,51.84,39.84,54.72,0.5,45.6,9,12,0,75.0
Mumbai,2020-01-10,75,41.25,81.0,62.25,85.5,0.79,71.25,10,1,0,77.0
Mumbai,2020-02-10,77,42.35,83.16,63.91,87.78,0.81,73.15,10,2,0,100.0
Mumbai,2020-03-10,100,55.0,108.0,83.0,114.0,1.05,95.0,10,3,0,70.0
Mumbai,2020-04-10,70,38.5,75.6,58.1,79.8,0.74,66.5,10,4,0,55.0
Mumbai,2020-05-10,55,30.25,59.4,45.65,62.7,0.58,52.25,10,5,1,76.0
Mumbai,2020-06-10,76,41.8,82.08,63.08,86.64,0.8,72.2,10,6,0,93.0
Mumbai,2020-07-10,93,51.15,100.44,77.19,106.02,0.98,88.35,10,7,0,106.0
Mumbai,2020-08-10,106,58.3,114.48,87.98,120.84,1.11,100.7,10,8,0,124.0
Mumbai,2020-09-10,124,68.2,133.92,102.92,141.36,1.3,117.8,10,9,0,145.0
Mumbai,2020-10-10,145,79.75,156.6,120.35,165.3,1.52,137.75,10,10,1,110.0
Mumbai,2020-11-10,110,60.5,118.8,91.3,125.4,1.16,104.5,10,11,0,99.0
Mumbai,2020-12-10,99,54.45,106.92,82.17,112.86,1.04,94.05,10,12,0,111.0
Mumbai,2020-01-11,111,61.05,119.88,92.13,126.54,1.17,105.45,11,1,1,125.0
Mumbai,2020-02-11,125,68.75,135.0,103.75,142.5,1.31,118.75,11,2,0,194.0
Mumbai,2020-03-11,194,106.7,209.52,161.02,221.16,2.04,184.3,11,3,0,160.0
Mumbai,2020-04-11,160,88.0,172.8,132.8,182.4,1.68,152.0,11,4,1,163.0
Mumbai,2020-05-11,163,89.65,176.04,135.29,185.82,1.71,154.85,11,5,0,128.0
Mumbai,2020-06-11,128,70.4,138.24,106.24,145.92,1.34,121.6,11,6,0,130.0
Mumbai,2020-07-11,130,71.5,140.4,107.9,148.2,1.37,123.5,11,7,1,142.0
Mumbai,2020-08-11,142,78.1,153.36,117.86,161.88,1.49,134.9,11,8,0,148.0
Mumbai,2020-09-11,148,81.4,159.84,122.84,168.72,1.55,140.6,11,9,0,146.0
Mumbai,2020-10-11,146,80.3,157.68,121.18,166.44,1.53,138.7,11,10,1,182.0
Mumbai,2020-11-11,182,100.1,196.56,151.06,207.48,1.91,172.9,11,11,0,170.0
Mumbai,2020-12-11,170,93.5,183.6,141.1,193.8,1.79,161.5,11,12,0,152.0
Mumbai,2020-01-12,152,83.6,164.16,126.16,173.28,1.6,144.4,12,1,1,163.0
Mumbai,2020-02-12,163,89.65,176.04,135.29,185.82,1.71,154.85,12,2,0,170.0
Mumbai,2020-03-12,170,93.5,183.6,141.1,193.8,1.79,161.5,12,3,0,167.0
Mumbai,2020-04-12,167,91.85,180.36,138.61,190.38,1.75,158.65,12,4,1,185.0
Mumbai,2020-05-12,185,101.75,199.8,153.55,210.9,1.94,175.75,12,5,0,149.0
Mumbai,2020-06-12,149,81.95,160.92,123.67,169.86,1.56,141.55,12,6,0,144.0
Mumbai,2020-07-12,144,79.2,155.52,119.52,164.16,1.51,136.8,12,7,1,157.0
Mumbai,2020-08-12,157,86.35,169.56,130.31,178.98,1.65,149.15,12,8,0,136.0
Mumbai,2020-09-12,136,74.8,146.88,112.88,155.04,1.43,129.2,12,9,1,143.0
Mumbai,2020-10-12,143,78.65,154.44,118.69,163.02,1.5,135.85,12,10,0,151.0
Mumbai,2020-11-12,151,83.05,163.08,125.33,172.14,1.59,143.45,12,11,0,139.0
Mumbai,2020-12-12,139,76.45,150.12,115.37,158.46,1.46,132.05,12,12,1,244.0
Mumbai,2021-01-01,244,134.2,263.52,202.52,278.16,2.56,231.8,1,1,0,255.0
Mumbai,2021-02-01,255,140.25,275.4,211.65,290.7,2.68,242.25,1,2,0,251.0
Mumbai,2021-03-01,251,138.05,271.08,208.33,286.14,2.64,238.45,1,3,0,226.0
Mumbai,2021-04-01,226,124.3,244.08,187.58,257.64,2.37,214.7,1,4,0,234.0
Mumbai,2021-05-01,234,128.7,252.72,194.22,266.76,2.46,222.3,1,5,1,274.0
Mumbai,2021-06-01,274,150.7,295.92,227.42,312.36,2.88,260.3,1,6,0,285.0
Mumbai,2021-07-01,285,156.75,307.8,236.55,324.9,2.99,270.75,1,7,0,272.0
Mumbai,2021-08-01,272,149.6,293.76,225.76,310.08,2.86,258.4,1,8,1,234.0
Mumbai,2021-09-01,234,128.7,252.72,194.22,266.76,2.46,222.3,1,9,0,244.0
Mumbai,2021-10-01,244,134.2,263.52,202.52,278.16,2.56,231.8,1,10,0,214.0
Mumbai,2021-11-01,214,117.7,231.12,177.62,243.96,2.25,203.3,1,11,0,194.0
Mumbai,2021-12-01,194,106.7,209.52,161.02,221.16,2.04,184.3,1,12,0,184.0
Mumbai,2021-01-02,184,101.2,198.72,152.72,209.76,1.93,174.8,2,1,1,180.0
Mumbai,2021-02-02,180,99.0,194.4,149.4,205.2,1.89,171.0,2,2,0,188.0
Mumbai,2021-03-02,188,103.4,203.04,156.04,214.32,1.97,178.6,2,3,0,182.0
Mumbai,2021-04-02,182,100.1,196.56,151.06,207.48,1.91,172.9,2,4,0,182.0
Mumbai,2021-05-02,182,100.1,196.56,151.06,207.48,1.91,172.9,2,5,1,149.0
Mumbai,2021-06-02,149,81.95,160.92,123.67,169.86,1.56,141.55,2,6,0,151.0
Mumbai,2021-07-02,151,83.05,163.08,125.33,172.14,1.59,143.45,2,7,0,150.0
Mumbai,2021-08-02,150,82.5,162.0,124.5,171.0,1.58,142.5,2,8,0,165.0
Mumbai,2021-09-02,165,90.75,178.2,136.95,188.1,1.73,156.75,2,9,0,196.0
Mumbai,2021-10-02,196,107.8,211.68,162.68,223.44,2.06,186.2,2,10,1,245.0
Mumbai,2021-11-02,245,134.75,264.6,203.35,279.3,2.57,232.75,2,11,0,249.0
Mumbai,2021-12-02,249,136.95,268.92,206.67,283.86,2.61,236.55,2,12,0,161.0
Mumbai,2021-01-03,161,88.55,173.88,133.63,183.54,1.69,152.95,3,1,1,175.0
Mumbai,2021-02-03,175,96.25,189.0,145.25,199.5,1.84,166.25,3,2,0,142.0
Mumbai,2021-03-03,142,78.1,153.36,117.86,161.88,1.49,134.9,3,3,0,185.0
Mumbai,2021-04-03,185,101.75,199.8,153.55,210.9,1.94,175.75,3,4,1,211.0
Mumbai,2021-05-03,211,116.05,227.88,175.13,240.54,2.22,200.45,3,5,0,147.0
Mumbai,2021-06-03,147,80.85,158.76,122.01,167.58,1.54,139.65,3,6,0,128.0
Mumbai,2021-07-03,128,70.4,138.24,106.24,145.92,1.34,121.6,3,7,1,110.0
Mumbai,2021-08-03,110,60.5,118.8,91.3,125.4,1.16,104.5,3,8,0,137.0
Mumbai,2021-09-03,137,75.35,147.96,113.71,156.18,1.44,130.15,3,9,0,151.0
Mumbai,2021-10-03,151,83.05,163.08,125.33,172.14,1.59,143.45,3,10,1,120.0
Mumbai,2021-11-03,120,66.0,129.6,99.6,136.8,1.26,114.0,3,11,0,98.0
Mumbai,2021-12-03,98,53.9,105.84,81.34,111.72,1.03,93.1,3,12,0,113.0
Mumbai,2021-01-04,113,62.15,122.04,93.79,128.82,1.19,107.35,4,1,0,162.0
Mumbai,2021-02-04,162,89.1,174.96,134.46,184.68,1.7,153.9,4,2,0,139.0
Mumbai,2021-03-04,139,76.45,150.12,115.37,158.46,1.46,132.05,4,3,0,102.0
Mumbai,2021-04-04,102,56.1,110.16,84.66,116.28,1.07,96.9,4,4,1,90.0
Mumbai,2021-05-04,90,49.5,97.2,74.7,102.6,0.95,85.5,4,5,0,115.0
Mumbai,2021-06-04,115,63.25,124.2,95.45,131.1,1.21,109.25,4,6,0,101.0
Mumbai,2021-07-04,101,55.55,109.08,83.83,115.14,1.06,95.95,4,7,1,99.0
Mumbai,2021-08-04,99,54.45,106.92,82.17,112.86,1.04,94.05,4,8,0,99.0
Mumbai,2021-09-04,99,54.45,106.92,82.17,112.86,1.04,94.05,4,9,1,137.0
Mumbai,2021-10-04,137,75.35,147.96,113.71,156.18,1.44,130.15,4,10,0,106.0
Mumbai,2021-11-04,106,58.3,114.48,87.98,120.84,1.11,100.7,4,11,0,92.0
Mumbai,2021-12-04,92,50.6,99.36,76.36,104.88,0.97,87.4,4,12,1,68.0
Mumbai,2021-01-05,68,37.4,73.44,56.44,77.52,0.71,64.6,5,1,0,71.0
Mumbai,2021-02-05,71,39.05,76.68,58.93,80.94,0.75,67.45,5,2,0,105.0
Mumbai,2021-03-05,105,57.75,113.4,87.15,119.7,1.1,99.75,5,3,0,80.0
Mumbai,2021-04-05,80,44.0,86.4,66.4,91.2,0.84,76.0,5,4,0,76.0
Mumbai,2021-05-05,76,41.8,82.08,63.08,86.64,0.8,72.2,5,5,0,72.0
Mumbai,2021-06-05,72,39.6,77.76,59.76,82.08,0.76,68.4,5,6,1,72.0
Mumbai,2021-07-05,72,39.6,77.76,59.76,82.08,0.76,68.4,5,7,0,69.0
Mumbai,2021-08-05,69,37.95,74.52,57.27,78.66,0.72,65.55,5,8,0,78.0
Mumbai,2021-09-05,78,42.9,84.24,64.74,88.92,0.82,74.1,5,9,1,68.0
Mumbai,2021-10-05,68,37.4,73.44,56.44,77.52,0.71,64.6,5,10,0,67.0
Mumbai,2021-11-05,67,36.85,72.36,55.61,76.38,0.7,63.65,5,11,0,59.0
Mumbai,2021-12-05,59,32.45,63.72,48.97,67.26,0.62,56.05,5,12,1,61.0
Mumbai,2021-01-06,61,33.55,65.88,50.63,69.54,0.64,57.95,6,1,0,50.0
Mumbai,2021-02-06,50,27.5,54.0,41.5,57.0,0.53,47.5,6,2,1,53.0
Mumbai,2021-03-06,53,29.15,57.24,43.99,60.42,0.56,50.35,6,3,1,46.0
Mumbai,2021-04-06,46,25.3,49.68,38.18,52.44,0.48,43.7,6,4,0,51.0
Mumbai,2021-05-06,51,28.05,55.08,42.33,58.14,0.54,48.45,6,5,0,49.0
Mumbai,2021-06-06,49,26.95,52.92,40.67,55.86,0.51,46.55,6,6,1,42.0
Mumbai,2021-07-06,42,23.1,45.36,34.86,47.88,0.44,39.9,6,7,0,49.0
Mumbai,2021-08-06,49,26.95,52.92,40.67,55.86,0.51,46.55,6,8,0,39.0
Mumbai,2021-09-06,39,21.45,42.12,32.37,44.46,0.41,37.05,6,9,0,33.0
Mumbai,2021-10-06,33,18.15,35.64,27.39,37.62,0.35,31.35,6,10,0,45.0
Mumbai,2021-11-06,45,24.75,48.6,37.35,51.3,0.47,42.75,6,11,1,34.0
Mumbai,2021-12-06,34,18.7,36.72,28.22,38.76,0.36,32.3,6,12,0,70.0
Mumbai,2021-01-07,70,38.5,75.6,58.1,79.8,0.74,66.5,7,1,0,62.0
Mumbai,2021-02-07,62,34.1,66.96,51.46,70.68,0.65,58.9,7,2,1,60.0
Mumbai,2021-03-07,60,33.0,64.8,49.8,68.4,0.63,57.0,7,3,1,56.0
Mumbai,2021-04-07,56,30.8,60.48,46.48,63.84,0.59,53.2,7,4,0,64.0
Mumbai,2021-05-07,64,35.2,69.12,53.12,72.96,0.67,60.8,7,5,0,76.0
Mumbai,2021-06-07,76,41.8,82.08,63.08,86.64,0.8,72.2,7,6,0,74.0
Mumbai,2021-07-07,74,40.7,79.92,61.42,84.36,0.78,70.3,7,7,0,66.0
Mumbai,2021-08-07,66,36.3,71.28,54.78,75.24,0.69,62.7,7,8,1,52.0
Mumbai,2021-09-07,52,28.6,56.16,43.16,59.28,0.55,49.4,7,9,0,59.0
Mumbai,2021-10-07,59,32.45,63.72,48.97,67.26,0.62,56.05,7,10,0,50.0
Mumbai,2021-11-07,50,27.5,54.0,41.5,57.0,0.53,47.5,7,11,1,40.0
Mumbai,2021-12-07,40,22.0,43.2,33.2,45.6,0.42,38.0,7,12,0,63.0
Mumbai,2021-01-08,63,34.65,68.04,52.29,71.82,0.66,59.85,8,1,0,58.0
Mumbai,2021-02-08,58,31.9,62.64,48.14,66.12,0.61,55.1,8,2,0,50.0
Mumbai,2021-03-08,50,27.5,54.0,41.5,57.0,0.53,47.5,8,3,0,53.0
Mumbai,2021-04-08,53,29.15,57.24,43.99,60.42,0.56,50.35,8,4,0,55.0
Mumbai,2021-05-08,55,30.25,59.4,45.65,62.7,0.58,52.25,8,5,1,63.0
Mumbai,2021-06-08,63,34.65,68.04,52.29,71.82,0.66,59.85,8,6,0,59.0
Mumbai,2021-07-08,59,32.45,63.72,48.97,67.26,0.62,56.05,8,7,0,71.0
Mumbai,2021-08-08,71,39.05,76.68,58.93,80.94,0.75,67.45,8,8,1,57.0
Mumbai,2021-09-08,57,31.35,61.56,47.31,64.98,0.6,54.15,8,9,0,68.0
Mumbai,2021-10-08,68,37.4,73.44,56.44,77.52,0.71,64.6,8,10,0,54.0
Mumbai,2021-11-08,54,29.7,58.32,44.82,61.56,0.57,51.3,8,11,0,58.0
Mumbai,2021-12-08,58,31.9,62.64,48.14,66.12,0.61,55.1,8,12,0,54.0
Mumbai,2021-01-09,54,29.7,58.32,44.82,61.56,0.57,51.3,9,1,1,52.0
Mumbai,2021-02-09,52,28.6,56.16,43.16,59.28,0.55,49.4,9,2,0,53.0
Mumbai,2021-03-09,53,29.15,57.24,43.99,60.42,0.56,50.35,9,3,0,54.0
Mumbai,2021-04-09,54,29.7,58.32,44.82,61.56,0.57,51.3,9,4,0,53.0
Mumbai,2021-05-09,53,29.15,57.24,43.99,60.42,0.56,50.35,9,5,1,64.0
Mumbai,2021-06-09,64,35.2,69.12,53.12,72.96,0.67,60.8,9,6,0,58.0
Mumbai,2021-07-09,58,31.9,62.64,48.14,66.12,0.61,55.1,9,7,0,47.0
Mumbai,2021-08-09,47,25.85,50.76,39.01,53.58,0.49,44.65,9,8,0,46.0
Mumbai,2021-09-09,46,25.3,49.68,38.18,52.44,0.48,43.7,9,9,0,49.0
Mumbai,2021-10-09,49,26.95,52.92,40.67,55.86,0.51,46.55,9,10,1,48.0
Mumbai,2021-11-09,48,26.4,51.84,39.84,54.72,0.5,45.6,9,11,0,44.0
Mumbai,2021-12-09,44,24.2,47.52,36.52,50.16,0.46,41.8,9,12,0,76.0
Mumbai,2021-01-10,76,41.8,82.08,63.08,86.64,0.8,72.2,10,1,1,77.0
Mumbai,2021-02-10,77,42.35,83.16,63.91,87.78,0.81,73.15,10,2,0,78.0
Mumbai,2021-03-10,78,42.9,84.24,64.74,88.92,0.82,74.1,10,3,0,78.0
Mumbai,2021-04-10,78,42.9,84.24,64.74,88.92,0.82,74.1,10,4,1,71.0
Mumbai,2021-05-10,71,39.05,76.68,58.93,80.94,0.75,67.45,10,5,0,74.0
Mumbai,2021-06-10,74,40.7,79.92,61.42,84.36,0.78,70.3,10,6,0,61.0
Mumbai,2021-07-10,61,33.55,65.88,50.63,69.54,0.64,57.95,10,7,1,64.0
Mumbai,2021-08-10,64,35.2,69.12,53.12,72.96,0.67,60.8,10,8,0,54.0
Mumbai,2021-09-10,54,29.7,58.32,44.82,61.56,0.57,51.3,10,9,0,58.0
Mumbai,2021-10-10,58,31.9,62.64,48.14,66.12,0.61,55.1,10,10,1,63.0
Mumbai,2021-11-10,63,34.65,68.04,52.29,71.82,0.66,59.85,10,11,0,69.0
Mumbai,2021-12-10,69,37.95,74.52,57.27,78.66,0.72,65.55,10,12,0,188.0
Mumbai,2021-01-11,188,103.4,203.04,156.04,214.32,1.97,178.6,11,1,0,211.0
Mumbai,2021-02-11,211,116.05,227.88,175.13,240.54,2.22,200.45,11,2,0,179.0
Mumbai,2021-03-11,179,98.45,193.32,148.57,204.06,1.88,170.05,11,3,0,164.0
Mumbai,2021-04-11,164,90.2,177.12,136.12,186.96,1.72,155.8,11,4,1,199.0
Mumbai,2021-05-11,199,109.45,214.92,165.17,226.86,2.09,189.05,11,5,0,117.0
Mumbai,2021-06-11,117,64.35,126.36,97.11,133.38,1.23,111.15,11,6,0,110.0
Mumbai,2021-07-11,110,60.5,118.8,91.3,125.4,1.16,104.5,11,7,1,176.0
Mumbai,2021-08-11,176,96.8,190.08,146.08,200.64,1.85,167.2,11,8,0,172.0
Mumbai,2021-09-11,172,94.6,185.76,142.76,196.08,1.81,163.4,11,9,1,164.0
Mumbai,2021-10-11,164,90.2,177.12,136.12,186.96,1.72,155.8,11,10,0,174.0
Mumbai,2021-11-11,174,95.7,187.92,144.42,198.36,1.83,165.3,11,11,0,171.0
Mumbai,2021-12-11,171,94.05,184.68,141.93,194.94,1.8,162.45,11,12,1,154.0
Mumbai,2021-01-12,154,84.7,166.32,127.82,175.56,1.62,146.3,12,1,0,78.0
Mumbai,2021-02-12,78,42.9,84.24,64.74,88.92,0.82,74.1,12,2,0,93.0
Mumbai,2021-03-12,93,51.15,100.44,77.19,106.02,0.98,88.35,12,3,0,116.0
Mumbai,2021-04-12,116,63.8,125.28,96.28,132.24,1.22,110.2,12,4,0,109.0
Mumbai,2021-05-12,109,59.95,117.72,90.47,124.26,1.14,103.55,12,5,0,95.0
Mumbai,2021-06-12,95,52.25,102.6,78.85,108.3,1.0,90.25,12,6,1,218.0
Mumbai,2021-07-12,218,119.9,235.44,180.94,248.52,2.29,207.1,12,7,0,216.0
Mumbai,2021-08-12,216,118.8,233.28,179.28,246.24,2.27,205.2,12,8,0,211.0
Mumbai,2021-09-12,211,116.05,227.88,175.13,240.54,2.22,200.45,12,9,1,193.0
Mumbai,2021-10-12,193,106.15,208.44,160.19,220.02,2.03,183.35,12,10,0,173.0
Mumbai,2021-11-12,173,95.15,186.84,143.59,197.22,1.82,164.35,12,11,0,184.0
Mumbai,2021-12-12,184,101.2,198.72,152.72,209.76,1.93,174.8,12,12,1,173.0
Mumbai,2022-01-01,173,95.15,186.84,143.59,197.22,1.82,164.35,1,1,1,150.0
Mumbai,2022-02-01,150,82.5,162.0,124.5,171.0,1.58,142.5,1,2,0,156.0
Mumbai,2022-03-01,156,85.8,168.48,129.48,177.84,1.64,148.2,1,3,0,184.0
Mumbai,2022-04-01,184,101.2,198.72,152.72,209.76,1.93,174.8,1,4,0,219.0
Mumbai,2022-05-01,219,120.45,236.52,181.77,249.66,2.3,208.05,1,5,1,170.0
Mumbai,2022-06-01,170,93.5,183.6,141.1,193.8,1.79,161.5,1,6,0,204.0
Mumbai,2022-07-01,204,112.2,220.32,169.32,232.56,2.14,193.8,1,7,0,134.0
Mumbai,2022-08-01,134,73.7,144.72,111.22,152.76,1.41,127.3,1,8,0,88.0
Mumbai,2022-09-01,88,48.4,95.04,73.04,100.32,0.92,83.6,1,9,0,74.0
Mumbai,2022-10-01,74,40.7,79.92,61.42,84.36,0.78,70.3,1,10,1,137.0
Mumbai,2022-11-01,137,75.35,147.96,113.71,156.18,1.44,130.15,1,11,0,132.0
Mumbai,2022-12-01,132,72.6,142.56,109.56,150.48,1.39,125.4,1,12,0,177.0
Mumbai,2022-01-02,177,97.35,191.16,146.91,201.78,1.86,168.15,2,1,1,179.0
Mumbai,2022-02-02,179,98.45,193.32,148.57,204.06,1.88,170.05,2,2,0,187.0
Mumbai,2022-03-02,187,102.85,201.96,155.21,213.18,1.96,177.65,2,3,0,162.0
Mumbai,2022-04-02,162,89.1,174.96,134.46,184.68,1.7,153.9,2,4,1,276.0
Mumbai,2022-05-02,276,151.8,298.08,229.08,314.64,2.9,262.2,2,5,0,228.0
Mumbai,2022-06-02,228,125.4,246.24,189.24,259.92,2.39,216.6,2,6,0,181.0
Mumbai,2022-07-02,181,99.55,195.48,150.23,206.34,1.9,171.95,2,7,1,116.0
Mumbai,2022-08-02,116,63.8,125.28,96.28,132.24,1.22,110.2,2,8,0,103.0
Mumbai,2022-09-02,103,56.65,111.24,85.49,117.42,1.08,97.85,2,9,0,138.0
Mumbai,2022-10-02,138,75.9,149.04,114.54,157.32,1.45,131.1,2,10,1,159.0
Mumbai,2022-11-02,159,87.45,171.72,131.97,181.26,1.67,151.05,2,11,0,153.0
Mumbai,2022-12-02,153,84.15,165.24,126.99,174.42,1.61,145.35,2,12,0,187.0
Mumbai,2022-01-03,187,102.85,201.96,155.21,213.18,1.96,177.65,3,1,0,216.0
Mumbai,2022-02-03,216,118.8,233.28,179.28,246.24,2.27,205.2,3,2,0,204.0
Mumbai,2022-03-03,204,112.2,220.32,169.32,232.56,2.14,193.8,3,3,0,177.0
Mumbai,2022-04-03,177,97.35,191.16,146.91,201.78,1.86,168.15,3,4,1,167.0
Mumbai,2022-05-03,167,91.85,180.36,138.61,190.38,1.75,158.65,3,5,0,185.0
Mumbai,2022-06-03,185,101.75,199.8,153.55,210.9,1.94,175.75,3,6,0,170.0
Mumbai,2022-07-03,170,93.5,183.6,141.1,193.8,1.79,161.5,3,7,1,204.0
Mumbai,2022-08-03,204,112.2,220.32,169.32,232.56,2.14,193.8,3,8,0,210.0
Mumbai,2022-09-03,210,115.5,226.8,174.3,239.4,2.21,199.5,3,9,1,206.0
Mumbai,2022-10-03,206,113.3,222.48,170.98,234.84,2.16,195.7,3,10,0,195.0
Mumbai,2022-11-03,195,107.25,210.6,161.85,222.3,2.05,185.25,3,11,0,168.0
Mumbai,2022-12-03,168,92.4,181.44,139.44,191.52,1.76,159.6,3,12,1,196.0
Mumbai,2022-01-04,196,107.8,211.68,162.68,223.44,2.06,186.2,4,1,0,214.0
Mumbai,2022-02-04,214,117.7,231.12,177.62,243.96,2.25,203.3,4,2,0,172.0
Mumbai,2022-03-04,172,94.6,185.76,142.76,196.08,1.81,163.4,4,3,0,142.0
Mumbai,2022-04-04,142,78.1,153.36,117.86,161.88,1.49,134.9,4,4,0,108.0
Mumbai,2022-05-04,108,59.4,116.64,89.64,123.12,1.13,102.6,4,5,0,98.0
Mumbai,2022-06-04,98,53.9,105.84,81.34,111.72,1.03,93.1,4,6,1,104.0
Mumbai,2022-07-04,104,57.2,112.32,86.32,118.56,1.09,98.8,4,7,0,106.0
Mumbai,2022-08-04,106,58.3,114.48,87.98,120.84,1.11,100.7,4,8,0,81.0
Mumbai,2022-09-04,81,44.55,87.48,67.23,92.34,0.85,76.95,4,9,1,74.0
Mumbai,2022-10-04,74,40.7,79.92,61.42,84.36,0.78,70.3,4,10,0,71.0
Mumbai,2022-11-04,71,39.05,76.68,58.93,80.94,0.75,67.45,4,11,0,94.0
Mumbai,2022-12-04,94,51.7,101.52,78.02,107.16,0.99,89.3,4,12,1,89.0
Mumbai,2022-01-05,89,48.95,96.12,73.87,101.46,0.93,84.55,5,1,0,103.0
Mumbai,2022-02-05,103,56.65,111.24,85.49,117.42,1.08,97.85,5,2,1,91.0
Mumbai,2022-03-05,91,50.05,98.28,75.53,103.74,0.96,86.45,5,3,1,103.0
Mumbai,2022-04-05,103,56.65,111.24,85.49,117.42,1.08,97.85,5,4,0,118.0
Mumbai,2022-05-05,118,64.9,127.44,97.94,134.52,1.24,112.1,5,5,0,139.0
Mumbai,2022-06-05,139,76.45,150.12,115.37,158.46,1.46,132.05,5,6,1,189.0
Mumbai,2022-07-05,189,103.95,204.12,156.87,215.46,1.98,179.55,5,7,0,169.0
Mumbai,2022-08-05,169,92.95,182.52,140.27,192.66,1.77,160.55,5,8,0,117.0
Mumbai,2022-09-05,117,64.35,126.36,97.11,133.38,1.23,111.15,5,9,0,114.0
Mumbai,2022-10-05,114,62.7,123.12,94.62,129.96,1.2,108.3,5,10,0,118.0
Mumbai,2022-11-05,118,64.9,127.44,97.94,134.52,1.24,112.1,5,11,1,122.0
Mumbai,2022-12-05,122,67.1,131.76,101.26,139.08,1.28,115.9,5,12,0,79.0
Mumbai,2022-01-06,79,43.45,85.32,65.57,90.06,0.83,75.05,6,1,0,99.0
Mumbai,2022-02-06,99,54.45,106.92,82.17,112.86,1.04,94.05,6,2,1,108.0
Mumbai,2022-03-06,108,59.4,116.64,89.64,123.12,1.13,102.6,6,3,1,77.0
Mumbai,2022-04-06,77,42.35,83.16,63.91,87.78,0.81,73.15,6,4,0,69.0
Mumbai,2022-05-06,69,37.95,74.52,57.27,78.66,0.72,65.55,6,5,0,70.0
Mumbai,2022-06-06,70,38.5,75.6,58.1,79.8,0.74,66.5,6,6,0,71.0
Mumbai,2022-07-06,71,39.05,76.68,58.93,80.94,0.75,67.45,6,7,0,70.0
Mumbai,2022-08-06,70,38.5,75.6,58.1,79.8,0.74,66.5,6,8,1,56.0
Mumbai,2022-09-06,56,30.8,60.48,46.48,63.84,0.59,53.2,6,9,0,62.0
Mumbai,2022-10-06,62,34.1,66.96,51.46,70.68,0.65,58.9,6,10,0,59.0
Mumbai,2022-11-06,59,32.45,63.72,48.97,67.26,0.62,56.05,6,11,1,55.0
Mumbai,2022-12-06,55,30.25,59.4,45.65,62.7,0.58,52.25,6,12,0,58.0
Mumbai,2022-01-07,58,31.9,62.64,48.14,66.12,0.61,55.1,7,1,0,67.0
Mumbai,2022-02-07,67,36.85,72.36,55.61,76.38,0.7,63.65,7,2,0,72.0
Mumbai,2022-03-07,72,39.6,77.76,59.76,82.08,0.76,68.4,7,3,0,65.0
Mumbai,2022-04-07,65,35.75,70.2,53.95,74.1,0.68,61.75,7,4,0,60.0
Mumbai,2022-05-07,60,33.0,64.8,49.8,68.4,0.63,57.0,7,5,1,61.0
Mumbai,2022-06-07,61,33.55,65.88,50.63,69.54,0.64,57.95,7,6,0,56.0
Mumbai,2022-07-07,56,30.8,60.48,46.48,63.84,0.59,53.2,7,7,0,68.0
Mumbai,2022-08-07,68,37.4,73.44,56.44,77.52,0.71,64.6,7,8,1,68.0
Mumbai,2022-09-07,68,37.4,73.44,56.44,77.52,0.71,64.6,7,9,0,65.0
Mumbai,2022-10-07,65,35.75,70.2,53.95,74.1,0.68,61.75,7,10,0,68.0
Mumbai,2022-11-07,68,37.4,73.44,56.44,77.52,0.71,64.6,7,11,0,54.0
Mumbai,2022-12-07,54,29.7,58.32,44.82,61.56,0.57,51.3,7,12,0,65.0
Mumbai,2022-01-08,65,35.75,70.2,53.95,74.1,0.68,61.75,8,1,1,63.0
Mumbai,2022-02-08,63,34.65,68.04,52.29,71.82,0.66,59.85,8,2,0,89.0
Mumbai,2022-03-08,89,48.95,96.12,73.87,101.46,0.93,84.55,8,3,0,61.0
Mumbai,2022-04-08,61,33.55,65.88,50.63,69.54,0.64,57.95,8,4,0,71.0
Mumbai,2022-05-08,71,39.05,76.68,58.93,80.94,0.75,67.45,8,5,1,50.0
Mumbai,2022-06-08,50,27.5,54.0,41.5,57.0,0.53,47.5,8,6,0,51.0
Mumbai,2022-07-08,51,28.05,55.08,42.33,58.14,0.54,48.45,8,7,0,48.0
Mumbai,2022-08-08,48,26.4,51.84,39.84,54.72,0.5,45.6,8,8,0,45.0
Mumbai,2022-09-08,45,24.75,48.6,37.35,51.3,0.47,42.75,8,9,0,46.0
Mumbai,2022-10-08,46,25.3,49.68,38.18,52.44,0.48,43.7,8,10,1,43.0
Mumbai,2022-11-08,43,23.65,46.44,35.69,49.02,0.45,40.85,8,11,0,46.0
Mumbai,2022-12-08,46,25.3,49.68,38.18,52.44,0.48,43.7,8,12,0,64.0
Mumbai,2022-01-09,64,35.2,69.12,53.12,72.96,0.67,60.8,9,1,1,74.0
Mumbai,2022-02-09,74,40.7,79.92,61.42,84.36,0.78,70.3,9,2,0,80.0
Mumbai,2022-03-09,80,44.0,86.4,66.4,91.2,0.84,76.0,9,3,0,69.0
Mumbai,2022-04-09,69,37.95,74.52,57.27,78.66,0.72,65.55,9,4,1,60.0
Mumbai,2022-05-09,60,33.0,64.8,49.8,68.4,0.63,57.0,9,5,0,61.0
Mumbai,2022-06-09,61,33.55,65.88,50.63,69.54,0.64,57.95,9,6,0,69.0
Mumbai,2022-07-09,69,37.95,74.52,57.27,78.66,0.72,65.55,9,7,1,62.0
Mumbai,2022-08-09,62,34.1,66.96,51.46,70.68,0.65,58.9,9,8,0,72.0
Mumbai,2022-09-09,72,39.6,77.76,59.76,82.08,0.76,68.4,9,9,0,66.0
Mumbai,2022-10-09,66,36.3,71.28,54.78,75.24,0.69,62.7,9,10,1,71.0
Mumbai,2022-11-09,71,39.05,76.68,58.93,80.94,0.75,67.45,9,11,0,65.0
Mumbai,2022-12-09,65,35.75,70.2,53.95,74.1,0.68,61.75,9,12,0,78.0
Mumbai,2022-01-10,78,42.9,84.24,64.74,88.92,0.82,74.1,10,1,0,58.0
Mumbai,2022-02-10,58,31.9,62.64,48.14,66.12,0.61,55.1,10,2,0,58.0
Mumbai,2022-03-10,58,31.9,62.64,48.14,66.12,0.61,55.1,10,3,0,70.0
Mumbai,2022-04-10,70,38.5,75.6,58.1,79.8,0.74,66.5,10,4,1,75.0
Mumbai,2022-05-10,75,41.25,81.0,62.25,85.5,0.79,71.25,10,5,0,67.0
Mumbai,2022-06-10,67,36.85,72.36,55.61,76.38,0.7,63.65,10,6,0,70.0
Mumbai,2022-07-10,70,38.5,75.6,58.1,79.8,0.74,66.5,10,7,1,67.0
Mumbai,2022-08-10,67,36.85,72.36,55.61,76.38,0.7,63.65,10,8,0,64.0
Mumbai,2022-09-10,64,35.2,69.12,53.12,72.96,0.67,60.8,10,9,1,72.0
Mumbai,2022-10-10,72,39.6,77.76,59.76,82.08,0.76,68.4,10,10,0,67.0
Mumbai,2022-11-10,67,36.85,72.36,55.61,76.38,0.7,63.65,10,11,0,74.0
Mumbai,2022-12-10,74,40.7,79.92,61.42,84.36,0.78,70.3,10,12,1,152.0
Mumbai,2022-01-11,152,83.6,164.16,126.16,173.28,1.6,144.4,11,1,0,169.0
Mumbai,2022-02-11,169,92.95,182.52,140.27,192.66,1.77,160.55,11,2,0,141.0
Mumbai,2022-03-11,141,77.55,152.28,117.03,160.74,1.48,133.95,11,3,0,145.0
Mumbai,2022-04-11,145,79.75,156.6,120.35,165.3,1.52,137.75,11,4,0,159.0
Mumbai,2022-05-11,159,87.45,171.72,131.97,181.26,1.67,151.05,11,5,0,158.0
Mumbai,2022-06-11,158,86.9,170.64,131.14,180.12,1.66,150.1,11,6,1,146.0
Mumbai,2022-07-11,146,80.3,157.68,121.18,166.44,1.53,138.7,11,7,0,168.0
Mumbai,2022-08-11,168,92.4,181.44,139.44,191.52,1.76,159.6,11,8,0,192.0
Mumbai,2022-09-11,192,105.6,207.36,159.36,218.88,2.02,182.4,11,9,1,179.0
Mumbai,2022-10-11,179,98.45,193.32,148.57,204.06,1.88,170.05,11,10,0,158.0
Mumbai,2022-11-11,158,86.9,170.64,131.14,180.12,1.66,150.1,11,11,0,156.0
Mumbai,2022-12-11,156,85.8,168.48,129.48,177.84,1.64,148.2,11,12,1,213.0
Mumbai,2022-01-12,213,117.15,230.04,176.79,242.82,2.24,202.35,12,1,0,216.0
Mumbai,2022-02-12,216,118.8,233.28,179.28,246.24,2.27,205.2,12,2,1,219.0
Mumbai,2022-03-12,219,120.45,236.52,181.77,249.66,2.3,208.05,12,3,1,249.0
Mumbai,2022-04-12,249,136.95,268.92,206.67,283.86,2.61,236.55,12,4,0,272.0
Mumbai,2022-05-12,272,149.6,293.76,225.76,310.08,2.86,258.4,12,5,0,275.0
Mumbai,2022-06-12,275,151.25,297.0,228.25,313.5,2.89,261.25,12,6,1,271.0
Mumbai,2022-07-12,271,149.05,292.68,224.93,308.94,2.85,257.45,12,7,0,255.0
Mumbai,2022-08-12,255,140.25,275.4,211.65,290.7,2.68,242.25,12,8,0,190.0
Mumbai,2022-09-12,190,104.5,205.2,157.7,216.6,2.0,180.5,12,9,0,170.0
Mumbai,2022-10-12,170,93.5,183.6,141.1,193.8,1.79,161.5,12,10,0,198.0
Mumbai,2022-11-12,198,108.9,213.84,164.34,225.72,2.08,188.1,12,11,1,168.0
Mumbai,2022-12-12,168,92.4,181.44,139.44,191.52,1.76,159.6,12,12,0,147.0
Mumbai,2023-01-01,147,80.85,158.76,122.01,167.58,1.54,139.65,1,1,1,188.0
Mumbai,2023-02-01,188,103.4,203.04,156.04,214.32,1.97,178.6,1,2,0,214.0
Mumbai,2023-03-01,214,117.7,231.12,177.62,243.96,2.25,203.3,1,3,0,204.0
Mumbai,2023-04-01,204,112.2,220.32,169.32,232.56,2.14,193.8,1,4,1,223.0
Mumbai,2023-05-01,223,122.65,240.84,185.09,254.22,2.34,211.85,1,5,0,255.0
Mumbai,2023-06-01,255,140.25,275.4,211.65,290.7,2.68,242.25,1,6,0,204.0
Mumbai,2023-07-01,204,112.2,220.32,169.32,232.56,2.14,193.8,1,7,1,198.0
Mumbai,2023-08-01,198,108.9,213.84,164.34,225.72,2.08,188.1,1,8,0,137.0
Mumbai,2023-09-01,137,75.35,147.96,113.71,156.18,1.44,130.15,1,9,0,158.0
Mumbai,2023-10-01,158,86.9,170.64,131.14,180.12,1.66,150.1,1,10,1,213.0
Mumbai,2023-11-01,213,117.15,230.04,176.79,242.82,2.24,202.35,1,11,0,196.0
Mumbai,2023-12-01,196,107.8,211.68,162.68,223.44,2.06,186.2,1,12,0,227.0
Mumbai,2023-01-02,227,124.85,245.16,188.41,258.78,2.38,215.65,2,1,0,180.0
Mumbai,2023-02-02,180,99.0,194.4,149.4,205.2,1.89,171.0,2,2,0,198.0
Mumbai,2023-03-02,198,108.9,213.84,164.34,225.72,2.08,188.1,2,3,0,201.0
Mumbai,2023-04-02,201,110.55,217.08,166.83,229.14,2.11,190.95,2,4,1,226.0
Mumbai,2023-05-02,226,124.3,244.08,187.58,257.64,2.37,214.7,2,5,0,185.0
Mumbai,2023-06-02,185,101.75,199.8,153.55,210.9,1.94,175.75,2,6,0,177.0
Mumbai,2023-07-02,177,97.35,191.16,146.91,201.78,1.86,168.15,2,7,1,233.0
Mumbai,2023-08-02,233,128.15,251.64,193.39,265.62,2.45,221.35,2,8,0,236.0
Mumbai,2023-09-02,236,129.8,254.88,195.88,269.04,2.48,224.2,2,9,1,200.0
Mumbai,2023-10-02,200,110.0,216.0,166.0,228.0,2.1,190.0,2,10,0,172.0
Mumbai,2023-11-02,172,94.6,185.76,142.76,196.08,1.81,163.4,2,11,0,165.0
Mumbai,2023-12-02,165,90.75,178.2,136.95,188.1,1.73,156.75,2,12,1,174.0
Mumbai,2023-01-03,174,95.7,187.92,144.42,198.36,1.83,165.3,3,1,0,205.0
Mumbai,2023-02-03,205,112.75,221.4,170.15,233.7,2.15,194.75,3,2,0,262.0
Mumbai,2023-03-03,262,144.1,282.96,217.46,298.68,2.75,248.9,3,3,0,281.0
Mumbai,2023-04-03,281,154.55,303.48,233.23,320.34,2.95,266.95,3,4,0,260.0
Mumbai,2023-05-03,260,143.0,280.8,215.8,296.4,2.73,247.0,3,5,0,246.0
Mumbai,2023-06-03,246,135.3,265.68,204.18,280.44,2.58,233.7,3,6,1,139.0
Mumbai,2023-07-03,139,76.45,150.12,115.37,158.46,1.46,132.05,3,7,0,136.0
Mumbai,2023-08-03,136,74.8,146.88,112.88,155.04,1.43,129.2,3,8,0,156.0
Mumbai,2023-09-03,156,85.8,168.48,129.48,177.84,1.64,148.2,3,9,1,145.0
Mumbai,2023-10-03,145,79.75,156.6,120.35,165.3,1.52,137.75,3,10,0,163.0
Mumbai,2023-11-03,163,89.65,176.04,135.29,185.82,1.71,154.85,3,11,0,186.0
Mumbai,2023-12-03,186,102.3,200.88,154.38,212.04,1.95,176.7,3,12,1,108.0
Mumbai,2023-01-04,108,59.4,116.64,89.64,123.12,1.13,102.6,4,1,0,93.0
Mumbai,2023-02-04,93,51.15,100.44,77.19,106.02,0.98,88.35,4,2,1,86.0
Mumbai,2023-03-04,86,47.3,92.88,71.38,98.04,0.9,81.7,4,3,1,86.0
Mumbai,2023-04-04,86,47.3,92.88,71.38,98.04,0.9,81.7,4,4,0,87.0
Mumbai,2023-05-04,87,47.85,93.96,72.21,99.18,0.91,82.65,4,5,0,99.0
Mumbai,2023-06-04,99,54.45,106.92,82.17,112.86,1.04,94.05,4,6,1,149.0
Mumbai,2023-07-04,149,81.95,160.92,123.67,169.86,1.56,141.55,4,7,0,182.0
Mumbai,2023-08-04,182,100.1,196.56,151.06,207.48,1.91,172.9,4,8,0,156.0
Mumbai,2023-09-04,156,85.8,168.48,129.48,177.84,1.64,148.2,4,9,0,132.0
Mumbai,2023-10-04,132,72.6,142.56,109.56,150.48,1.39,125.4,4,10,0,112.0
Mumbai,2023-11-04,112,61.6,120.96,92.96,127.68,1.18,106.4,4,11,1,134.0
Mumbai,2023-12-04,134,73.7,144.72,111.22,152.76,1.41,127.3,4,12,0,74.0
Mumbai,2023-01-05,74,40.7,79.92,61.42,84.36,0.78,70.3,5,1,0,78.0
Mumbai,2023-02-05,78,42.9,84.24,64.74,88.92,0.82,74.1,5,2,1,80.0
Mumbai,2023-03-05,80,44.0,86.4,66.4,91.2,0.84,76.0,5,3,1,76.0
Mumbai,2023-04-05,76,41.8,82.08,63.08,86.64,0.8,72.2,5,4,0,75.0
Mumbai,2023-05-05,75,41.25,81.0,62.25,85.5,0.79,71.25,5,5,0,74.0
Mumbai,2023-06-05,74,40.7,79.92,61.42,84.36,0.78,70.3,5,6,0,84.0
Mumbai,2023-07-05,84,46.2,90.72,69.72,95.76,0.88,79.8,5,7,0,82.0
Mumbai,2023-08-05,82,45.1,88.56,68.06,93.48,0.86,77.9,5,8,1,91.0
Mumbai,2023-09-05,91,50.05,98.28,75.53,103.74,0.96,86.45,5,9,0,112.0
Mumbai,2023-10-05,112,61.6,120.96,92.96,127.68,1.18,106.4,5,10,0,121.0
Mumbai,2023-11-05,121,66.55,130.68,100.43,137.94,1.27,114.95,5,11,1,120.0
Mumbai,2023-12-05,120,66.0,129.6,99.6,136.8,1.26,114.0,5,12,0,89.0
Mumbai,2023-01-06,89,48.95,96.12,73.87,101.46,0.93,84.55,6,1,0,84.0
Mumbai,2023-02-06,84,46.2,90.72,69.72,95.76,0.88,79.8,6,2,0,74.0
Mumbai,2023-03-06,74,40.7,79.92,61.42,84.36,0.78,70.3,6,3,0,72.0
Mumbai,2023-04-06,72,39.6,77.76,59.76,82.08,0.76,68.4,6,4,0,73.0
Mumbai,2023-05-06,73,40.15,78.84,60.59,83.22,0.77,69.35,6,5,1,81.0
Mumbai,2023-06-06,81,44.55,87.48,67.23,92.34,0.85,76.95,6,6,0,87.0
Mumbai,2023-07-06,87,47.85,93.96,72.21,99.18,0.91,82.65,6,7,0,89.0
Mumbai,2023-08-06,89,48.95,96.12,73.87,101.46,0.93,84.55,6,8,1,81.0
Mumbai,2023-09-06,81,44.55,87.48,67.23,92.34,0.85,76.95,6,9,0,85.0
Mumbai,2023-10-06,85,46.75,91.8,70.55,96.9,0.89,80.75,6,10,0,85.0
Mumbai,2023-11-06,85,46.75,91.8,70.55,96.9,0.89,80.75,6,11,0,90.0
Mumbai,2023-12-06,90,49.5,97.2,74.7,102.6,0.95,85.5,6,12,0,67.0
Mumbai,2023-01-07,67,36.85,72.36,55.61,76.38,0.7,63.65,7,1,1,54.0
Mumbai,2023-02-07,54,29.7,58.32,44.82,61.56,0.57,51.3,7,2,0,62.0
Mumbai,2023-03-07,62,34.1,66.96,51.46,70.68,0.65,58.9,7,3,0,65.0
Mumbai,2023-04-07,65,35.75,70.2,53.95,74.1,0.68,61.75,7,4,0,65.0
Mumbai,2023-05-07,65,35.75,70.2,53.95,74.1,0.68,61.75,7,5,1,51.0
Mumbai,2023-06-07,51,28.05,55.08,42.33,58.14,0.54,48.45,7,6,0,54.0
Mumbai,2023-07-07,54,29.7,58.32,44.82,61.56,0.57,51.3,7,7,0,91.0
Mumbai,2023-08-07,91,50.05,98.28,75.53,103.74,0.96,86.45,7,8,0,70.0
Mumbai,2023-09-07,70,38.5,75.6,58.1,79.8,0.74,66.5,7,9,0,65.0
Mumbai,2023-10-07,65,35.75,70.2,53.95,74.1,0.68,61.75,7,10,1,73.0
Mumbai,2023-11-07,73,40.15,78.84,60.59,83.22,0.77,69.35,7,11,0,77.0
Mumbai,2023-12-07,77,42.35,83.16,63.91,87.78,0.81,73.15,7,12,0,54.0
Mumbai,2023-01-08,54,29.7,58.32,44.82,61.56,0.57,51.3,8,1,1,58.0
Mumbai,2023-02-08,58,31.9,62.64,48.14,66.12,0.61,55.1,8,2,0,62.0
Mumbai,2023-03-08,62,34.1,66.96,51.46,70.68,0.65,58.9,8,3,0,73.0
Mumbai,2023-04-08,73,40.15,78.84,60.59,83.22,0.77,69.35,8,4,1,62.0
Mumbai,2023-05-08,62,34.1,66.96,51.46,70.68,0.65,58.9,8,5,0,68.0
Mumbai,2023-06-08,68,37.4,73.44,56.44,77.52,0.71,64.6,8,6,0,70.0
Mumbai,2023-07-08,70,38.5,75.6,58.1,79.8,0.74,66.5,8,7,1,71.0
Mumbai,2023-08-08,71,39.05,76.68,58.93,80.94,0.75,67.45,8,8,0,78.0
Mumbai,2023-09-08,78,42.9,84.24,64.74,88.92,0.82,74.1,8,9,0,65.0
Mumbai,2023-10-08,65,35.75,70.2,53.95,74.1,0.68,61.75,8,10,1,61.0
Mumbai,2023-11-08,61,33.55,65.88,50.63,69.54,0.64,57.95,8,11,0,65.0
Mumbai,2023-12-08,65,35.75,70.2,53.95,74.1,0.68,61.75,8,12,0,84.0
Mumbai,2023-01-09,84,46.2,90.72,69.72,95.76,0.88,79.8,9,1,0,81.0
Mumbai,2023-02-09,81,44.55,87.48,67.23,92.34,0.85,76.95,9,2,0,80.0
Mumbai,2023-03-09,80,44.0,86.4,66.4,91.2,0.84,76.0,9,3,0,86.0
Mumbai,2023-04-09,86,47.3,92.88,71.38,98.04,0.9,81.7,9,4,1,81.0
Mumbai,2023-05-09,81,44.55,87.48,67.23,92.34,0.85,76.95,9,5,0,78.0
Mumbai,2023-06-09,78,42.9,84.24,64.74,88.92,0.82,74.1,9,6,0,71.0
Mumbai,2023-07-09,71,39.05,76.68,58.93,80.94,0.75,67.45,9,7,1,65.0
Mumbai,2023-08-09,65,35.75,70.2,53.95,74.1,0.68,61.75,9,8,0,61.0
Mumbai,2023-09-09,61,33.55,65.88,50.63,69.54,0.64,57.95,9,9,1,54.0
Mumbai,2023-10-09,54,29.7,58.32,44.82,61.56,0.57,51.3,9,10,0,54.0
Mumbai,2023-11-09,54,29.7,58.32,44.82,61.56,0.57,51.3,9,11,0,59.0
Mumbai,2023-12-09,59,32.45,63.72,48.97,67.26,0.62,56.05,9,12,1,87.0
Mumbai,2023-01-10,87,47.85,93.96,72.21,99.18,0.91,82.65,10,1,0,97.0
Mumbai,2023-02-10,97,53.35,104.76,80.51,110.58,1.02,92.15,10,2,0,116.0
Mumbai,2023-03-10,116,63.8,125.28,96.28,132.24,1.22,110.2,10,3,0,121.0
Mumbai,2023-04-10,121,66.55,130.68,100.43,137.94,1.27,114.95,10,4,0,120.0
Mumbai,2023-05-10,120,66.0,129.6,99.6,136.8,1.26,114.0,10,5,0,131.0
Mumbai,2023-06-10,131,72.05,141.48,108.73,149.34,1.38,124.45,10,6,1,120.0
Mumbai,2023-07-10,120,66.0,129.6,99.6,136.8,1.26,114.0,10,7,0,110.0
Mumbai,2023-08-10,110,60.5,118.8,91.3,125.4,1.16,104.5,10,8,0,144.0
Mumbai,2023-09-10,144,79.2,155.52,119.52,164.16,1.51,136.8,10,9,1,109.0
Mumbai,2023-10-10,109,59.95,117.72,90.47,124.26,1.14,103.55,10,10,0,88.0
Mumbai,2023-11-10,88,48.4,95.04,73.04,100.32,0.92,83.6,10,11,0,100.0
Mumbai,2023-12-10,100,55.0,108.0,83.0,114.0,1.05,95.0,10,12,1,175.0
Mumbai,2023-01-11,175,96.25,189.0,145.25,199.5,1.84,166.25,11,1,0,169.0
Mumbai,2023-02-11,169,92.95,182.52,140.27,192.66,1.77,160.55,11,2,1,178.0
Mumbai,2023-03-11,178,97.9,192.24,147.74,202.92,1.87,169.1,11,3,1,180.0
Mumbai,2023-04-11,180,99.0,194.4,149.4,205.2,1.89,171.0,11,4,0,198.0
Mumbai,2023-05-11,198,108.9,213.84,164.34,225.72,2.08,188.1,11,5,0,198.0
Mumbai,2023-06-11,198,108.9,213.84,164.34,225.72,2.08,188.1,11,6,1,186.0
Mumbai,2023-07-11,186,102.3,200.88,154.38,212.04,1.95,176.7,11,7,0,131.0
Mumbai,2023-08-11,131,72.05,141.48,108.73,149.34,1.38,124.45,11,8,0,111.0
Mumbai,2023-09-11,111,61.05,119.88,92.13,126.54,1.17,105.45,11,9,0,87.0
Mumbai,2023-10-11,87,47.85,93.96,72.21,99.18,0.91,82.65,11,10,0,90.0
Mumbai,2023-11-11,90,49.5,97.2,74.7,102.6,0.95,85.5,11,11,1,154.0
Mumbai,2023-12-11,154,84.7,166.32,127.82,175.56,1.62,146.3,11,12,0,127.0
Mumbai,2023-01-12,127,69.85,137.16,105.41,144.78,1.33,120.65,12,1,0,138.0
Mumbai,2023-02-12,138,75.9,149.04,114.54,157.32,1.45,131.1,12,2,1,144.0
Mumbai,2023-03-12,144,79.2,155.52,119.52,164.16,1.51,136.8,12,3,1,128.0
Mumbai,2023-04-12,128,70.4,138.24,106.24,145.92,1.34,121.6,12,4,0,136.0
Mumbai,2023-05-12,136,74.8,146.88,112.88,155.04,1.43,129.2,12,5,0,154.0
Mumbai,2023-06-12,154,84.7,166.32,127.82,175.56,1.62,146.3,12,6,0,125.0
Mumbai,2023-07-12,125,68.75,135.0,103.75,142.5,1.31,118.75,12,7,0,117.0
Mumbai,2023-08-12,117,64.35,126.36,97.11,133.38,1.23,111.15,12,8,1,114.0
Mumbai,2023-09-12,114,62.7,123.12,94.62,129.96,1.2,108.3,12,9,0,114.0
Mumbai,2023-10-12,114,62.7,123.12,94.62,129.96,1.2,108.3,12,10,0,108.0
Mumbai,2023-11-12,108,59.4,116.64,89.64,123.12,1.13,102.6,12,11,1,114.0
Mumbai,2023-12-12,114,62.7,123.12,94.62,129.96,1.2,108.3,12,12,0,132.0
Mumbai,2024-01-01,132,72.6,142.56,109.56,150.48,1.39,125.4,1,1,0,133.0
Mumbai,2024-02-01,133,73.15,143.64,110.39,151.62,1.4,126.35,1,2,0,117.0
Mumbai,2024-03-01,117,64.35,126.36,97.11,133.38,1.23,111.15,1,3,0,129.0
Mumbai,2024-04-01,129,70.95,139.32,107.07,147.06,1.35,122.55,1,4,0,123.0
Mumbai,2024-05-01,123,67.65,132.84,102.09,140.22,1.29,116.85,1,5,0,128.0
Mumbai,2024-06-01,128,70.4,138.24,106.24,145.92,1.34,121.6,1,6,1,124.0
Mumbai,2024-07-01,124,68.2,133.92,102.92,141.36,1.3,117.8,1,7,0,97.0
Mumbai,2024-08-01,97,53.35,104.76,80.51,110.58,1.02,92.15,1,8,0,115.0
Mumbai,2024-09-01,115,63.25,124.2,95.45,131.1,1.21,109.25,1,9,1,82.0
Mumbai,2024-10-01,82,45.1,88.56,68.06,93.48,0.86,77.9,1,10,0,128.0
Mumbai,2024-11-01,128,70.4,138.24,106.24,145.92,1.34,121.6,1,11,0,146.0
Mumbai,2024-12-01,146,80.3,157.68,121.18,166.44,1.53,138.7,1,12,1,93.0
Mumbai,2024-01-02,93,51.15,100.44,77.19,106.02,0.98,88.35,2,1,0,63.0
Mumbai,2024-02-02,63,34.65,68.04,52.29,71.82,0.66,59.85,2,2,0,122.0
Mumbai,2024-03-02,122,67.1,131.76,101.26,139.08,1.28,115.9,2,3,1,158.0
Mumbai,2024-04-02,158,86.9,170.64,131.14,180.12,1.66,150.1,2,4,0,154.0
Mumbai,2024-05-02,154,84.7,166.32,127.82,175.56,1.62,146.3,2,5,0,127.0
Mumbai,2024-06-02,127,69.85,137.16,105.41,144.78,1.33,120.65,2,6,1,115.0
Mumbai,2024-07-02,115,63.25,124.2,95.45,131.1,1.21,109.25,2,7,0,131.0
Mumbai,2024-08-02,131,72.05,141.48,108.73,149.34,1.38,124.45,2,8,0,127.0
Mumbai,2024-09-02,127,69.85,137.16,105.41,144.78,1.33,120.65,2,9,0,120.0
Mumbai,2024-10-02,120,66.0,129.6,99.6,136.8,1.26,114.0,2,10,0,121.0
Mumbai,2024-11-02,121,66.55,130.68,100.43,137.94,1.27,114.95,2,11,1,128.0
Mumbai,2024-12-02,128,70.4,138.24,106.24,145.92,1.34,121.6,2,12,0,118.0
Mumbai,2024-01-03,118,64.9,127.44,97.94,134.52,1.24,112.1,3,1,0,71.0
Mumbai,2024-02-03,71,39.05,76.68,58.93,80.94,0.75,67.45,3,2,1,55.0
Mumbai,2024-03-03,55,30.25,59.4,45.65,62.7,0.58,52.25,3,3,1,72.0
Mumbai,2024-04-03,72,39.6,77.76,59.76,82.08,0.76,68.4,3,4,0,109.0
Mumbai,2024-05-03,109,59.95,117.72,90.47,124.26,1.14,103.55,3,5,0,119.0
Mumbai,2024-06-03,119,65.45,128.52,98.77,135.66,1.25,113.05,3,6,0,108.0
Mumbai,2024-07-03,108,59.4,116.64,89.64,123.12,1.13,102.6,3,7,0,124.0
Mumbai,2024-08-03,124,68.2,133.92,102.92,141.36,1.3,117.8,3,8,1,122.0
Mumbai,2024-09-03,122,67.1,131.76,101.26,139.08,1.28,115.9,3,9,0,113.0
Mumbai,2024-10-03,113,62.15,122.04,93.79,128.82,1.19,107.35,3,10,0,111.0
Mumbai,2024-11-03,111,61.05,119.88,92.13,126.54,1.17,105.45,3,11,1,111.0
Mumbai,2024-12-03,111,61.05,119.88,92.13,126.54,1.17,105.45,3,12,0,106.0
Mumbai,2024-01-04,106,58.3,114.48,87.98,120.84,1.11,100.7,4,1,0,160.0
Mumbai,2024-02-04,160,88.0,172.8,132.8,182.4,1.68,152.0,4,2,1,128.0
Mumbai,2024-03-04,128,70.4,138.24,106.24,145.92,1.34,121.6,4,3,0,89.0
Mumbai,2024-04-04,89,48.95,96.12,73.87,101.46,0.93,84.55,4,4,0,91.0
Mumbai,2024-05-04,91,50.05,98.28,75.53,103.74,0.96,86.45,4,5,1,131.0
Mumbai,2024-06-04,131,72.05,141.48,108.73,149.34,1.38,124.45,4,6,0,95.0
Mumbai,2024-07-04,95,52.25,102.6,78.85,108.3,1.0,90.25,4,7,0,74.0
Mumbai,2024-08-04,74,40.7,79.92,61.42,84.36,0.78,70.3,4,8,1,93.0
Mumbai,2024-09-04,93,51.15,100.44,77.19,106.02,0.98,88.35,4,9,0,88.0
Mumbai,2024-10-04,88,48.4,95.04,73.04,100.32,0.92,83.6,4,10,0,88.0
Mumbai,2024-11-04,88,48.4,95.04,73.04,100.32,0.92,83.6,4,11,0,79.0
Mumbai,2024-12-04,79,43.45,85.32,65.57,90.06,0.83,75.05,4,12,0,102.0
Mumbai,2024-01-05,102,56.1,110.16,84.66,116.28,1.07,96.9,5,1,0,92.0
Mumbai,2024-02-05,92,50.6,99.36,76.36,104.88,0.97,87.4,5,2,0,117.0
Mumbai,2024-03-05,117,64.35,126.36,97.11,133.38,1.23,111.15,5,3,0,89.0
Mumbai,2024-04-05,89,48.95,96.12,73.87,101.46,0.93,84.55,5,4,0,79.0
Mumbai,2024-05-05,79,43.45,85.32,65.57,90.06,0.83,75.05,5,5,1,68.0
Mumbai,2024-06-05,68,37.4,73.44,56.44,77.52,0.71,64.6,5,6,0,65.0
Mumbai,2024-07-05,65,35.75,70.2,53.95,74.1,0.68,61.75,5,7,0,77.0
Mumbai,2024-08-05,77,42.35,83.16,63.91,87.78,0.81,73.15,5,8,0,70.0
Mumbai,2024-09-05,70,38.5,75.6,58.1,79.8,0.74,66.5,5,9,0,67.0
Mumbai,2024-10-05,67,36.85,72.36,55.61,76.38,0.7,63.65,5,10,1,68.0
Mumbai,2024-11-05,68,37.4,73.44,56.44,77.52,0.71,64.6,5,11,0,77.0
Mumbai,2024-12-05,77,42.35,83.16,63.91,87.78,0.81,73.15,5,12,0,62.0
Mumbai,2024-01-06,62,34.1,66.96,51.46,70.68,0.65,58.9,6,1,1,50.0
Mumbai,2024-02-06,50,27.5,54.0,41.5,57.0,0.53,47.5,6,2,0,68.0
Mumbai,2024-03-06,68,37.4,73.44,56.44,77.52,0.71,64.6,6,3,0,82.0
Mumbai,2024-04-06,82,45.1,88.56,68.06,93.48,0.86,77.9,6,4,1,69.0
Mumbai,2024-05-06,69,37.95,74.52,57.27,78.66,0.72,65.55,6,5,0,59.0
Mumbai,2024-06-06,59,32.45,63.72,48.97,67.26,0.62,56.05,6,6,0,62.0
Mumbai,2024-07-06,62,34.1,66.96,51.46,70.68,0.65,58.9,6,7,1,57.0
Mumbai,2024-08-06,57,31.35,61.56,47.31,64.98,0.6,54.15,6,8,0,56.0
Mumbai,2024-09-06,56,30.8,60.48,46.48,63.84,0.59,53.2,6,9,0,48.0
Mumbai,2024-10-06,48,26.4,51.84,39.84,54.72,0.5,45.6,6,10,1,48.0
Mumbai,2024-11-06,48,26.4,51.84,39.84,54.72,0.5,45.6,6,11,0,52.0
Mumbai,2024-12-06,52,28.6,56.16,43.16,59.28,0.55,49.4,6,12,0,60.0
Mumbai,2024-01-07,60,33.0,64.8,49.8,68.4,0.63,57.0,7,1,1,54.0
Mumbai,2024-02-07,54,29.7,58.32,44.82,61.56,0.57,51.3,7,2,0,61.0
Mumbai,2024-03-07,61,33.55,65.88,50.63,69.54,0.64,57.95,7,3,0,59.0
Mumbai,2024-04-07,59,32.45,63.72,48.97,67.26,0.62,56.05,7,4,1,51.0
Mumbai,2024-05-07,51,28.05,55.08,42.33,58.14,0.54,48.45,7,5,0,56.0
Mumbai,2024-06-07,56,30.8,60.48,46.48,63.84,0.59,53.2,7,6,0,74.0
Mumbai,2024-07-07,74,40.7,79.92,61.42,84.36,0.78,70.3,7,7,1,47.0
Mumbai,2024-08-07,47,25.85,50.76,39.01,53.58,0.49,44.65,7,8,0,36.0
Mumbai,2024-09-07,36,19.8,38.88,29.88,41.04,0.38,34.2,7,9,1,42.0
Mumbai,2024-10-07,42,23.1,45.36,34.86,47.88,0.44,39.9,7,10,0,38.0
Mumbai,2024-11-07,38,20.9,41.04,31.54,43.32,0.4,36.1,7,11,0,36.0
Mumbai,2024-12-07,36,19.8,38.88,29.88,41.04,0.38,34.2,7,12,1,41.0
Mumbai,2024-01-08,41,22.55,44.28,34.03,46.74,0.43,38.95,8,1,0,32.0
Mumbai,2024-02-08,32,17.6,34.56,26.56,36.48,0.34,30.4,8,2,0,31.0
Mumbai,2024-03-08,31,17.05,33.48,25.73,35.34,0.33,29.45,8,3,0,36.0
Mumbai,2024-04-08,36,19.8,38.88,29.88,41.04,0.38,34.2,8,4,0,37.0
Mumbai,2024-05-08,37,20.35,39.96,30.71,42.18,0.39,35.15,8,5,0,35.0
Mumbai,2024-06-08,35,19.25,37.8,29.05,39.9,0.37,33.25,8,6,1,34.0
Mumbai,2024-07-08,34,18.7,36.72,28.22,38.76,0.36,32.3,8,7,0,38.0
Mumbai,2024-08-08,38,20.9,41.04,31.54,43.32,0.4,36.1,8,8,0,39.0
Mumbai,2024-09-08,39,21.45,42.12,32.37,44.46,0.41,37.05,8,9,1,37.0
Mumbai,2024-10-08,37,20.35,39.96,30.71,42.18,0.39,35.15,8,10,0,36.0
Mumbai,2024-11-08,36,19.8,38.88,29.88,41.04,0.38,34.2,8,11,0,42.0
Mumbai,2024-12-08,42,23.1,45.36,34.86,47.88,0.44,39.9,8,12,1,39.0
Mumbai,2024-01-09,39,21.45,42.12,32.37,44.46,0.41,37.05,9,1,0,45.0
Mumbai,2024-02-09,45,24.75,48.6,37.35,51.3,0.47,42.75,9,2,0,43.0
Mumbai,2024-03-09,43,23.65,46.44,35.69,49.02,0.45,40.85,9,3,1,46.0
Mumbai,2024-04-09,46,25.3,49.68,38.18,52.44,0.48,43.7,9,4,0,36.0
Mumbai,2024-05-09,36,19.8,38.88,29.88,41.04,0.38,34.2,9,5,0,40.0
Mumbai,2024-06-09,40,22.0,43.2,33.2,45.6,0.42,38.0,9,6,1,37.0
Mumbai,2024-07-09,37,20.35,39.96,30.71,42.18,0.39,35.15,9,7,0,34.0
Mumbai,2024-08-09,34,18.7,36.72,28.22,38.76,0.36,32.3,9,8,0,37.0
Mumbai,2024-09-09,37,20.35,39.96,30.71,42.18,0.39,35.15,9,9,0,31.0
Mumbai,2024-10-09,31,17.05,33.48,25.73,35.34,0.33,29.45,9,10,0,40.0
Mumbai,2024-11-09,40,22.0,43.2,33.2,45.6,0.42,38.0,9,11,1,43.0
Mumbai,2024-12-09,43,23.65,46.44,35.69,49.02,0.45,40.85,9,12,0,66.0
Mumbai,2024-01-10,66,36.3,71.28,54.78,75.24,0.69,62.7,10,1,0,101.0
Mumbai,2024-02-10,101,55.55,109.08,83.83,115.14,1.06,95.95,10,2,1,58.0
Mumbai,2024-03-10,58,31.9,62.64,48.14,66.12,0.61,55.1,10,3,1,54.0
Mumbai,2024-04-10,54,29.7,58.32,44.82,61.56,0.57,51.3,10,4,0,54.0
Mumbai,2024-05-10,54,29.7,58.32,44.82,61.56,0.57,51.3,10,5,0,61.0
Mumbai,2024-06-10,61,33.55,65.88,50.63,69.54,0.64,57.95,10,6,0,116.0
Mumbai,2024-07-10,116,63.8,125.28,96.28,132.24,1.22,110.2,10,7,0,115.0
Mumbai,2024-08-10,115,63.25,124.2,95.45,131.1,1.21,109.25,10,8,1,84.0
Mumbai,2024-09-10,84,46.2,90.72,69.72,95.76,0.88,79.8,10,9,0,59.0
Mumbai,2024-10-10,59,32.45,63.72,48.97,67.26,0.62,56.05,10,10,0,55.0
Mumbai,2024-11-10,55,30.25,59.4,45.65,62.7,0.58,52.25,10,11,1,68.0
Mumbai,2024-12-10,68,37.4,73.44,56.44,77.52,0.71,64.6,10,12,0,169.0
Mumbai,2024-01-11,169,92.95,182.52,140.27,192.66,1.77,160.55,11,1,0,208.0
Mumbai,2024-02-11,208,114.4,224.64,172.64,237.12,2.18,197.6,11,2,1,157.0
Mumbai,2024-03-11,157,86.35,169.56,130.31,178.98,1.65,149.15,11,3,0,159.0
Mumbai,2024-04-11,159,87.45,171.72,131.97,181.26,1.67,151.05,11,4,0,150.0
Mumbai,2024-05-11,150,82.5,162.0,124.5,171.0,1.58,142.5,11,5,1,158.0
Mumbai,2024-06-11,158,86.9,170.64,131.14,180.12,1.66,150.1,11,6,0,137.0
Mumbai,2024-07-11,137,75.35,147.96,113.71,156.18,1.44,130.15,11,7,0,146.0
Mumbai,2024-08-11,146,80.3,157.68,121.18,166.44,1.53,138.7,11,8,1,144.0
Mumbai,2024-09-11,144,79.2,155.52,119.52,164.16,1.51,136.8,11,9,0,141.0
Mumbai,2024-10-11,141,77.55,152.28,117.03,160.74,1.48,133.95,11,10,0,152.0
Mumbai,2024-11-11,152,83.6,164.16,126.16,173.28,1.6,144.4,11,11,0,144.0
Mumbai,2024-12-11,144,79.2,155.52,119.52,164.16,1.51,136.8,11,12,0,167.0
Mumbai,2024-01-12,167,91.85,180.36,138.61,190.38,1.75,158.65,12,1,0,174.0
Mumbai,2024-02-12,174,95.7,187.92,144.42,198.36,1.83,165.3,12,2,0,129.0
Mumbai,2024-03-12,129,70.95,139.32,107.07,147.06,1.35,122.55,12,3,0,139.0
Mumbai,2024-04-12,139,76.45,150.12,115.37,158.46,1.46,132.05,12,4,0,154.0
Mumbai,2024-05-12,154,84.7,166.32,127.82,175.56,1.62,146.3,12,5,1,148.0
Mumbai,2024-06-12,148,81.4,159.84,122.84,168.72,1.55,140.6,12,6,0,126.0
Mumbai,2024-07-12,126,69.3,136.08,104.58,143.64,1.32,119.7,12,7,0,125.0
Mumbai,2024-08-12,125,68.75,135.0,103.75,142.5,1.31,118.75,12,8,0,112.0
Mumbai,2024-09-12,112,61.6,120.96,92.96,127.68,1.18,106.4,12,9,0,131.0
Mumbai,2024-10-12,131,72.05,141.48,108.73,149.34,1.38,124.45,12,10,1,139.0
Mumbai,2024-11-12,139,76.45,150.12,115.37,158.46,1.46,132.05,12,11,0,137.0
Mumbai,2024-12-12,137,75.35,147.96,113.71,156.18,1.44,130.15,12,12,0,93.0
Chennai,2018-01-01,93,51.15,100.44,77.19,106.02,0.98,88.35,1,1,0,100.0
Chennai,2018-02-01,100,55.0,108.0,83.0,114.0,1.05,95.0,1,2,0,81.0
Chennai,2018-03-01,81,44.55,87.48,67.23,92.34,0.85,76.95,1,3,0,169.0
Chennai,2018-04-01,169,92.95,182.52,140.27,192.66,1.77,160.55,1,4,1,153.0
Chennai,2018-05-01,153,84.15,165.24,126.99,174.42,1.61,145.35,1,5,0,157.0
Chennai,2018-06-01,157,86.35,169.56,130.31,178.98,1.65,149.15,1,6,0,123.0
Chennai,2018-07-01,123,67.65,132.84,102.09,140.22,1.29,116.85,1,7,1,128.0
Chennai,2018-08-01,128,70.4,138.24,106.24,145.92,1.34,121.6,1,8,0,107.0
Chennai,2018-09-01,107,58.85,115.56,88.81,121.98,1.12,101.65,1,9,1,108.0
Chennai,2018-10-01,108,59.4,116.64,89.64,123.12,1.13,102.6,1,10,0,178.0
Chennai,2018-11-01,178,97.9,192.24,147.74,202.92,1.87,169.1,1,11,0,158.0
Chennai,2018-12-01,158,86.9,170.64,131.14,180.12,1.66,150.1,1,12,1,134.0
Chennai,2018-01-02,134,73.7,144.72,111.22,152.76,1.41,127.3,2,1,0,162.0
Chennai,2018-02-02,162,89.1,174.96,134.46,184.68,1.7,153.9,2,2,0,146.0
Chennai,2018-03-02,146,80.3,157.68,121.18,166.44,1.53,138.7,2,3,0,91.0
Chennai,2018-04-02,91,50.05,98.28,75.53,103.74,0.96,86.45,2,4,0,75.0
Chennai,2018-05-02,75,41.25,81.0,62.25,85.5,0.79,71.25,2,5,0,80.0
Chennai,2018-06-02,80,44.0,86.4,66.4,91.2,0.84,76.0,2,6,1,68.0
Chennai,2018-07-02,68,37.4,73.44,56.44,77.52,0.71,64.6,2,7,0,68.0
Chennai,2018-08-02,68,37.4,73.44,56.44,77.52,0.71,64.6,2,8,0,103.0
Chennai,2018-09-02,103,56.65,111.24,85.49,117.42,1.08,97.85,2,9,1,80.0
Chennai,2018-10-02,80,44.0,86.4,66.4,91.2,0.84,76.0,2,10,0,131.0
Chennai,2018-11-02,131,72.05,141.48,108.73,149.34,1.38,124.45,2,11,0,82.0
Chennai,2018-12-02,82,45.1,88.56,68.06,93.48,0.86,77.9,2,12,1,142.0
Chennai,2018-01-03,142,78.1,153.36,117.86,161.88,1.49,134.9,3,1,0,107.0
Chennai,2018-02-03,107,58.85,115.56,88.81,121.98,1.12,101.65,3,2,1,104.0
Chennai,2018-03-03,104,57.2,112.32,86.32,118.56,1.09,98.8,3,3,1,123.0
Chennai,2018-04-03,123,67.65,132.84,102.09,140.22,1.29,116.85,3,4,0,88.0
Chennai,2018-05-03,88,48.4,95.04,73.04,100.32,0.92,83.6,3,5,0,73.0
Chennai,2018-06-03,73,40.15,78.84,60.59,83.22,0.77,69.35,3,6,1,117.0
Chennai,2018-07-03,117,64.35,126.36,97.11,133.38,1.23,111.15,3,7,0,170.0
Chennai,2018-08-03,170,93.5,183.6,141.1,193.8,1.79,161.5,3,8,0,110.0
Chennai,2018-09-03,110,60.5,118.8,91.3,125.4,1.16,104.5,3,9,0,141.0
Chennai,2018-10-03,141,77.55,152.28,117.03,160.74,1.48,133.95,3,10,0,124.0
Chennai,2018-11-03,124,68.2,133.92,102.92,141.36,1.3,117.8,3,11,1,74.0
Chennai,2018-12-03,74,40.7,79.92,61.42,84.36,0.78,70.3,3,12,0,84.0
Chennai,2018-01-04,84,46.2,90.72,69.72,95.76,0.88,79.8,4,1,0,67.0
Chennai,2018-02-04,67,36.85,72.36,55.61,76.38,0.7,63.65,4,2,1,62.0
Chennai,2018-03-04,62,34.1,66.96,51.46,70.68,0.65,58.9,4,3,1,68.0
Chennai,2018-04-04,68,37.4,73.44,56.44,77.52,0.71,64.6,4,4,0,82.0
Chennai,2018-05-04,82,45.1,88.56,68.06,93.48,0.86,77.9,4,5,0,104.0
Chennai,2018-06-04,104,57.2,112.32,86.32,118.56,1.09,98.8,4,6,0,82.0
Chennai,2018-07-04,82,45.1,88.56,68.06,93.48,0.86,77.9,4,7,0,58.0
Chennai,2018-08-04,58,31.9,62.64,48.14,66.12,0.61,55.1,4,8,1,73.0
Chennai,2018-09-04,73,40.15,78.84,60.59,83.22,0.77,69.35,4,9,0,53.0
Chennai,2018-10-04,53,29.15,57.24,43.99,60.42,0.56,50.35,4,10,0,71.0
Chennai,2018-11-04,71,39.05,76.68,58.93,80.94,0.75,67.45,4,11,1,64.0
Chennai,2018-12-04,64,35.2,69.12,53.12,72.96,0.67,60.8,4,12,0,118.0
Chennai,2018-01-05,118,64.9,127.44,97.94,134.52,1.24,112.1,5,1,0,132.0
Chennai,2018-02-05,132,72.6,142.56,109.56,150.48,1.39,125.4,5,2,0,119.0
Chennai,2018-03-05,119,65.45,128.52,98.77,135.66,1.25,113.05,5,3,0,148.0
Chennai,2018-04-05,148,81.4,159.84,122.84,168.72,1.55,140.6,5,4,0,110.0
Chennai,2018-05-05,110,60.5,118.8,91.3,125.4,1.16,104.5,5,5,1,68.0
Chennai,2018-06-05,68,37.4,73.44,56.44,77.52,0.71,64.6,5,6,0,86.0
Chennai,2018-07-05,86,47.3,92.88,71.38,98.04,0.9,81.7,5,7,0,68.0
Chennai,2018-08-05,68,37.4,73.44,56.44,77.52,0.71,64.6,5,8,1,63.0
Chennai,2018-09-05,63,34.65,68.04,52.29,71.82,0.66,59.85,5,9,0,56.0
Chennai,2018-10-05,56,30.8,60.48,46.48,63.84,0.59,53.2,5,10,0,55.0
Chennai,2018-11-05,55,30.25,59.4,45.65,62.7,0.58,52.25,5,11,0,58.0
Chennai,2018-12-05,58,31.9,62.64,48.14,66.12,0.61,55.1,5,12,0,108.0
Chennai,2018-01-06,108,59.4,116.64,89.64,123.12,1.13,102.6,6,1,1,132.0
Chennai,2018-02-06,132,72.6,142.56,109.56,150.48,1.39,125.4,6,2,0,86.0
Chennai,2018-03-06,86,47.3,92.88,71.38,98.04,0.9,81.7,6,3,0,88.0
Chennai,2018-04-06,88,48.4,95.04,73.04,100.32,0.92,83.6,6,4,0,90.0
Chennai,2018-05-06,90,49.5,97.2,74.7,102.6,0.95,85.5,6,5,1,72.0
Chennai,2018-06-06,72,39.6,77.76,59.76,82.08,0.76,68.4,6,6,0,57.0
Chennai,2018-07-06,57,31.35,61.56,47.31,64.98,0.6,54.15,6,7,0,74.0
Chennai,2018-08-06,74,40.7,79.92,61.42,84.36,0.78,70.3,6,8,0,70.0
Chennai,2018-09-06,70,38.5,75.6,58.1,79.8,0.74,66.5,6,9,0,64.0
Chennai,2018-10-06,64,35.2,69.12,53.12,72.96,0.67,60.8,6,10,1,71.0
Chennai,2018-11-06,71,39.05,76.68,58.93,80.94,0.75,67.45,6,11,0,90.0
Chennai,2018-12-06,90,49.5,97.2,74.7,102.6,0.95,85.5,6,12,0,150.0
Chennai,2018-01-07,150,82.5,162.0,124.5,171.0,1.58,142.5,7,1,1,148.0
Chennai,2018-02-07,148,81.4,159.84,122.84,168.72,1.55,140.6,7,2,0,164.0
Chennai,2018-03-07,164,90.2,177.12,136.12,186.96,1.72,155.8,7,3,0,98.0
Chennai,2018-04-07,98,53.9,105.84,81.34,111.72,1.03,93.1,7,4,1,96.0
Chennai,2018-05-07,96,52.8,103.68,79.68,109.44,1.01,91.2,7,5,0,148.0
Chennai,2018-06-07,148,81.4,159.84,122.84,168.72,1.55,140.6,7,6,0,130.0
Chennai,2018-07-07,130,71.5,140.4,107.9,148.2,1.37,123.5,7,7,1,81.0
Chennai,2018-08-07,81,44.55,87.48,67.23,92.34,0.85,76.95,7,8,0,127.0
Chennai,2018-09-07,127,69.85,137.16,105.41,144.78,1.33,120.65,7,9,0,109.0
Chennai,2018-10-07,109,59.95,117.72,90.47,124.26,1.14,103.55,7,10,1,98.0
Chennai,2018-11-07,98,53.9,105.84,81.34,111.72,1.03,93.1,7,11,0,70.0
Chennai,2018-12-07,70,38.5,75.6,58.1,79.8,0.74,66.5,7,12,0,114.0
Chennai,2018-01-08,114,62.7,123.12,94.62,129.96,1.2,108.3,8,1,0,86.0
Chennai,2018-02-08,86,47.3,92.88,71.38,98.04,0.9,81.7,8,2,0,86.0
Chennai,2018-03-08,86,47.3,92.88,71.38,98.04,0.9,81.7,8,3,0,94.0
Chennai,2018-04-08,94,51.7,101.52,78.02,107.16,0.99,89.3,8,4,1,108.0
Chennai,2018-05-08,108,59.4,116.64,89.64,123.12,1.13,102.6,8,5,0,110.0
Chennai,2018-06-08,110,60.5,118.8,91.3,125.4,1.16,104.5,8,6,0,98.0
Chennai,2018-07-08,98,53.9,105.84,81.34,111.72,1.03,93.1,8,7,1,59.0
Chennai,2018-08-08,59,32.45,63.72,48.97,67.26,0.62,56.05,8,8,0,46.0
Chennai,2018-09-08,46,25.3,49.68,38.18,52.44,0.48,43.7,8,9,1,71.0
Chennai,2018-10-08,71,39.05,76.68,58.93,80.94,0.75,67.45,8,10,0,70.0
Chennai,2018-11-08,70,38.5,75.6,58.1,79.8,0.74,66.5,8,11,0,46.0
Chennai,2018-12-08,46,25.3,49.68,38.18,52.44,0.48,43.7,8,12,1,62.0
Chennai,2018-01-09,62,34.1,66.96,51.46,70.68,0.65,58.9,9,1,0,83.0
Chennai,2018-02-09,83,45.65,89.64,68.89,94.62,0.87,78.85,9,2,0,68.0
Chennai,2018-03-09,68,37.4,73.44,56.44,77.52,0.71,64.6,9,3,0,67.0
Chennai,2018-04-09,67,36.85,72.36,55.61,76.38,0.7,63.65,9,4,0,112.0
Chennai,2018-05-09,112,61.6,120.96,92.96,127.68,1.18,106.4,9,5,0,107.0
Chennai,2018-06-09,107,58.85,115.56,88.81,121.98,1.12,101.65,9,6,1,102.0
Chennai,2018-07-09,102,56.1,110.16,84.66,116.28,1.07,96.9,9,7,0,102.0
Chennai,2018-08-09,102,56.1,110.16,84.66,116.28,1.07,96.9,9,8,0,81.0
Chennai,2018-09-09,81,44.55,87.48,67.23,92.34,0.85,76.95,9,9,1,73.0
Chennai,2018-10-09,73,40.15,78.84,60.59,83.22,0.77,69.35,9,10,0,83.0
Chennai,2018-11-09,83,45.65,89.64,68.89,94.62,0.87,78.85,9,11,0,62.0
Chennai,2018-01-10,62,34.1,66.96,51.46,70.68,0.65,58.9,10,1,0,63.0
Chennai,2018-02-10,63,34.65,68.04,52.29,71.82,0.66,59.85,10,2,1,47.0
Chennai,2018-03-10,47,25.85,50.76,39.01,53.58,0.49,44.65,10,3,1,61.0
Chennai,2018-04-10,61,33.55,65.88,50.63,69.54,0.64,57.95,10,4,0,55.0
Chennai,2018-05-10,55,30.25,59.4,45.65,62.7,0.58,52.25,10,5,0,48.0
Chennai,2018-06-10,48,26.4,51.84,39.84,54.72,0.5,45.6,10,6,1,49.0
Chennai,2018-07-10,49,26.95,52.92,40.67,55.86,0.51,46.55,10,7,0,64.0
Chennai,2018-08-10,64,35.2,69.12,53.12,72.96,0.67,60.8,10,8,0,98.0
Chennai,2018-09-10,98,53.9,105.84,81.34,111.72,1.03,93.1,10,9,0,138.0
Chennai,2018-10-10,138,75.9,149.04,114.54,157.32,1.45,131.1,10,10,0,150.0
Chennai,2018-11-10,150,82.5,162.0,124.5,171.0,1.58,142.5,10,11,1,88.0
Chennai,2018-12-10,88,48.4,95.04,73.04,100.32,0.92,83.6,10,12,0,48.0
Chennai,2018-01-11,48,26.4,51.84,39.84,54.72,0.5,45.6,11,1,0,75.0
Chennai,2018-02-11,75,41.25,81.0,62.25,85.5,0.79,71.25,11,2,1,45.0
Chennai,2018-03-11,45,24.75,48.6,37.35,51.3,0.47,42.75,11,3,1,95.0
Chennai,2018-04-11,95,52.25,102.6,78.85,108.3,1.0,90.25,11,4,0,66.0
Chennai,2018-05-11,66,36.3,71.28,54.78,75.24,0.69,62.7,11,5,0,64.0
Chennai,2018-06-11,64,35.2,69.12,53.12,72.96,0.67,60.8,11,6,0,121.0
Chennai,2018-07-11,121,66.55,130.68,100.43,137.94,1.27,114.95,11,7,0,105.0
Chennai,2018-08-11,105,57.75,113.4,87.15,119.7,1.1,99.75,11,8,1,146.0
Chennai,2018-09-11,146,80.3,157.68,121.18,166.44,1.53,138.7,11,9,0,134.0
Chennai,2018-10-11,134,73.7,144.72,111.22,152.76,1.41,127.3,11,10,0,141.0
Chennai,2018-11-11,141,77.55,152.28,117.03,160.74,1.48,133.95,11,11,1,174.0
Chennai,2018-12-11,174,95.7,187.92,144.42,198.36,1.83,165.3,11,12,0,98.0
Chennai,2018-01-12,98,53.9,105.84,81.34,111.72,1.03,93.1,12,1,0,56.0
Chennai,2018-02-12,56,30.8,60.48,46.48,63.84,0.59,53.2,12,2,0,56.0
Chennai,2018-03-12,56,30.8,60.48,46.48,63.84,0.59,53.2,12,3,0,54.0
Chennai,2018-04-12,54,29.7,58.32,44.82,61.56,0.57,51.3,12,4,0,61.0
Chennai,2018-05-12,61,33.55,65.88,50.63,69.54,0.64,57.95,12,5,1,68.0
Chennai,2018-06-12,68,37.4,73.44,56.44,77.52,0.71,64.6,12,6,0,142.0
Chennai,2018-07-12,142,78.1,153.36,117.86,161.88,1.49,134.9,12,7,0,238.0
Chennai,2018-08-12,238,130.9,257.04,197.54,271.32,2.5,226.1,12,8,1,222.0
Chennai,2018-09-12,222,122.1,239.76,184.26,253.08,2.33,210.9,12,9,0,221.0
Chennai,2018-10-12,221,121.55,238.68,183.43,251.94,2.32,209.95,12,10,0,185.0
Chennai,2018-11-12,185,101.75,199.8,153.55,210.9,1.94,175.75,12,11,0,185.0
Chennai,2018-12-12,185,101.75,199.8,153.55,210.9,1.94,175.75,12,12,0,175.0
Chennai,2019-01-01,175,96.25,189.0,145.25,199.5,1.84,166.25,1,1,0,81.0
Chennai,2019-02-01,81,44.55,87.48,67.23,92.34,0.85,76.95,1,2,0,184.0
Chennai,2019-03-01,184,101.2,198.72,152.72,209.76,1.93,174.8,1,3,0,203.0
Chennai,2019-04-01,203,111.65,219.24,168.49,231.42,2.13,192.85,1,4,0,112.0
Chennai,2019-05-01,112,61.6,120.96,92.96,127.68,1.18,106.4,1,5,0,193.0
Chennai,2019-06-01,193,106.15,208.44,160.19,220.02,2.03,183.35,1,6,1,148.0
Chennai,2019-07-01,148,81.4,159.84,122.84,168.72,1.55,140.6,1,7,0,81.0
Chennai,2019-08-01,81,44.55,87.48,67.23,92.34,0.85,76.95,1,8,0,212.0
Chennai,2019-09-01,212,116.6,228.96,175.96,241.68,2.23,201.4,1,9,1,172.0
Chennai,2019-10-01,172,94.6,185.76,142.76,196.08,1.81,163.4,1,10,0,178.0
Chennai,2019-11-01,178,97.9,192.24,147.74,202.92,1.87,169.1,1,11,0,158.0
Chennai,2019-12-01,158,86.9,170.64,131.14,180.12,1.66,150.1,1,12,1,100.0
Chennai,2019-01-02,100,55.0,108.0,83.0,114.0,1.05,95.0,2,1,0,90.0
Chennai,2019-02-02,90,49.5,97.2,74.7,102.6,0.95,85.5,2,2,1,52.0
Chennai,2019-03-02,52,28.6,56.16,43.16,59.28,0.55,49.4,2,3,1,88.0
Chennai,2019-04-02,88,48.4,95.04,73.04,100.32,0.92,83.6,2,4,0,98.0
Chennai,2019-05-02,98,53.9,105.84,81.34,111.72,1.03,93.1,2,5,0,125.0
Chennai,2019-06-02,125,68.75,135.0,103.75,142.5,1.31,118.75,2,6,1,115.0
Chennai,2019-07-02,115,63.25,124.2,95.45,131.1,1.21,109.25,2,7,0,67.0
Chennai,2019-08-02,67,36.85,72.36,55.61,76.38,0.7,63.65,2,8,0,53.0
Chennai,2019-09-02,53,29.15,57.24,43.99,60.42,0.56,50.35,2,9,0,48.0
Chennai,2019-10-02,48,26.4,51.84,39.84,54.72,0.5,45.6,2,10,0,58.0
Chennai,2019-11-02,58,31.9,62.64,48.14,66.12,0.61,55.1,2,11,1,68.0
Chennai,2019-12-02,68,37.4,73.44,56.44,77.52,0.71,64.6,2,12,0,68.0
Chennai,2019-01-03,68,37.4,73.44,56.44,77.52,0.71,64.6,3,1,0,165.0
Chennai,2019-02-03,165,90.75,178.2,136.95,188.1,1.73,156.75,3,2,1,74.0
Chennai,2019-03-03,74,40.7,79.92,61.42,84.36,0.78,70.3,3,3,1,76.0
Chennai,2019-04-03,76,41.8,82.08,63.08,86.64,0.8,72.2,3,4,0,89.0
Chennai,2019-05-03,89,48.95,96.12,73.87,101.46,0.93,84.55,3,5,0,103.0
Chennai,2019-06-03,103,56.65,111.24,85.49,117.42,1.08,97.85,3,6,0,86.0
Chennai,2019-07-03,86,47.3,92.88,71.38,98.04,0.9,81.7,3,7,0,73.0
Chennai,2019-08-03,73,40.15,78.84,60.59,83.22,0.77,69.35,3,8,1,78.0
Chennai,2019-09-03,78,42.9,84.24,64.74,88.92,0.82,74.1,3,9,0,68.0
Chennai,2019-10-03,68,37.4,73.44,56.44,77.52,0.71,64.6,3,10,0,60.0
Chennai,2019-11-03,60,33.0,64.8,49.8,68.4,0.63,57.0,3,11,1,82.0
Chennai,2019-12-03,82,45.1,88.56,68.06,93.48,0.86,77.9,3,12,0,119.0
Chennai,2019-01-04,119,65.45,128.52,98.77,135.66,1.25,113.05,4,1,0,94.0
Chennai,2019-02-04,94,51.7,101.52,78.02,107.16,0.99,89.3,4,2,0,116.0
Chennai,2019-03-04,116,63.8,125.28,96.28,132.24,1.22,110.2,4,3,0,62.0
Chennai,2019-04-04,62,34.1,66.96,51.46,70.68,0.65,58.9,4,4,0,79.0
Chennai,2019-05-04,79,43.45,85.32,65.57,90.06,0.83,75.05,4,5,1,77.0
Chennai,2019-06-04,77,42.35,83.16,63.91,87.78,0.81,73.15,4,6,0,71.0
Chennai,2019-07-04,71,39.05,76.68,58.93,80.94,0.75,67.45,4,7,0,76.0
Chennai,2019-08-04,76,41.8,82.08,63.08,86.64,0.8,72.2,4,8,1,96.0
Chennai,2019-09-04,96,52.8,103.68,79.68,109.44,1.01,91.2,4,9,0,70.0
Chennai,2019-10-04,70,38.5,75.6,58.1,79.8,0.74,66.5,4,10,0,118.0
Chennai,2019-11-04,118,64.9,127.44,97.94,134.52,1.24,112.1,4,11,0,67.0
Chennai,2019-12-04,67,36.85,72.36,55.61,76.38,0.7,63.65,4,12,0,72.0
Chennai,2019-01-05,72,39.6,77.76,59.76,82.08,0.76,68.4,5,1,1,66.0
Chennai,2019-02-05,66,36.3,71.28,54.78,75.24,0.69,62.7,5,2,0,65.0
Chennai,2019-03-05,65,35.75,70.2,53.95,74.1,0.68,61.75,5,3,0,68.0
Chennai,2019-04-05,68,37.4,73.44,56.44,77.52,0.71,64.6,5,4,0,70.0
Chennai,2019-05-05,70,38.5,75.6,58.1,79.8,0.74,66.5,5,5,1,66.0
Chennai,2019-06-05,66,36.3,71.28,54.78,75.24,0.69,62.7,5,6,0,73.0
Chennai,2019-07-05,73,40.15,78.84,60.59,83.22,0.77,69.35,5,7,0,67.0
Chennai,2019-08-05,67,36.85,72.36,55.61,76.38,0.7,63.65,5,8,0,66.0
Chennai,2019-09-05,66,36.3,71.28,54.78,75.24,0.69,62.7,5,9,0,62.0
Chennai,2019-10-05,62,34.1,66.96,51.46,70.68,0.65,58.9,5,10,1,134.0
Chennai,2019-11-05,134,73.7,144.72,111.22,152.76,1.41,127.3,5,11,0,130.0
Chennai,2019-12-05,130,71.5,140.4,107.9,148.2,1.37,123.5,5,12,0,165.0
Chennai,2019-01-06,165,90.75,178.2,136.95,188.1,1.73,156.75,6,1,1,158.0
Chennai,2019-02-06,158,86.9,170.64,131.14,180.12,1.66,150.1,6,2,0,121.0
Chennai,2019-03-06,121,66.55,130.68,100.43,137.94,1.27,114.95,6,3,0,140.0
Chennai,2019-04-06,140,77.0,151.2,116.2,159.6,1.47,133.0,6,4,1,136.0
Chennai,2019-05-06,136,74.8,146.88,112.88,155.04,1.43,129.2,6,5,0,106.0
Chennai,2019-06-06,106,58.3,114.48,87.98,120.84,1.11,100.7,6,6,0,75.0
Chennai,2019-07-06,75,41.25,81.0,62.25,85.5,0.79,71.25,6,7,1,57.0
Chennai,2019-08-06,57,31.35,61.56,47.31,64.98,0.6,54.15,6,8,0,86.0
Chennai,2019-09-06,86,47.3,92.88,71.38,98.04,0.9,81.7,6,9,0,100.0
Chennai,2019-10-06,100,55.0,108.0,83.0,114.0,1.05,95.0,6,10,1,70.0
Chennai,2019-11-06,70,38.5,75.6,58.1,79.8,0.74,66.5,6,11,0,86.0
Chennai,2019-12-06,86,47.3,92.88,71.38,98.04,0.9,81.7,6,12,0,50.0
Chennai,2019-01-07,50,27.5,54.0,41.5,57.0,0.53,47.5,7,1,0,56.0
Chennai,2019-02-07,56,30.8,60.48,46.48,63.84,0.59,53.2,7,2,0,144.0
Chennai,2019-03-07,144,79.2,155.52,119.52,164.16,1.51,136.8,7,3,0,87.0
Chennai,2019-04-07,87,47.85,93.96,72.21,99.18,0.91,82.65,7,4,1,133.0
Chennai,2019-05-07,133,73.15,143.64,110.39,151.62,1.4,126.35,7,5,0,48.0
Chennai,2019-06-07,48,26.4,51.84,39.84,54.72,0.5,45.6,7,6,0,61.0
Chennai,2019-07-07,61,33.55,65.88,50.63,69.54,0.64,57.95,7,7,1,97.0
Chennai,2019-08-07,97,53.35,104.76,80.51,110.58,1.02,92.15,7,8,0,92.0
Chennai,2019-09-07,92,50.6,99.36,76.36,104.88,0.97,87.4,7,9,1,65.0
Chennai,2019-10-07,65,35.75,70.2,53.95,74.1,0.68,61.75,7,10,0,66.0
Chennai,2019-11-07,66,36.3,71.28,54.78,75.24,0.69,62.7,7,11,0,65.0
Chennai,2019-12-07,65,35.75,70.2,53.95,74.1,0.68,61.75,7,12,1,97.0
Chennai,2019-01-08,97,53.35,104.76,80.51,110.58,1.02,92.15,8,1,0,86.0
Chennai,2019-02-08,86,47.3,92.88,71.38,98.04,0.9,81.7,8,2,0,84.0
Chennai,2019-03-08,84,46.2,90.72,69.72,95.76,0.88,79.8,8,3,0,91.0
Chennai,2019-04-08,91,50.05,98.28,75.53,103.74,0.96,86.45,8,4,0,77.0
Chennai,2019-05-08,77,42.35,83.16,63.91,87.78,0.81,73.15,8,5,0,89.0
Chennai,2019-06-08,89,48.95,96.12,73.87,101.46,0.93,84.55,8,6,1,61.0
Chennai,2019-07-08,61,33.55,65.88,50.63,69.54,0.64,57.95,8,7,0,107.0
Chennai,2019-08-08,107,58.85,115.56,88.81,121.98,1.12,101.65,8,8,0,59.0
Chennai,2019-09-08,59,32.45,63.72,48.97,67.26,0.62,56.05,8,9,1,65.0
Chennai,2019-10-08,65,35.75,70.2,53.95,74.1,0.68,61.75,8,10,0,35.0
Chennai,2019-11-08,35,19.25,37.8,29.05,39.9,0.37,33.25,8,11,0,48.0
Chennai,2019-12-08,48,26.4,51.84,39.84,54.72,0.5,45.6,8,12,1,77.0
Chennai,2019-01-09,77,42.35,83.16,63.91,87.78,0.81,73.15,9,1,0,76.0
Chennai,2019-02-09,76,41.8,82.08,63.08,86.64,0.8,72.2,9,2,1,74.0
Chennai,2019-03-09,74,40.7,79.92,61.42,84.36,0.78,70.3,9,3,1,94.0
Chennai,2019-04-09,94,51.7,101.52,78.02,107.16,0.99,89.3,9,4,0,53.0
Chennai,2019-05-09,53,29.15,57.24,43.99,60.42,0.56,50.35,9,5,0,58.0
Chennai,2019-06-09,58,31.9,62.64,48.14,66.12,0.61,55.1,9,6,1,77.0
Chennai,2019-07-09,77,42.35,83.16,63.91,87.78,0.81,73.15,9,7,0,61.0
Chennai,2019-08-09,61,33.55,65.88,50.63,69.54,0.64,57.95,9,8,0,75.0
Chennai,2019-09-09,75,41.25,81.0,62.25,85.5,0.79,71.25,9,9,0,108.0
Chennai,2019-10-09,108,59.4,116.64,89.64,123.12,1.13,102.6,9,10,0,105.0
Chennai,2019-11-09,105,57.75,113.4,87.15,119.7,1.1,99.75,9,11,1,88.0
Chennai,2019-12-09,88,48.4,95.04,73.04,100.32,0.92,83.6,9,12,0,86.0
Chennai,2019-01-10,86,47.3,92.88,71.38,98.04,0.9,81.7,10,1,0,99.0
Chennai,2019-02-10,99,54.45,106.92,82.17,112.86,1.04,94.05,10,2,1,84.0
Chennai,2019-03-10,84,46.2,90.72,69.72,95.76,0.88,79.8,10,3,1,71.0
Chennai,2019-04-10,71,39.05,76.68,58.93,80.94,0.75,67.45,10,4,0,80.0
Chennai,2019-05-10,80,44.0,86.4,66.4,91.2,0.84,76.0,10,5,0,88.0
Chennai,2019-06-10,88,48.4,95.04,73.04,100.32,0.92,83.6,10,6,0,50.0
Chennai,2019-07-10,50,27.5,54.0,41.5,57.0,0.53,47.5,10,7,0,80.0
Chennai,2019-08-10,80,44.0,86.4,66.4,91.2,0.84,76.0,10,8,1,85.0
Chennai,2019-09-10,85,46.75,91.8,70.55,96.9,0.89,80.75,10,9,0,84.0
Chennai,2019-10-10,84,46.2,90.72,69.72,95.76,0.88,79.8,10,10,0,69.0
Chennai,2019-11-10,69,37.95,74.52,57.27,78.66,0.72,65.55,10,11,1,73.0
Chennai,2019-12-10,73,40.15,78.84,60.59,83.22,0.77,69.35,10,12,0,100.0
Chennai,2019-01-11,100,55.0,108.0,83.0,114.0,1.05,95.0,11,1,0,56.0
Chennai,2019-02-11,56,30.8,60.48,46.48,63.84,0.59,53.2,11,2,0,107.0
Chennai,2019-03-11,107,58.85,115.56,88.81,121.98,1.12,101.65,11,3,0,262.0
Chennai,2019-04-11,262,144.1,282.96,217.46,298.68,2.75,248.9,11,4,0,237.0
Chennai,2019-05-11,237,130.35,255.96,196.71,270.18,2.49,225.15,11,5,1,224.0
Chennai,2019-06-11,224,123.2,241.92,185.92,255.36,2.35,212.8,11,6,0,272.0
Chennai,2019-07-11,272,149.6,293.76,225.76,310.08,2.86,258.4,11,7,0,288.0
Chennai,2019-08-11,288,158.4,311.04,239.04,328.32,3.02,273.6,11,8,1,218.0
Chennai,2019-09-11,218,119.9,235.44,180.94,248.52,2.29,207.1,11,9,0,234.0
Chennai,2019-10-11,234,128.7,252.72,194.22,266.76,2.46,222.3,11,10,0,184.0
Chennai,2019-11-11,184,101.2,198.72,152.72,209.76,1.93,174.8,11,11,0,65.0
Chennai,2019-12-11,65,35.75,70.2,53.95,74.1,0.68,61.75,11,12,0,45.0
Chennai,2019-01-12,45,24.75,48.6,37.35,51.3,0.47,42.75,12,1,1,36.0
Chennai,2019-02-12,36,19.8,38.88,29.88,41.04,0.38,34.2,12,2,0,58.0
Chennai,2019-03-12,58,31.9,62.64,48.14,66.12,0.61,55.1,12,3,0,71.0
Chennai,2019-04-12,71,39.05,76.68,58.93,80.94,0.75,67.45,12,4,0,109.0
Chennai,2019-05-12,109,59.95,117.72,90.47,124.26,1.14,103.55,12,5,1,96.0
Chennai,2019-06-12,96,52.8,103.68,79.68,109.44,1.01,91.2,12,6,0,74.0
Chennai,2019-07-12,74,40.7,79.92,61.42,84.36,0.78,70.3,12,7,0,72.0
Chennai,2019-08-12,72,39.6,77.76,59.76,82.08,0.76,68.4,12,8,0,54.0
Chennai,2019-09-12,54,29.7,58.32,44.82,61.56,0.57,51.3,12,9,0,56.0
Chennai,2019-10-12,56,30.8,60.48,46.48,63.84,0.59,53.2,12,10,1,69.0
Chennai,2019-11-12,69,37.95,74.52,57.27,78.66,0.72,65.55,12,11,0,52.0
Chennai,2019-12-12,52,28.6,56.16,43.16,59.28,0.55,49.4,12,12,0,64.0
Chennai,2020-01-01,64,35.2,69.12,53.12,72.96,0.67,60.8,1,1,0,57.0
Chennai,2020-02-01,57,31.35,61.56,47.31,64.98,0.6,54.15,1,2,1,69.0
Chennai,2020-03-01,69,37.95,74.52,57.27,78.66,0.72,65.55,1,3,1,47.0
Chennai,2020-04-01,47,25.85,50.76,39.01,53.58,0.49,44.65,1,4,0,60.0
Chennai,2020-05-01,60,33.0,64.8,49.8,68.4,0.63,57.0,1,5,0,52.0
Chennai,2020-06-01,52,28.6,56.16,43.16,59.28,0.55,49.4,1,6,0,47.0
Chennai,2020-07-01,47,25.85,50.76,39.01,53.58,0.49,44.65,1,7,0,78.0
Chennai,2020-08-01,78,42.9,84.24,64.74,88.92,0.82,74.1,1,8,1,77.0
Chennai,2020-09-01,77,42.35,83.16,63.91,87.78,0.81,73.15,1,9,0,73.0
Chennai,2020-10-01,73,40.15,78.84,60.59,83.22,0.77,69.35,1,10,0,70.0
Chennai,2020-11-01,70,38.5,75.6,58.1,79.8,0.74,66.5,1,11,1,89.0
Chennai,2020-12-01,89,48.95,96.12,73.87,101.46,0.93,84.55,1,12,0,61.0
Chennai,2020-01-02,61,33.55,65.88,50.63,69.54,0.64,57.95,2,1,0,50.0
Chennai,2020-02-02,50,27.5,54.0,41.5,57.0,0.53,47.5,2,2,1,76.0
Chennai,2020-03-02,76,41.8,82.08,63.08,86.64,0.8,72.2,2,3,0,76.0
Chennai,2020-04-02,76,41.8,82.08,63.08,86.64,0.8,72.2,2,4,0,85.0
Chennai,2020-05-02,85,46.75,91.8,70.55,96.9,0.89,80.75,2,5,1,86.0
Chennai,2020-06-02,86,47.3,92.88,71.38,98.04,0.9,81.7,2,6,0,71.0
Chennai,2020-07-02,71,39.05,76.68,58.93,80.94,0.75,67.45,2,7,0,54.0
Chennai,2020-08-02,54,29.7,58.32,44.82,61.56,0.57,51.3,2,8,1,60.0
Chennai,2020-09-02,60,33.0,64.8,49.8,68.4,0.63,57.0,2,9,0,58.0
Chennai,2020-10-02,58,31.9,62.64,48.14,66.12,0.61,55.1,2,10,0,64.0
Chennai,2020-11-02,64,35.2,69.12,53.12,72.96,0.67,60.8,2,11,0,70.0
Chennai,2020-12-02,70,38.5,75.6,58.1,79.8,0.74,66.5,2,12,0,66.0
Chennai,2020-01-03,66,36.3,71.28,54.78,75.24,0.69,62.7,3,1,0,89.0
Chennai,2020-02-03,89,48.95,96.12,73.87,101.46,0.93,84.55,3,2,0,97.0
Chennai,2020-03-03,97,53.35,104.76,80.51,110.58,1.02,92.15,3,3,0,79.0
Chennai,2020-04-03,79,43.45,85.32,65.57,90.06,0.83,75.05,3,4,0,68.0
Chennai,2020-05-03,68,37.4,73.44,56.44,77.52,0.71,64.6,3,5,1,52.0
Chennai,2020-06-03,52,28.6,56.16,43.16,59.28,0.55,49.4,3,6,0,63.0
Chennai,2020-07-03,63,34.65,68.04,52.29,71.82,0.66,59.85,3,7,0,45.0
Chennai,2020-08-03,45,24.75,48.6,37.35,51.3,0.47,42.75,3,8,0,58.0
Chennai,2020-09-03,58,31.9,62.64,48.14,66.12,0.61,55.1,3,9,0,38.0
Chennai,2020-10-03,38,20.9,41.04,31.54,43.32,0.4,36.1,3,10,1,54.0
Chennai,2020-11-03,54,29.7,58.32,44.82,61.56,0.57,51.3,3,11,0,53.0
Chennai,2020-12-03,53,29.15,57.24,43.99,60.42,0.56,50.35,3,12,0,61.0
Chennai,2020-01-04,61,33.55,65.88,50.63,69.54,0.64,57.95,4,1,1,62.0
Chennai,2020-02-04,62,34.1,66.96,51.46,70.68,0.65,58.9,4,2,0,56.0
Chennai,2020-03-04,56,30.8,60.48,46.48,63.84,0.59,53.2,4,3,0,55.0
Chennai,2020-04-04,55,30.25,59.4,45.65,62.7,0.58,52.25,4,4,1,55.0
Chennai,2020-05-04,55,30.25,59.4,45.65,62.7,0.58,52.25,4,5,0,46.0
Chennai,2020-06-04,46,25.3,49.68,38.18,52.44,0.48,43.7,4,6,0,40.0
Chennai,2020-07-04,40,22.0,43.2,33.2,45.6,0.42,38.0,4,7,1,44.0
Chennai,2020-08-04,44,24.2,47.52,36.52,50.16,0.46,41.8,4,8,0,42.0
Chennai,2020-09-04,42,23.1,45.36,34.86,47.88,0.44,39.9,4,9,0,62.0
Chennai,2020-10-04,62,34.1,66.96,51.46,70.68,0.65,58.9,4,10,1,43.0
Chennai,2020-11-04,43,23.65,46.44,35.69,49.02,0.45,40.85,4,11,0,44.0
Chennai,2020-12-04,44,24.2,47.52,36.52,50.16,0.46,41.8,4,12,0,60.0
Chennai,2020-01-05,60,33.0,64.8,49.8,68.4,0.63,57.0,5,1,1,51.0
Chennai,2020-02-05,51,28.05,55.08,42.33,58.14,0.54,48.45,5,2,0,51.0
Chennai,2020-03-05,51,28.05,55.08,42.33,58.14,0.54,48.45,5,3,0,45.0
Chennai,2020-04-05,45,24.75,48.6,37.35,51.3,0.47,42.75,5,4,1,52.0
Chennai,2020-05-05,52,28.6,56.16,43.16,59.28,0.55,49.4,5,5,0,51.0
Chennai,2020-06-05,51,28.05,55.08,42.33,58.14,0.54,48.45,5,6,0,51.0
Chennai,2020-07-05,51,28.05,55.08,42.33,58.14,0.54,48.45,5,7,1,51.0
Chennai,2020-08-05,51,28.05,55.08,42.33,58.14,0.54,48.45,5,8,0,48.0
Chennai,2020-09-05,48,26.4,51.84,39.84,54.72,0.5,45.6,5,9,1,54.0
Chennai,2020-10-05,54,29.7,58.32,44.82,61.56,0.57,51.3,5,10,0,45.0
Chennai,2020-11-05,45,24.75,48.6,37.35,51.3,0.47,42.75,5,11,0,48.0
Chennai,2020-12-05,48,26.4,51.84,39.84,54.72,0.5,45.6,5,12,1,92.0
Chennai,2020-01-06,92,50.6,99.36,76.36,104.88,0.97,87.4,6,1,0,77.0
Chennai,2020-02-06,77,42.35,83.16,63.91,87.78,0.81,73.15,6,2,0,66.0
Chennai,2020-03-06,66,36.3,71.28,54.78,75.24,0.69,62.7,6,3,0,67.0
Chennai,2020-04-06,67,36.85,72.36,55.61,76.38,0.7,63.65,6,4,0,69.0
Chennai,2020-05-06,69,37.95,74.52,57.27,78.66,0.72,65.55,6,5,0,71.0
Chennai,2020-06-06,71,39.05,76.68,58.93,80.94,0.75,67.45,6,6,1,88.0
Chennai,2020-07-06,88,48.4,95.04,73.04,100.32,0.92,83.6,6,7,0,68.0
Chennai,2020-08-06,68,37.4,73.44,56.44,77.52,0.71,64.6,6,8,0,70.0
Chennai,2020-09-06,70,38.5,75.6,58.1,79.8,0.74,66.5,6,9,1,70.0
Chennai,2020-10-06,70,38.5,75.6,58.1,79.8,0.74,66.5,6,10,0,78.0
Chennai,2020-11-06,78,42.9,84.24,64.74,88.92,0.82,74.1,6,11,0,112.0
Chennai,2020-12-06,112,61.6,120.96,92.96,127.68,1.18,106.4,6,12,1,75.0
Chennai,2020-01-07,75,41.25,81.0,62.25,85.5,0.79,71.25,7,1,0,76.0
Chennai,2020-02-07,76,41.8,82.08,63.08,86.64,0.8,72.2,7,2,0,132.0
Chennai,2020-03-07,132,72.6,142.56,109.56,150.48,1.39,125.4,7,3,1,117.0
Chennai,2020-04-07,117,64.35,126.36,97.11,133.38,1.23,111.15,7,4,0,85.0
Chennai,2020-05-07,85,46.75,91.8,70.55,96.9,0.89,80.75,7,5,0,109.0
Chennai,2020-06-07,109,59.95,117.72,90.47,124.26,1.14,103.55,7,6,1,76.0
Chennai,2020-07-07,76,41.8,82.08,63.08,86.64,0.8,72.2,7,7,0,60.0
Chennai,2020-08-07,60,33.0,64.8,49.8,68.4,0.63,57.0,7,8,0,60.0
Chennai,2020-09-07,60,33.0,64.8,49.8,68.4,0.63,57.0,7,9,0,64.0
Chennai,2020-10-07,64,35.2,69.12,53.12,72.96,0.67,60.8,7,10,0,61.0
Chennai,2020-11-07,61,33.55,65.88,50.63,69.54,0.64,57.95,7,11,1,65.0
Chennai,2020-12-07,65,35.75,70.2,53.95,74.1,0.68,61.75,7,12,0,61.0
Chennai,2020-01-08,61,33.55,65.88,50.63,69.54,0.64,57.95,8,1,0,58.0
Chennai,2020-02-08,58,31.9,62.64,48.14,66.12,0.61,55.1,8,2,1,55.0
Chennai,2020-03-08,55,30.25,59.4,45.65,62.7,0.58,52.25,8,3,1,76.0
Chennai,2020-04-08,76,41.8,82.08,63.08,86.64,0.8,72.2,8,4,0,48.0
Chennai,2020-05-08,48,26.4,51.84,39.84,54.72,0.5,45.6,8,5,0,54.0
Chennai,2020-06-08,54,29.7,58.32,44.82,61.56,0.57,51.3,8,6,0,71.0
Chennai,2020-07-08,71,39.05,76.68,58.93,80.94,0.75,67.45,8,7,0,70.0
Chennai,2020-08-08,70,38.5,75.6,58.1,79.8,0.74,66.5,8,8,1,56.0
Chennai,2020-09-08,56,30.8,60.48,46.48,63.84,0.59,53.2,8,9,0,59.0
Chennai,2020-10-08,59,32.45,63.72,48.97,67.26,0.62,56.05,8,10,0,56.0
Chennai,2020-11-08,56,30.8,60.48,46.48,63.84,0.59,53.2,8,11,1,65.0
Chennai,2020-12-08,65,35.75,70.2,53.95,74.1,0.68,61.75,8,12,0,69.0
Chennai,2020-01-09,69,37.95,74.52,57.27,78.66,0.72,65.55,9,1,0,73.0
Chennai,2020-02-09,73,40.15,78.84,60.59,83.22,0.77,69.35,9,2,1,71.0
Chennai,2020-03-09,71,39.05,76.68,58.93,80.94,0.75,67.45,9,3,0,62.0
Chennai,2020-04-09,62,34.1,66.96,51.46,70.68,0.65,58.9,9,4,0,58.0
Chennai,2020-05-09,58,31.9,62.64,48.14,66.12,0.61,55.1,9,5,1,66.0
Chennai,2020-06-09,66,36.3,71.28,54.78,75.24,0.69,62.7,9,6,0,62.0
Chennai,2020-07-09,62,34.1,66.96,51.46,70.68,0.65,58.9,9,7,0,52.0
Chennai,2020-08-09,52,28.6,56.16,43.16,59.28,0.55,49.4,9,8,1,85.0
Chennai,2020-09-09,85,46.75,91.8,70.55,96.9,0.89,80.75,9,9,0,50.0
Chennai,2020-10-09,50,27.5,54.0,41.5,57.0,0.53,47.5,9,10,0,73.0
Chennai,2020-11-09,73,40.15,78.84,60.59,83.22,0.77,69.35,9,11,0,64.0
Chennai,2020-12-09,64,35.2,69.12,53.12,72.96,0.67,60.8,9,12,0,50.0
Chennai,2020-01-10,50,27.5,54.0,41.5,57.0,0.53,47.5,10,1,0,50.0
Chennai,2020-02-10,50,27.5,54.0,41.5,57.0,0.53,47.5,10,2,0,46.0
Chennai,2020-03-10,46,25.3,49.68,38.18,52.44,0.48,43.7,10,3,0,47.0
Chennai,2020-04-10,47,25.85,50.76,39.01,53.58,0.49,44.65,10,4,0,45.0
Chennai,2020-05-10,45,24.75,48.6,37.35,51.3,0.47,42.75,10,5,1,66.0
Chennai,2020-06-10,66,36.3,71.28,54.78,75.24,0.69,62.7,10,6,0,58.0
Chennai,2020-07-10,58,31.9,62.64,48.14,66.12,0.61,55.1,10,7,0,56.0
Chennai,2020-08-10,56,30.8,60.48,46.48,63.84,0.59,53.2,10,8,0,64.0
Chennai,2020-09-10,64,35.2,69.12,53.12,72.96,0.67,60.8,10,9,0,55.0
Chennai,2020-10-10,55,30.25,59.4,45.65,62.7,0.58,52.25,10,10,1,55.0
Chennai,2020-11-10,55,30.25,59.4,45.65,62.7,0.58,52.25,10,11,0,55.0
Chennai,2020-12-10,55,30.25,59.4,45.65,62.7,0.58,52.25,10,12,0,117.0
Chennai,2020-01-11,117,64.35,126.36,97.11,133.38,1.23,111.15,11,1,1,87.0
Chennai,2020-02-11,87,47.85,93.96,72.21,99.18,0.91,82.65,11,2,0,148.0
Chennai,2020-03-11,148,81.4,159.84,122.84,168.72,1.55,140.6,11,3,0,90.0
Chennai,2020-04-11,90,49.5,97.2,74.7,102.6,0.95,85.5,11,4,1,59.0
Chennai,2020-05-11,59,32.45,63.72,48.97,67.26,0.62,56.05,11,5,0,48.0
Chennai,2020-06-11,48,26.4,51.84,39.84,54.72,0.5,45.6,11,6,0,55.0
Chennai,2020-07-11,55,30.25,59.4,45.65,62.7,0.58,52.25,11,7,1,85.0
Chennai,2020-08-11,85,46.75,91.8,70.55,96.9,0.89,80.75,11,8,0,113.0
Chennai,2020-09-11,113,62.15,122.04,93.79,128.82,1.19,107.35,11,9,0,116.0
Chennai,2020-10-11,116,63.8,125.28,96.28,132.24,1.22,110.2,11,10,1,103.0
Chennai,2020-11-11,103,56.65,111.24,85.49,117.42,1.08,97.85,11,11,0,69.0
Chennai,2020-12-11,69,37.95,74.52,57.27,78.66,0.72,65.55,11,12,0,60.0
Chennai,2020-01-12,60,33.0,64.8,49.8,68.4,0.63,57.0,12,1,1,66.0
Chennai,2020-02-12,66,36.3,71.28,54.78,75.24,0.69,62.7,12,2,0,42.0
Chennai,2020-03-12,42,23.1,45.36,34.86,47.88,0.44,39.9,12,3,0,30.0
Chennai,2020-04-12,30,16.5,32.4,24.9,34.2,0.32,28.5,12,4,1,32.0
Chennai,2020-05-12,32,17.6,34.56,26.56,36.48,0.34,30.4,12,5,0,28.0
Chennai,2020-06-12,28,15.4,30.24,23.24,31.92,0.29,26.6,12,6,0,30.0
Chennai,2020-07-12,30,16.5,32.4,24.9,34.2,0.32,28.5,12,7,1,36.0
Chennai,2020-08-12,36,19.8,38.88,29.88,41.04,0.38,34.2,12,8,0,50.0
Chennai,2020-09-12,50,27.5,54.0,41.5,57.0,0.53,47.5,12,9,1,69.0
Chennai,2020-10-12,69,37.95,74.52,57.27,78.66,0.72,65.55,12,10,0,94.0
Chennai,2020-11-12,94,51.7,101.52,78.02,107.16,0.99,89.3,12,11,0,105.0
Chennai,2020-12-12,105,57.75,113.4,87.15,119.7,1.1,99.75,12,12,1,85.0
Chennai,2021-01-01,85,46.75,91.8,70.55,96.9,0.89,80.75,1,1,0,74.0
Chennai,2021-02-01,74,40.7,79.92,61.42,84.36,0.78,70.3,1,2,0,63.0
Chennai,2021-03-01,63,34.65,68.04,52.29,71.82,0.66,59.85,1,3,0,64.0
Chennai,2021-04-01,64,35.2,69.12,53.12,72.96,0.67,60.8,1,4,0,43.0
Chennai,2021-05-01,43,23.65,46.44,35.69,49.02,0.45,40.85,1,5,1,38.0
Chennai,2021-06-01,38,20.9,41.04,31.54,43.32,0.4,36.1,1,6,0,44.0
Chennai,2021-07-01,44,24.2,47.52,36.52,50.16,0.46,41.8,1,7,0,41.0
Chennai,2021-08-01,41,22.55,44.28,34.03,46.74,0.43,38.95,1,8,1,86.0
Chennai,2021-09-01,86,47.3,92.88,71.38,98.04,0.9,81.7,1,9,0,94.0
Chennai,2021-10-01,94,51.7,101.52,78.02,107.16,0.99,89.3,1,10,0,92.0
Chennai,2021-11-01,92,50.6,99.36,76.36,104.88,0.97,87.4,1,11,0,74.0
Chennai,2021-12-01,74,40.7,79.92,61.42,84.36,0.78,70.3,1,12,0,64.0
Chennai,2021-01-02,64,35.2,69.12,53.12,72.96,0.67,60.8,2,1,1,88.0
Chennai,2021-02-02,88,48.4,95.04,73.04,100.32,0.92,83.6,2,2,0,83.0
Chennai,2021-03-02,83,45.65,89.64,68.89,94.62,0.87,78.85,2,3,0,84.0
Chennai,2021-04-02,84,46.2,90.72,69.72,95.76,0.88,79.8,2,4,0,104.0
Chennai,2021-05-02,104,57.2,112.32,86.32,118.56,1.09,98.8,2,5,1,109.0
Chennai,2021-06-02,109,59.95,117.72,90.47,124.26,1.14,103.55,2,6,0,110.0
Chennai,2021-07-02,110,60.5,118.8,91.3,125.4,1.16,104.5,2,7,0,74.0
Chennai,2021-08-02,74,40.7,79.92,61.42,84.36,0.78,70.3,2,8,0,86.0
Chennai,2021-09-02,86,47.3,92.88,71.38,98.04,0.9,81.7,2,9,0,96.0
Chennai,2021-10-02,96,52.8,103.68,79.68,109.44,1.01,91.2,2,10,1,95.0
Chennai,2021-11-02,95,52.25,102.6,78.85,108.3,1.0,90.25,2,11,0,72.0
Chennai,2021-12-02,72,39.6,77.76,59.76,82.08,0.76,68.4,2,12,0,42.0
Chennai,2021-01-03,42,23.1,45.36,34.86,47.88,0.44,39.9,3,1,1,78.0
Chennai,2021-02-03,78,42.9,84.24,64.74,88.92,0.82,74.1,3,2,0,83.0
Chennai,2021-03-03,83,45.65,89.64,68.89,94.62,0.87,78.85,3,3,0,72.0
Chennai,2021-04-03,72,39.6,77.76,59.76,82.08,0.76,68.4,3,4,1,73.0
Chennai,2021-05-03,73,40.15,78.84,60.59,83.22,0.77,69.35,3,5,0,67.0
Chennai,2021-06-03,67,36.85,72.36,55.61,76.38,0.7,63.65,3,6,0,64.0
Chennai,2021-07-03,64,35.2,69.12,53.12,72.96,0.67,60.8,3,7,1,49.0
Chennai,2021-08-03,49,26.95,52.92,40.67,55.86,0.51,46.55,3,8,0,76.0
Chennai,2021-09-03,76,41.8,82.08,63.08,86.64,0.8,72.2,3,9,0,50.0
Chennai,2021-10-03,50,27.5,54.0,41.5,57.0,0.53,47.5,3,10,1,42.0
Chennai,2021-11-03,42,23.1,45.36,34.86,47.88,0.44,39.9,3,11,0,43.0
Chennai,2021-12-03,43,23.65,46.44,35.69,49.02,0.45,40.85,3,12,0,57.0
Chennai,2021-01-04,57,31.35,61.56,47.31,64.98,0.6,54.15,4,1,0,71.0
Chennai,2021-02-04,71,39.05,76.68,58.93,80.94,0.75,67.45,4,2,0,83.0
Chennai,2021-03-04,83,45.65,89.64,68.89,94.62,0.87,78.85,4,3,0,64.0
Chennai,2021-04-04,64,35.2,69.12,53.12,72.96,0.67,60.8,4,4,1,66.0
Chennai,2021-05-04,66,36.3,71.28,54.78,75.24,0.69,62.7,4,5,0,68.0
Chennai,2021-06-04,68,37.4,73.44,56.44,77.52,0.71,64.6,4,6,0,63.0
Chennai,2021-07-04,63,34.65,68.04,52.29,71.82,0.66,59.85,4,7,1,82.0
Chennai,2021-08-04,82,45.1,88.56,68.06,93.48,0.86,77.9,4,8,0,67.0
Chennai,2021-09-04,67,36.85,72.36,55.61,76.38,0.7,63.65,4,9,1,66.0
Chennai,2021-10-04,66,36.3,71.28,54.78,75.24,0.69,62.7,4,10,0,67.0
Chennai,2021-11-04,67,36.85,72.36,55.61,76.38,0.7,63.65,4,11,0,53.0
Chennai,2021-12-04,53,29.15,57.24,43.99,60.42,0.56,50.35,4,12,1,64.0
Chennai,2021-01-05,64,35.2,69.12,53.12,72.96,0.67,60.8,5,1,0,48.0
Chennai,2021-02-05,48,26.4,51.84,39.84,54.72,0.5,45.6,5,2,0,46.0
Chennai,2021-03-05,46,25.3,49.68,38.18,52.44,0.48,43.7,5,3,0,51.0
Chennai,2021-04-05,51,28.05,55.08,42.33,58.14,0.54,48.45,5,4,0,42.0
Chennai,2021-05-05,42,23.1,45.36,34.86,47.88,0.44,39.9,5,5,0,43.0
Chennai,2021-06-05,43,23.65,46.44,35.69,49.02,0.45,40.85,5,6,1,65.0
Chennai,2021-07-05,65,35.75,70.2,53.95,74.1,0.68,61.75,5,7,0,51.0
Chennai,2021-08-05,51,28.05,55.08,42.33,58.14,0.54,48.45,5,8,0,56.0
Chennai,2021-09-05,56,30.8,60.48,46.48,63.84,0.59,53.2,5,9,1,41.0
Chennai,2021-10-05,41,22.55,44.28,34.03,46.74,0.43,38.95,5,10,0,49.0
Chennai,2021-11-05,49,26.95,52.92,40.67,55.86,0.51,46.55,5,11,0,72.0
Chennai,2021-12-05,72,39.6,77.76,59.76,82.08,0.76,68.4,5,12,1,64.0
Chennai,2021-01-06,64,35.2,69.12,53.12,72.96,0.67,60.8,6,1,0,64.0
Chennai,2021-02-06,64,35.2,69.12,53.12,72.96,0.67,60.8,6,2,1,56.0
Chennai,2021-03-06,56,30.8,60.48,46.48,63.84,0.59,53.2,6,3,1,44.0
Chennai,2021-04-06,44,24.2,47.52,36.52,50.16,0.46,41.8,6,4,0,44.0
Chennai,2021-05-06,44,24.2,47.52,36.52,50.16,0.46,41.8,6,5,0,72.0
Chennai,2021-06-06,72,39.6,77.76,59.76,82.08,0.76,68.4,6,6,1,74.0
Chennai,2021-07-06,74,40.7,79.92,61.42,84.36,0.78,70.3,6,7,0,50.0
Chennai,2021-08-06,50,27.5,54.0,41.5,57.0,0.53,47.5,6,8,0,52.0
Chennai,2021-09-06,52,28.6,56.16,43.16,59.28,0.55,49.4,6,9,0,70.0
Chennai,2021-10-06,70,38.5,75.6,58.1,79.8,0.74,66.5,6,10,0,75.0
Chennai,2021-11-06,75,41.25,81.0,62.25,85.5,0.79,71.25,6,11,1,62.0
Chennai,2021-12-06,62,34.1,66.96,51.46,70.68,0.65,58.9,6,12,0,58.0
Chennai,2021-01-07,58,31.9,62.64,48.14,66.12,0.61,55.1,7,1,0,53.0
Chennai,2021-02-07,53,29.15,57.24,43.99,60.42,0.56,50.35,7,2,1,43.0
Chennai,2021-03-07,43,23.65,46.44,35.69,49.02,0.45,40.85,7,3,1,60.0
Chennai,2021-04-07,60,33.0,64.8,49.8,68.4,0.63,57.0,7,4,0,51.0
Chennai,2021-05-07,51,28.05,55.08,42.33,58.14,0.54,48.45,7,5,0,47.0
Chennai,2021-06-07,47,25.85,50.76,39.01,53.58,0.49,44.65,7,6,0,55.0
Chennai,2021-07-07,55,30.25,59.4,45.65,62.7,0.58,52.25,7,7,0,56.0
Chennai,2021-08-07,56,30.8,60.48,46.48,63.84,0.59,53.2,7,8,1,56.0
Chennai,2021-09-07,56,30.8,60.48,46.48,63.84,0.59,53.2,7,9,0,54.0
Chennai,2021-10-07,54,29.7,58.32,44.82,61.56,0.57,51.3,7,10,0,52.0
Chennai,2021-11-07,52,28.6,56.16,43.16,59.28,0.55,49.4,7,11,1,54.0
Chennai,2021-12-07,54,29.7,58.32,44.82,61.56,0.57,51.3,7,12,0,52.0
Chennai,2021-01-08,52,28.6,56.16,43.16,59.28,0.55,49.4,8,1,0,55.0
Chennai,2021-02-08,55,30.25,59.4,45.65,62.7,0.58,52.25,8,2,0,59.0
Chennai,2021-03-08,59,32.45,63.72,48.97,67.26,0.62,56.05,8,3,0,53.0
Chennai,2021-04-08,53,29.15,57.24,43.99,60.42,0.56,50.35,8,4,0,67.0
Chennai,2021-05-08,67,36.85,72.36,55.61,76.38,0.7,63.65,8,5,1,59.0
Chennai,2021-06-08,59,32.45,63.72,48.97,67.26,0.62,56.05,8,6,0,61.0
Chennai,2021-07-08,61,33.55,65.88,50.63,69.54,0.64,57.95,8,7,0,62.0
Chennai,2021-08-08,62,34.1,66.96,51.46,70.68,0.65,58.9,8,8,1,53.0
Chennai,2021-09-08,53,29.15,57.24,43.99,60.42,0.56,50.35,8,9,0,51.0
Chennai,2021-10-08,51,28.05,55.08,42.33,58.14,0.54,48.45,8,10,0,62.0
Chennai,2021-11-08,62,34.1,66.96,51.46,70.68,0.65,58.9,8,11,0,67.0
Chennai,2021-12-08,67,36.85,72.36,55.61,76.38,0.7,63.65,8,12,0,71.0
Chennai,2021-01-09,71,39.05,76.68,58.93,80.94,0.75,67.45,9,1,1,68.0
Chennai,2021-02-09,68,37.4,73.44,56.44,77.52,0.71,64.6,9,2,0,63.0
Chennai,2021-03-09,63,34.65,68.04,52.29,71.82,0.66,59.85,9,3,0,59.0
Chennai,2021-04-09,59,32.45,63.72,48.97,67.26,0.62,56.05,9,4,0,52.0
Chennai,2021-05-09,52,28.6,56.16,43.16,59.28,0.55,49.4,9,5,1,51.0
Chennai,2021-06-09,51,28.05,55.08,42.33,58.14,0.54,48.45,9,6,0,46.0
Chennai,2021-07-09,46,25.3,49.68,38.18,52.44,0.48,43.7,9,7,0,52.0
Chennai,2021-08-09,52,28.6,56.16,43.16,59.28,0.55,49.4,9,8,0,59.0
Chennai,2021-09-09,59,32.45,63.72,48.97,67.26,0.62,56.05,9,9,0,58.0
Chennai,2021-10-09,58,31.9,62.64,48.14,66.12,0.61,55.1,9,10,1,63.0
Chennai,2021-11-09,63,34.65,68.04,52.29,71.82,0.66,59.85,9,11,0,63.0
Chennai,2021-12-09,63,34.65,68.04,52.29,71.82,0.66,59.85,9,12,0,50.0
Chennai,2021-01-10,50,27.5,54.0,41.5,57.0,0.53,47.5,10,1,1,41.0
Chennai,2021-02-10,41,22.55,44.28,34.03,46.74,0.43,38.95,10,2,0,33.0
Chennai,2021-03-10,33,18.15,35.64,27.39,37.62,0.35,31.35,10,3,0,41.0
Chennai,2021-04-10,41,22.55,44.28,34.03,46.74,0.43,38.95,10,4,1,45.0
Chennai,2021-05-10,45,24.75,48.6,37.35,51.3,0.47,42.75,10,5,0,45.0
Chennai,2021-06-10,45,24.75,48.6,37.35,51.3,0.47,42.75,10,6,0,51.0
Chennai,2021-07-10,51,28.05,55.08,42.33,58.14,0.54,48.45,10,7,1,55.0
Chennai,2021-08-10,55,30.25,59.4,45.65,62.7,0.58,52.25,10,8,0,59.0
Chennai,2021-09-10,59,32.45,63.72,48.97,67.26,0.62,56.05,10,9,0,55.0
Chennai,2021-10-10,55,30.25,59.4,45.65,62.7,0.58,52.25,10,10,1,62.0
Chennai,2021-11-10,62,34.1,66.96,51.46,70.68,0.65,58.9,10,11,0,63.0
Chennai,2021-12-10,63,34.65,68.04,52.29,71.82,0.66,59.85,10,12,0,48.0
Chennai,2021-01-11,48,26.4,51.84,39.84,54.72,0.5,45.6,11,1,0,41.0
Chennai,2021-02-11,41,22.55,44.28,34.03,46.74,0.43,38.95,11,2,0,48.0
Chennai,2021-03-11,48,26.4,51.84,39.84,54.72,0.5,45.6,11,3,0,89.0
Chennai,2021-04-11,89,48.95,96.12,73.87,101.46,0.93,84.55,11,4,1,150.0
Chennai,2021-05-11,150,82.5,162.0,124.5,171.0,1.58,142.5,11,5,0,52.0
Chennai,2021-06-11,52,28.6,56.16,43.16,59.28,0.55,49.4,11,6,0,49.0
Chennai,2021-07-11,49,26.95,52.92,40.67,55.86,0.51,46.55,11,7,1,93.0
Chennai,2021-08-11,93,51.15,100.44,77.19,106.02,0.98,88.35,11,8,0,92.0
Chennai,2021-09-11,92,50.6,99.36,76.36,104.88,0.97,87.4,11,9,1,90.0
Chennai,2021-10-11,90,49.5,97.2,74.7,102.6,0.95,85.5,11,10,0,60.0
Chennai,2021-11-11,60,33.0,64.8,49.8,68.4,0.63,57.0,11,11,0,64.0
Chennai,2021-12-11,64,35.2,69.12,53.12,72.96,0.67,60.8,11,12,1,59.0
Chennai,2021-01-12,59,32.45,63.72,48.97,67.26,0.62,56.05,12,1,0,68.0
Chennai,2021-02-12,68,37.4,73.44,56.44,77.52,0.71,64.6,12,2,0,81.0
Chennai,2021-03-12,81,44.55,87.48,67.23,92.34,0.85,76.95,12,3,0,90.0
Chennai,2021-04-12,90,49.5,97.2,74.7,102.6,0.95,85.5,12,4,0,120.0
Chennai,2021-05-12,120,66.0,129.6,99.6,136.8,1.26,114.0,12,5,0,100.0
Chennai,2021-06-12,100,55.0,108.0,83.0,114.0,1.05,95.0,12,6,1,95.0
Chennai,2021-07-12,95,52.25,102.6,78.85,108.3,1.0,90.25,12,7,0,59.0
Chennai,2021-08-12,59,32.45,63.72,48.97,67.26,0.62,56.05,12,8,0,36.0
Chennai,2021-09-12,36,19.8,38.88,29.88,41.04,0.38,34.2,12,9,1,48.0
Chennai,2021-10-12,48,26.4,51.84,39.84,54.72,0.5,45.6,12,10,0,39.0
Chennai,2021-11-12,39,21.45,42.12,32.37,44.46,0.41,37.05,12,11,0,39.0
Chennai,2021-12-12,39,21.45,42.12,32.37,44.46,0.41,37.05,12,12,1,60.0
Chennai,2022-01-01,60,33.0,64.8,49.8,68.4,0.63,57.0,1,1,1,49.0
Chennai,2022-02-01,49,26.95,52.92,40.67,55.86,0.51,46.55,1,2,0,68.0
Chennai,2022-03-01,68,37.4,73.44,56.44,77.52,0.71,64.6,1,3,0,77.0
Chennai,2022-04-01,77,42.35,83.16,63.91,87.78,0.81,73.15,1,4,0,78.0
Chennai,2022-05-01,78,42.9,84.24,64.74,88.92,0.82,74.1,1,5,1,66.0
Chennai,2022-06-01,66,36.3,71.28,54.78,75.24,0.69,62.7,1,6,0,61.0
Chennai,2022-07-01,61,33.55,65.88,50.63,69.54,0.64,57.95,1,7,0,42.0
Chennai,2022-08-01,42,23.1,45.36,34.86,47.88,0.44,39.9,1,8,0,50.0
Chennai,2022-09-01,50,27.5,54.0,41.5,57.0,0.53,47.5,1,9,0,48.0
Chennai,2022-10-01,48,26.4,51.84,39.84,54.72,0.5,45.6,1,10,1,45.0
Chennai,2022-11-01,45,24.75,48.6,37.35,51.3,0.47,42.75,1,11,0,50.0
Chennai,2022-12-01,50,27.5,54.0,41.5,57.0,0.53,47.5,1,12,0,95.0
Chennai,2022-01-02,95,52.25,102.6,78.85,108.3,1.0,90.25,2,1,1,75.0
Chennai,2022-02-02,75,41.25,81.0,62.25,85.5,0.79,71.25,2,2,0,63.0
Chennai,2022-03-02,63,34.65,68.04,52.29,71.82,0.66,59.85,2,3,0,58.0
Chennai,2022-04-02,58,31.9,62.64,48.14,66.12,0.61,55.1,2,4,1,62.0
Chennai,2022-05-02,62,34.1,66.96,51.46,70.68,0.65,58.9,2,5,0,59.0
Chennai,2022-06-02,59,32.45,63.72,48.97,67.26,0.62,56.05,2,6,0,67.0
Chennai,2022-07-02,67,36.85,72.36,55.61,76.38,0.7,63.65,2,7,1,83.0
Chennai,2022-08-02,83,45.65,89.64,68.89,94.62,0.87,78.85,2,8,0,68.0
Chennai,2022-09-02,68,37.4,73.44,56.44,77.52,0.71,64.6,2,9,0,85.0
Chennai,2022-10-02,85,46.75,91.8,70.55,96.9,0.89,80.75,2,10,1,69.0
Chennai,2022-11-02,69,37.95,74.52,57.27,78.66,0.72,65.55,2,11,0,95.0
Chennai,2022-12-02,95,52.25,102.6,78.85,108.3,1.0,90.25,2,12,0,68.0
Chennai,2022-01-03,68,37.4,73.44,56.44,77.52,0.71,64.6,3,1,0,84.0
Chennai,2022-02-03,84,46.2,90.72,69.72,95.76,0.88,79.8,3,2,0,82.0
Chennai,2022-03-03,82,45.1,88.56,68.06,93.48,0.86,77.9,3,3,0,92.0
Chennai,2022-04-03,92,50.6,99.36,76.36,104.88,0.97,87.4,3,4,1,72.0
Chennai,2022-05-03,72,39.6,77.76,59.76,82.08,0.76,68.4,3,5,0,64.0
Chennai,2022-06-03,64,35.2,69.12,53.12,72.96,0.67,60.8,3,6,0,60.0
Chennai,2022-07-03,60,33.0,64.8,49.8,68.4,0.63,57.0,3,7,1,82.0
Chennai,2022-08-03,82,45.1,88.56,68.06,93.48,0.86,77.9,3,8,0,96.0
Chennai,2022-09-03,96,52.8,103.68,79.68,109.44,1.01,91.2,3,9,1,86.0
Chennai,2022-10-03,86,47.3,92.88,71.38,98.04,0.9,81.7,3,10,0,80.0
Chennai,2022-11-03,80,44.0,86.4,66.4,91.2,0.84,76.0,3,11,0,90.0
Chennai,2022-12-03,90,49.5,97.2,74.7,102.6,0.95,85.5,3,12,1,45.0
Chennai,2022-01-04,45,24.75,48.6,37.35,51.3,0.47,42.75,4,1,0,42.0
Chennai,2022-02-04,42,23.1,45.36,34.86,47.88,0.44,39.9,4,2,0,44.0
Chennai,2022-03-04,44,24.2,47.52,36.52,50.16,0.46,41.8,4,3,0,41.0
Chennai,2022-04-04,41,22.55,44.28,34.03,46.74,0.43,38.95,4,4,0,34.0
Chennai,2022-05-04,34,18.7,36.72,28.22,38.76,0.36,32.3,4,5,0,44.0
Chennai,2022-06-04,44,24.2,47.52,36.52,50.16,0.46,41.8,4,6,1,49.0
Chennai,2022-07-04,49,26.95,52.92,40.67,55.86,0.51,46.55,4,7,0,42.0
Chennai,2022-08-04,42,23.1,45.36,34.86,47.88,0.44,39.9,4,8,0,43.0
Chennai,2022-09-04,43,23.65,46.44,35.69,49.02,0.45,40.85,4,9,1,46.0
Chennai,2022-10-04,46,25.3,49.68,38.18,52.44,0.48,43.7,4,10,0,42.0
Chennai,2022-11-04,42,23.1,45.36,34.86,47.88,0.44,39.9,4,11,0,35.0
Chennai,2022-12-04,35,19.25,37.8,29.05,39.9,0.37,33.25,4,12,1,58.0
Chennai,2022-01-05,58,31.9,62.64,48.14,66.12,0.61,55.1,5,1,0,89.0
Chennai,2022-02-05,89,48.95,96.12,73.87,101.46,0.93,84.55,5,2,1,84.0
Chennai,2022-03-05,84,46.2,90.72,69.72,95.76,0.88,79.8,5,3,1,58.0
Chennai,2022-04-05,58,31.9,62.64,48.14,66.12,0.61,55.1,5,4,0,91.0
Chennai,2022-05-05,91,50.05,98.28,75.53,103.74,0.96,86.45,5,5,0,56.0
Chennai,2022-06-05,56,30.8,60.48,46.48,63.84,0.59,53.2,5,6,1,80.0
Chennai,2022-07-05,80,44.0,86.4,66.4,91.2,0.84,76.0,5,7,0,78.0
Chennai,2022-08-05,78,42.9,84.24,64.74,88.92,0.82,74.1,5,8,0,94.0
Chennai,2022-09-05,94,51.7,101.52,78.02,107.16,0.99,89.3,5,9,0,81.0
Chennai,2022-10-05,81,44.55,87.48,67.23,92.34,0.85,76.95,5,10,0,71.0
Chennai,2022-11-05,71,39.05,76.68,58.93,80.94,0.75,67.45,5,11,1,61.0
Chennai,2022-12-05,61,33.55,65.88,50.63,69.54,0.64,57.95,5,12,0,69.0
Chennai,2022-01-06,69,37.95,74.52,57.27,78.66,0.72,65.55,6,1,0,75.0
Chennai,2022-02-06,75,41.25,81.0,62.25,85.5,0.79,71.25,6,2,1,75.0
Chennai,2022-03-06,75,41.25,81.0,62.25,85.5,0.79,71.25,6,3,1,83.0
Chennai,2022-04-06,83,45.65,89.64,68.89,94.62,0.87,78.85,6,4,0,71.0
Chennai,2022-05-06,71,39.05,76.68,58.93,80.94,0.75,67.45,6,5,0,62.0
Chennai,2022-06-06,62,34.1,66.96,51.46,70.68,0.65,58.9,6,6,0,62.0
Chennai,2022-07-06,62,34.1,66.96,51.46,70.68,0.65,58.9,6,7,0,68.0
Chennai,2022-08-06,68,37.4,73.44,56.44,77.52,0.71,64.6,6,8,1,67.0
Chennai,2022-09-06,67,36.85,72.36,55.61,76.38,0.7,63.65,6,9,0,60.0
Chennai,2022-10-06,60,33.0,64.8,49.8,68.4,0.63,57.0,6,10,0,69.0
Chennai,2022-11-06,69,37.95,74.52,57.27,78.66,0.72,65.55,6,11,1,65.0
Chennai,2022-12-06,65,35.75,70.2,53.95,74.1,0.68,61.75,6,12,0,63.0
Chennai,2022-01-07,63,34.65,68.04,52.29,71.82,0.66,59.85,7,1,0,53.0
Chennai,2022-02-07,53,29.15,57.24,43.99,60.42,0.56,50.35,7,2,0,65.0
Chennai,2022-03-07,65,35.75,70.2,53.95,74.1,0.68,61.75,7,3,0,64.0
Chennai,2022-04-07,64,35.2,69.12,53.12,72.96,0.67,60.8,7,4,0,52.0
Chennai,2022-05-07,52,28.6,56.16,43.16,59.28,0.55,49.4,7,5,1,52.0
Chennai,2022-06-07,52,28.6,56.16,43.16,59.28,0.55,49.4,7,6,0,62.0
Chennai,2022-07-07,62,34.1,66.96,51.46,70.68,0.65,58.9,7,7,0,65.0
Chennai,2022-08-07,65,35.75,70.2,53.95,74.1,0.68,61.75,7,8,1,70.0
Chennai,2022-09-07,70,38.5,75.6,58.1,79.8,0.74,66.5,7,9,0,60.0
Chennai,2022-10-07,60,33.0,64.8,49.8,68.4,0.63,57.0,7,10,0,50.0
Chennai,2022-11-07,50,27.5,54.0,41.5,57.0,0.53,47.5,7,11,0,51.0
Chennai,2022-12-07,51,28.05,55.08,42.33,58.14,0.54,48.45,7,12,0,61.0
Chennai,2022-01-08,61,33.55,65.88,50.63,69.54,0.64,57.95,8,1,1,61.0
Chennai,2022-02-08,61,33.55,65.88,50.63,69.54,0.64,57.95,8,2,0,56.0
Chennai,2022-03-08,56,30.8,60.48,46.48,63.84,0.59,53.2,8,3,0,84.0
Chennai,2022-04-08,84,46.2,90.72,69.72,95.76,0.88,79.8,8,4,0,57.0
Chennai,2022-05-08,57,31.35,61.56,47.31,64.98,0.6,54.15,8,5,1,49.0
Chennai,2022-06-08,49,26.95,52.92,40.67,55.86,0.51,46.55,8,6,0,54.0
Chennai,2022-07-08,54,29.7,58.32,44.82,61.56,0.57,51.3,8,7,0,49.0
Chennai,2022-08-08,49,26.95,52.92,40.67,55.86,0.51,46.55,8,8,0,64.0
Chennai,2022-09-08,64,35.2,69.12,53.12,72.96,0.67,60.8,8,9,0,68.0
Chennai,2022-10-08,68,37.4,73.44,56.44,77.52,0.71,64.6,8,10,1,70.0
Chennai,2022-11-08,70,38.5,75.6,58.1,79.8,0.74,66.5,8,11,0,62.0
Chennai,2022-12-08,62,34.1,66.96,51.46,70.68,0.65,58.9,8,12,0,62.0
Chennai,2022-01-09,62,34.1,66.96,51.46,70.68,0.65,58.9,9,1,1,48.0
Chennai,2022-02-09,48,26.4,51.84,39.84,54.72,0.5,45.6,9,2,0,58.0
Chennai,2022-03-09,58,31.9,62.64,48.14,66.12,0.61,55.1,9,3,0,58.0
Chennai,2022-04-09,58,31.9,62.64,48.14,66.12,0.61,55.1,9,4,1,55.0
Chennai,2022-05-09,55,30.25,59.4,45.65,62.7,0.58,52.25,9,5,0,57.0
Chennai,2022-06-09,57,31.35,61.56,47.31,64.98,0.6,54.15,9,6,0,72.0
Chennai,2022-07-09,72,39.6,77.76,59.76,82.08,0.76,68.4,9,7,1,61.0
Chennai,2022-08-09,61,33.55,65.88,50.63,69.54,0.64,57.95,9,8,0,74.0
Chennai,2022-09-09,74,40.7,79.92,61.42,84.36,0.78,70.3,9,9,0,59.0
Chennai,2022-10-09,59,32.45,63.72,48.97,67.26,0.62,56.05,9,10,1,62.0
Chennai,2022-11-09,62,34.1,66.96,51.46,70.68,0.65,58.9,9,11,0,69.0
Chennai,2022-12-09,69,37.95,74.52,57.27,78.66,0.72,65.55,9,12,0,70.0
Chennai,2022-01-10,70,38.5,75.6,58.1,79.8,0.74,66.5,10,1,0,73.0
Chennai,2022-02-10,73,40.15,78.84,60.59,83.22,0.77,69.35,10,2,0,90.0
Chennai,2022-03-10,90,49.5,97.2,74.7,102.6,0.95,85.5,10,3,0,101.0
Chennai,2022-04-10,101,55.55,109.08,83.83,115.14,1.06,95.95,10,4,1,128.0
Chennai,2022-05-10,128,70.4,138.24,106.24,145.92,1.34,121.6,10,5,0,96.0
Chennai,2022-06-10,96,52.8,103.68,79.68,109.44,1.01,91.2,10,6,0,88.0
Chennai,2022-07-10,88,48.4,95.04,73.04,100.32,0.92,83.6,10,7,1,112.0
Chennai,2022-08-10,112,61.6,120.96,92.96,127.68,1.18,106.4,10,8,0,67.0
Chennai,2022-09-10,67,36.85,72.36,55.61,76.38,0.7,63.65,10,9,1,61.0
Chennai,2022-10-10,61,33.55,65.88,50.63,69.54,0.64,57.95,10,10,0,53.0
Chennai,2022-11-10,53,29.15,57.24,43.99,60.42,0.56,50.35,10,11,0,58.0
Chennai,2022-12-10,58,31.9,62.64,48.14,66.12,0.61,55.1,10,12,1,59.0
Chennai,2022-01-11,59,32.45,63.72,48.97,67.26,0.62,56.05,11,1,0,50.0
Chennai,2022-02-11,50,27.5,54.0,41.5,57.0,0.53,47.5,11,2,0,59.0
Chennai,2022-03-11,59,32.45,63.72,48.97,67.26,0.62,56.05,11,3,0,56.0
Chennai,2022-04-11,56,30.8,60.48,46.48,63.84,0.59,53.2,11,4,0,44.0
Chennai,2022-05-11,44,24.2,47.52,36.52,50.16,0.46,41.8,11,5,0,58.0
Chennai,2022-06-11,58,31.9,62.64,48.14,66.12,0.61,55.1,11,6,1,105.0
Chennai,2022-07-11,105,57.75,113.4,87.15,119.7,1.1,99.75,11,7,0,82.0
Chennai,2022-08-11,82,45.1,88.56,68.06,93.48,0.86,77.9,11,8,0,74.0
Chennai,2022-09-11,74,40.7,79.92,61.42,84.36,0.78,70.3,11,9,1,58.0
Chennai,2022-10-11,58,31.9,62.64,48.14,66.12,0.61,55.1,11,10,0,46.0
Chennai,2022-11-11,46,25.3,49.68,38.18,52.44,0.48,43.7,11,11,0,44.0
Chennai,2022-12-11,44,24.2,47.52,36.52,50.16,0.46,41.8,11,12,1,132.0
Chennai,2022-01-12,132,72.6,142.56,109.56,150.48,1.39,125.4,12,1,0,77.0
Chennai,2022-02-12,77,42.35,83.16,63.91,87.78,0.81,73.15,12,2,1,50.0
Chennai,2022-03-12,50,27.5,54.0,41.5,57.0,0.53,47.5,12,3,1,64.0
Chennai,2022-04-12,64,35.2,69.12,53.12,72.96,0.67,60.8,12,4,0,127.0
Chennai,2022-05-12,127,69.85,137.16,105.41,144.78,1.33,120.65,12,5,0,203.0
Chennai,2022-06-12,203,111.65,219.24,168.49,231.42,2.13,192.85,12,6,1,238.0
Chennai,2022-07-12,238,130.9,257.04,197.54,271.32,2.5,226.1,12,7,0,203.0
Chennai,2022-08-12,203,111.65,219.24,168.49,231.42,2.13,192.85,12,8,0,115.0
Chennai,2022-09-12,115,63.25,124.2,95.45,131.1,1.21,109.25,12,9,0,40.0
Chennai,2022-10-12,40,22.0,43.2,33.2,45.6,0.42,38.0,12,10,0,45.0
Chennai,2022-11-12,45,24.75,48.6,37.35,51.3,0.47,42.75,12,11,1,49.0
Chennai,2022-12-12,49,26.95,52.92,40.67,55.86,0.51,46.55,12,12,0,104.0
Chennai,2023-01-01,104,57.2,112.32,86.32,118.56,1.09,98.8,1,1,1,76.0
Chennai,2023-02-01,76,41.8,82.08,63.08,86.64,0.8,72.2,1,2,0,86.0
Chennai,2023-03-01,86,47.3,92.88,71.38,98.04,0.9,81.7,1,3,0,99.0
Chennai,2023-04-01,99,54.45,106.92,82.17,112.86,1.04,94.05,1,4,1,80.0
Chennai,2023-05-01,80,44.0,86.4,66.4,91.2,0.84,76.0,1,5,0,95.0
Chennai,2023-06-01,95,52.25,102.6,78.85,108.3,1.0,90.25,1,6,0,101.0
Chennai,2023-07-01,101,55.55,109.08,83.83,115.14,1.06,95.95,1,7,1,184.0
Chennai,2023-08-01,184,101.2,198.72,152.72,209.76,1.93,174.8,1,8,0,118.0
Chennai,2023-09-01,118,64.9,127.44,97.94,134.52,1.24,112.1,1,9,0,140.0
Chennai,2023-10-01,140,77.0,151.2,116.2,159.6,1.47,133.0,1,10,1,125.0
Chennai,2023-11-01,125,68.75,135.0,103.75,142.5,1.31,118.75,1,11,0,111.0
Chennai,2023-12-01,111,61.05,119.88,92.13,126.54,1.17,105.45,1,12,0,101.0
Chennai,2023-01-02,101,55.55,109.08,83.83,115.14,1.06,95.95,2,1,0,81.0
Chennai,2023-02-02,81,44.55,87.48,67.23,92.34,0.85,76.95,2,2,0,95.0
Chennai,2023-03-02,95,52.25,102.6,78.85,108.3,1.0,90.25,2,3,0,101.0
Chennai,2023-04-02,101,55.55,109.08,83.83,115.14,1.06,95.95,2,4,1,113.0
Chennai,2023-05-02,113,62.15,122.04,93.79,128.82,1.19,107.35,2,5,0,108.0
Chennai,2023-06-02,108,59.4,116.64,89.64,123.12,1.13,102.6,2,6,0,92.0
Chennai,2023-07-02,92,50.6,99.36,76.36,104.88,0.97,87.4,2,7,1,95.0
Chennai,2023-08-02,95,52.25,102.6,78.85,108.3,1.0,90.25,2,8,0,96.0
Chennai,2023-09-02,96,52.8,103.68,79.68,109.44,1.01,91.2,2,9,1,91.0
Chennai,2023-10-02,91,50.05,98.28,75.53,103.74,0.96,86.45,2,10,0,99.0
Chennai,2023-11-02,99,54.45,106.92,82.17,112.86,1.04,94.05,2,11,0,136.0
Chennai,2023-12-02,136,74.8,146.88,112.88,155.04,1.43,129.2,2,12,1,85.0
Chennai,2023-01-03,85,46.75,91.8,70.55,96.9,0.89,80.75,3,1,0,92.0
Chennai,2023-02-03,92,50.6,99.36,76.36,104.88,0.97,87.4,3,2,0,118.0
Chennai,2023-03-03,118,64.9,127.44,97.94,134.52,1.24,112.1,3,3,0,113.0
Chennai,2023-04-03,113,62.15,122.04,93.79,128.82,1.19,107.35,3,4,0,91.0
Chennai,2023-05-03,91,50.05,98.28,75.53,103.74,0.96,86.45,3,5,0,93.0
Chennai,2023-06-03,93,51.15,100.44,77.19,106.02,0.98,88.35,3,6,1,91.0
Chennai,2023-07-03,91,50.05,98.28,75.53,103.74,0.96,86.45,3,7,0,74.0
Chennai,2023-08-03,74,40.7,79.92,61.42,84.36,0.78,70.3,3,8,0,87.0
Chennai,2023-09-03,87,47.85,93.96,72.21,99.18,0.91,82.65,3,9,1,93.0
Chennai,2023-10-03,93,51.15,100.44,77.19,106.02,0.98,88.35,3,10,0,94.0
Chennai,2023-11-03,94,51.7,101.52,78.02,107.16,0.99,89.3,3,11,0,90.0
Chennai,2023-12-03,90,49.5,97.2,74.7,102.6,0.95,85.5,3,12,1,65.0
Chennai,2023-01-04,65,35.75,70.2,53.95,74.1,0.68,61.75,4,1,0,54.0
Chennai,2023-02-04,54,29.7,58.32,44.82,61.56,0.57,51.3,4,2,1,72.0
Chennai,2023-03-04,72,39.6,77.76,59.76,82.08,0.76,68.4,4,3,1,53.0
Chennai,2023-04-04,53,29.15,57.24,43.99,60.42,0.56,50.35,4,4,0,53.0
Chennai,2023-05-04,53,29.15,57.24,43.99,60.42,0.56,50.35,4,5,0,53.0
Chennai,2023-06-04,53,29.15,57.24,43.99,60.42,0.56,50.35,4,6,1,42.0
Chennai,2023-07-04,42,23.1,45.36,34.86,47.88,0.44,39.9,4,7,0,54.0
Chennai,2023-08-04,54,29.7,58.32,44.82,61.56,0.57,51.3,4,8,0,56.0
Chennai,2023-09-04,56,30.8,60.48,46.48,63.84,0.59,53.2,4,9,0,60.0
Chennai,2023-10-04,60,33.0,64.8,49.8,68.4,0.63,57.0,4,10,0,69.0
Chennai,2023-11-04,69,37.95,74.52,57.27,78.66,0.72,65.55,4,11,1,83.0
Chennai,2023-12-04,83,45.65,89.64,68.89,94.62,0.87,78.85,4,12,0,59.0
Chennai,2023-01-05,59,32.45,63.72,48.97,67.26,0.62,56.05,5,1,0,58.0
Chennai,2023-02-05,58,31.9,62.64,48.14,66.12,0.61,55.1,5,2,1,59.0
Chennai,2023-03-05,59,32.45,63.72,48.97,67.26,0.62,56.05,5,3,1,59.0
Chennai,2023-04-05,59,32.45,63.72,48.97,67.26,0.62,56.05,5,4,0,62.0
Chennai,2023-05-05,62,34.1,66.96,51.46,70.68,0.65,58.9,5,5,0,64.0
Chennai,2023-06-05,64,35.2,69.12,53.12,72.96,0.67,60.8,5,6,0,66.0
Chennai,2023-07-05,66,36.3,71.28,54.78,75.24,0.69,62.7,5,7,0,65.0
Chennai,2023-08-05,65,35.75,70.2,53.95,74.1,0.68,61.75,5,8,1,67.0
Chennai,2023-09-05,67,36.85,72.36,55.61,76.38,0.7,63.65,5,9,0,58.0
Chennai,2023-10-05,58,31.9,62.64,48.14,66.12,0.61,55.1,5,10,0,82.0
Chennai,2023-11-05,82,45.1,88.56,68.06,93.48,0.86,77.9,5,11,1,111.0
Chennai,2023-12-05,111,61.05,119.88,92.13,126.54,1.17,105.45,5,12,0,82.0
Chennai,2023-01-06,82,45.1,88.56,68.06,93.48,0.86,77.9,6,1,0,90.0
Chennai,2023-02-06,90,49.5,97.2,74.7,102.6,0.95,85.5,6,2,0,92.0
Chennai,2023-03-06,92,50.6,99.36,76.36,104.88,0.97,87.4,6,3,0,80.0
Chennai,2023-04-06,80,44.0,86.4,66.4,91.2,0.84,76.0,6,4,0,88.0
Chennai,2023-05-06,88,48.4,95.04,73.04,100.32,0.92,83.6,6,5,1,70.0
Chennai,2023-06-06,70,38.5,75.6,58.1,79.8,0.74,66.5,6,6,0,72.0
Chennai,2023-07-06,72,39.6,77.76,59.76,82.08,0.76,68.4,6,7,0,73.0
Chennai,2023-08-06,73,40.15,78.84,60.59,83.22,0.77,69.35,6,8,1,69.0
Chennai,2023-09-06,69,37.95,74.52,57.27,78.66,0.72,65.55,6,9,0,67.0
Chennai,2023-10-06,67,36.85,72.36,55.61,76.38,0.7,63.65,6,10,0,67.0
Chennai,2023-11-06,67,36.85,72.36,55.61,76.38,0.7,63.65,6,11,0,54.0
Chennai,2023-12-06,54,29.7,58.32,44.82,61.56,0.57,51.3,6,12,0,61.0
Chennai,2023-01-07,61,33.55,65.88,50.63,69.54,0.64,57.95,7,1,1,75.0
Chennai,2023-02-07,75,41.25,81.0,62.25,85.5,0.79,71.25,7,2,0,58.0
Chennai,2023-03-07,58,31.9,62.64,48.14,66.12,0.61,55.1,7,3,0,56.0
Chennai,2023-04-07,56,30.8,60.48,46.48,63.84,0.59,53.2,7,4,0,64.0
Chennai,2023-05-07,64,35.2,69.12,53.12,72.96,0.67,60.8,7,5,1,66.0
Chennai,2023-06-07,66,36.3,71.28,54.78,75.24,0.69,62.7,7,6,0,82.0
Chennai,2023-07-07,82,45.1,88.56,68.06,93.48,0.86,77.9,7,7,0,63.0
Chennai,2023-08-07,63,34.65,68.04,52.29,71.82,0.66,59.85,7,8,0,73.0
Chennai,2023-09-07,73,40.15,78.84,60.59,83.22,0.77,69.35,7,9,0,48.0
Chennai,2023-10-07,48,26.4,51.84,39.84,54.72,0.5,45.6,7,10,1,52.0
Chennai,2023-11-07,52,28.6,56.16,43.16,59.28,0.55,49.4,7,11,0,76.0
Chennai,2023-12-07,76,41.8,82.08,63.08,86.64,0.8,72.2,7,12,0,79.0
Chennai,2023-01-08,79,43.45,85.32,65.57,90.06,0.83,75.05,8,1,1,99.0
Chennai,2023-02-08,99,54.45,106.92,82.17,112.86,1.04,94.05,8,2,0,95.0
Chennai,2023-03-08,95,52.25,102.6,78.85,108.3,1.0,90.25,8,3,0,87.0
Chennai,2023-04-08,87,47.85,93.96,72.21,99.18,0.91,82.65,8,4,1,79.0
Chennai,2023-05-08,79,43.45,85.32,65.57,90.06,0.83,75.05,8,5,0,78.0
Chennai,2023-06-08,78,42.9,84.24,64.74,88.92,0.82,74.1,8,6,0,56.0
Chennai,2023-07-08,56,30.8,60.48,46.48,63.84,0.59,53.2,8,7,1,66.0
Chennai,2023-08-08,66,36.3,71.28,54.78,75.24,0.69,62.7,8,8,0,79.0
Chennai,2023-09-08,79,43.45,85.32,65.57,90.06,0.83,75.05,8,9,0,82.0
Chennai,2023-10-08,82,45.1,88.56,68.06,93.48,0.86,77.9,8,10,1,61.0
Chennai,2023-11-08,61,33.55,65.88,50.63,69.54,0.64,57.95,8,11,0,74.0
Chennai,2023-12-08,74,40.7,79.92,61.42,84.36,0.78,70.3,8,12,0,71.0
Chennai,2023-01-09,71,39.05,76.68,58.93,80.94,0.75,67.45,9,1,0,77.0
Chennai,2023-02-09,77,42.35,83.16,63.91,87.78,0.81,73.15,9,2,0,63.0
Chennai,2023-03-09,63,34.65,68.04,52.29,71.82,0.66,59.85,9,3,0,53.0
Chennai,2023-04-09,53,29.15,57.24,43.99,60.42,0.56,50.35,9,4,1,70.0
Chennai,2023-05-09,70,38.5,75.6,58.1,79.8,0.74,66.5,9,5,0,63.0
Chennai,2023-06-09,63,34.65,68.04,52.29,71.82,0.66,59.85,9,6,0,71.0
Chennai,2023-07-09,71,39.05,76.68,58.93,80.94,0.75,67.45,9,7,1,51.0
Chennai,2023-08-09,51,28.05,55.08,42.33,58.14,0.54,48.45,9,8,0,83.0
Chennai,2023-09-09,83,45.65,89.64,68.89,94.62,0.87,78.85,9,9,1,63.0
Chennai,2023-10-09,63,34.65,68.04,52.29,71.82,0.66,59.85,9,10,0,54.0
Chennai,2023-11-09,54,29.7,58.32,44.82,61.56,0.57,51.3,9,11,0,63.0
Chennai,2023-12-09,63,34.65,68.04,52.29,71.82,0.66,59.85,9,12,1,57.0
Chennai,2023-01-10,57,31.35,61.56,47.31,64.98,0.6,54.15,10,1,0,46.0
Chennai,2023-02-10,46,25.3,49.68,38.18,52.44,0.48,43.7,10,2,0,56.0
Chennai,2023-03-10,56,30.8,60.48,46.48,63.84,0.59,53.2,10,3,0,68.0
Chennai,2023-04-10,68,37.4,73.44,56.44,77.52,0.71,64.6,10,4,0,77.0
Chennai,2023-05-10,77,42.35,83.16,63.91,87.78,0.81,73.15,10,5,0,76.0
Chennai,2023-06-10,76,41.8,82.08,63.08,86.64,0.8,72.2,10,6,1,73.0
Chennai,2023-07-10,73,40.15,78.84,60.59,83.22,0.77,69.35,10,7,0,52.0
Chennai,2023-08-10,52,28.6,56.16,43.16,59.28,0.55,49.4,10,8,0,47.0
Chennai,2023-09-10,47,25.85,50.76,39.01,53.58,0.49,44.65,10,9,1,52.0
Chennai,2023-10-10,52,28.6,56.16,43.16,59.28,0.55,49.4,10,10,0,70.0
Chennai,2023-11-10,70,38.5,75.6,58.1,79.8,0.74,66.5,10,11,0,55.0
Chennai,2023-12-10,55,30.25,59.4,45.65,62.7,0.58,52.25,10,12,1,93.0
Chennai,2023-01-11,93,51.15,100.44,77.19,106.02,0.98,88.35,11,1,0,61.0
Chennai,2023-02-11,61,33.55,65.88,50.63,69.54,0.64,57.95,11,2,1,57.0
Chennai,2023-03-11,57,31.35,61.56,47.31,64.98,0.6,54.15,11,3,1,59.0
Chennai,2023-04-11,59,32.45,63.72,48.97,67.26,0.62,56.05,11,4,0,33.0
Chennai,2023-05-11,33,18.15,35.64,27.39,37.62,0.35,31.35,11,5,0,40.0
Chennai,2023-06-11,40,22.0,43.2,33.2,45.6,0.42,38.0,11,6,1,49.0
Chennai,2023-07-11,49,26.95,52.92,40.67,55.86,0.51,46.55,11,7,0,73.0
Chennai,2023-08-11,73,40.15,78.84,60.59,83.22,0.77,69.35,11,8,0,69.0
Chennai,2023-09-11,69,37.95,74.52,57.27,78.66,0.72,65.55,11,9,0,83.0
Chennai,2023-10-11,83,45.65,89.64,68.89,94.62,0.87,78.85,11,10,0,115.0
Chennai,2023-11-11,115,63.25,124.2,95.45,131.1,1.21,109.25,11,11,1,178.0
Chennai,2023-12-11,178,97.9,192.24,147.74,202.92,1.87,169.1,11,12,0,42.0
Chennai,2023-01-12,42,23.1,45.36,34.86,47.88,0.44,39.9,12,1,0,65.0
Chennai,2023-02-12,65,35.75,70.2,53.95,74.1,0.68,61.75,12,2,1,46.0
Chennai,2023-03-12,46,25.3,49.68,38.18,52.44,0.48,43.7,12,3,1,36.0
Chennai,2023-04-12,36,19.8,38.88,29.88,41.04,0.38,34.2,12,4,0,38.0
Chennai,2023-07-12,38,20.9,41.04,31.54,43.32,0.4,36.1,12,7,0,57.0
Chennai,2023-08-12,57,31.35,61.56,47.31,64.98,0.6,54.15,12,8,1,70.0
Chennai,2023-09-12,70,38.5,75.6,58.1,79.8,0.74,66.5,12,9,0,88.0
Chennai,2023-10-12,88,48.4,95.04,73.04,100.32,0.92,83.6,12,10,0,82.0
Chennai,2023-11-12,82,45.1,88.56,68.06,93.48,0.86,77.9,12,11,1,70.0
Chennai,2023-12-12,70,38.5,75.6,58.1,79.8,0.74,66.5,12,12,0,142.0
Chennai,2024-01-01,142,78.1,153.36,117.86,161.88,1.49,134.9,1,1,0,101.0
Chennai,2024-02-01,101,55.55,109.08,83.83,115.14,1.06,95.95,1,2,0,119.0
Chennai,2024-03-01,119,65.45,128.52,98.77,135.66,1.25,113.05,1,3,0,107.0
Chennai,2024-04-01,107,58.85,115.56,88.81,121.98,1.12,101.65,1,4,0,92.0
Chennai,2024-05-01,92,50.6,99.36,76.36,104.88,0.97,87.4,1,5,0,71.0
Chennai,2024-06-01,71,39.05,76.68,58.93,80.94,0.75,67.45,1,6,1,66.0
Chennai,2024-07-01,66,36.3,71.28,54.78,75.24,0.69,62.7,1,7,0,67.0
Chennai,2024-08-01,67,36.85,72.36,55.61,76.38,0.7,63.65,1,8,0,80.0
Chennai,2024-09-01,80,44.0,86.4,66.4,91.2,0.84,76.0,1,9,1,81.0
Chennai,2024-10-01,81,44.55,87.48,67.23,92.34,0.85,76.95,1,10,0,94.0
Chennai,2024-11-01,94,51.7,101.52,78.02,107.16,0.99,89.3,1,11,0,114.0
Chennai,2024-12-01,114,62.7,123.12,94.62,129.96,1.2,108.3,1,12,1,55.0
Chennai,2024-01-02,55,30.25,59.4,45.65,62.7,0.58,52.25,2,1,0,39.0
Chennai,2024-02-02,39,21.45,42.12,32.37,44.46,0.41,37.05,2,2,0,69.0
Chennai,2024-03-02,69,37.95,74.52,57.27,78.66,0.72,65.55,2,3,1,72.0
Chennai,2024-04-02,72,39.6,77.76,59.76,82.08,0.76,68.4,2,4,0,72.0
Chennai,2024-05-02,72,39.6,77.76,59.76,82.08,0.76,68.4,2,5,0,88.0
Chennai,2024-06-02,88,48.4,95.04,73.04,100.32,0.92,83.6,2,6,1,109.0
Chennai,2024-07-02,109,59.95,117.72,90.47,124.26,1.14,103.55,2,7,0,93.0
Chennai,2024-08-02,93,51.15,100.44,77.19,106.02,0.98,88.35,2,8,0,83.0
Chennai,2024-09-02,83,45.65,89.64,68.89,94.62,0.87,78.85,2,9,0,85.0
Chennai,2024-10-02,85,46.75,91.8,70.55,96.9,0.89,80.75,2,10,0,100.0
Chennai,2024-11-02,100,55.0,108.0,83.0,114.0,1.05,95.0,2,11,1,69.0
Chennai,2024-12-02,69,37.95,74.52,57.27,78.66,0.72,65.55,2,12,0,83.0
Chennai,2024-01-03,83,45.65,89.64,68.89,94.62,0.87,78.85,3,1,0,101.0
Chennai,2024-02-03,101,55.55,109.08,83.83,115.14,1.06,95.95,3,2,1,80.0
Chennai,2024-03-03,80,44.0,86.4,66.4,91.2,0.84,76.0,3,3,1,84.0
Chennai,2024-04-03,84,46.2,90.72,69.72,95.76,0.88,79.8,3,4,0,76.0
Chennai,2024-05-03,76,41.8,82.08,63.08,86.64,0.8,72.2,3,5,0,90.0
Chennai,2024-06-03,90,49.5,97.2,74.7,102.6,0.95,85.5,3,6,0,81.0
Chennai,2024-07-03,81,44.55,87.48,67.23,92.34,0.85,76.95,3,7,0,83.0
Chennai,2024-08-03,83,45.65,89.64,68.89,94.62,0.87,78.85,3,8,1,90.0
Chennai,2024-09-03,90,49.5,97.2,74.7,102.6,0.95,85.5,3,9,0,78.0
Chennai,2024-10-03,78,42.9,84.24,64.74,88.92,0.82,74.1,3,10,0,77.0
Chennai,2024-11-03,77,42.35,83.16,63.91,87.78,0.81,73.15,3,11,1,77.0
Chennai,2024-12-03,77,42.35,83.16,63.91,87.78,0.81,73.15,3,12,0,46.0
Chennai,2024-01-04,46,25.3,49.68,38.18,52.44,0.48,43.7,4,1,0,56.0
Chennai,2024-02-04,56,30.8,60.48,46.48,63.84,0.59,53.2,4,2,1,64.0
Chennai,2024-03-04,64,35.2,69.12,53.12,72.96,0.67,60.8,4,3,0,66.0
Chennai,2024-04-04,66,36.3,71.28,54.78,75.24,0.69,62.7,4,4,0,62.0
Chennai,2024-05-04,62,34.1,66.96,51.46,70.68,0.65,58.9,4,5,1,59.0
Chennai,2024-06-04,59,32.45,63.72,48.97,67.26,0.62,56.05,4,6,0,65.0
Chennai,2024-07-04,65,35.75,70.2,53.95,74.1,0.68,61.75,4,7,0,62.0
Chennai,2024-08-04,62,34.1,66.96,51.46,70.68,0.65,58.9,4,8,1,62.0
Chennai,2024-09-04,62,34.1,66.96,51.46,70.68,0.65,58.9,4,9,0,75.0
Chennai,2024-10-04,75,41.25,81.0,62.25,85.5,0.79,71.25,4,10,0,63.0
Chennai,2024-11-04,63,34.65,68.04,52.29,71.82,0.66,59.85,4,11,0,61.0
Chennai,2024-12-04,61,33.55,65.88,50.63,69.54,0.64,57.95,4,12,0,59.0
Chennai,2024-01-05,59,32.45,63.72,48.97,67.26,0.62,56.05,5,1,0,54.0
Chennai,2024-02-05,54,29.7,58.32,44.82,61.56,0.57,51.3,5,2,0,62.0
Chennai,2024-03-05,62,34.1,66.96,51.46,70.68,0.65,58.9,5,3,0,60.0
Chennai,2024-04-05,60,33.0,64.8,49.8,68.4,0.63,57.0,5,4,0,57.0
Chennai,2024-05-05,57,31.35,61.56,47.31,64.98,0.6,54.15,5,5,1,59.0
Chennai,2024-06-05,59,32.45,63.72,48.97,67.26,0.62,56.05,5,6,0,61.0
Chennai,2024-07-05,61,33.55,65.88,50.63,69.54,0.64,57.95,5,7,0,62.0
Chennai,2024-08-05,62,34.1,66.96,51.46,70.68,0.65,58.9,5,8,0,46.0
Chennai,2024-09-05,46,25.3,49.68,38.18,52.44,0.48,43.7,5,9,0,51.0
Chennai,2024-10-05,51,28.05,55.08,42.33,58.14,0.54,48.45,5,10,1,56.0
Chennai,2024-11-05,56,30.8,60.48,46.48,63.84,0.59,53.2,5,11,0,50.0
Chennai,2024-12-05,50,27.5,54.0,41.5,57.0,0.53,47.5,5,12,0,74.0
Chennai,2024-01-06,74,40.7,79.92,61.42,84.36,0.78,70.3,6,1,1,65.0
Chennai,2024-02-06,65,35.75,70.2,53.95,74.1,0.68,61.75,6,2,0,65.0
Chennai,2024-03-06,65,35.75,70.2,53.95,74.1,0.68,61.75,6,3,0,65.0
Chennai,2024-04-06,65,35.75,70.2,53.95,74.1,0.68,61.75,6,4,1,59.0
Chennai,2024-05-06,59,32.45,63.72,48.97,67.26,0.62,56.05,6,5,0,59.0
Chennai,2024-06-06,59,32.45,63.72,48.97,67.26,0.62,56.05,6,6,0,62.0
Chennai,2024-07-06,62,34.1,66.96,51.46,70.68,0.65,58.9,6,7,1,99.0
Chennai,2024-08-06,99,54.45,106.92,82.17,112.86,1.04,94.05,6,8,0,65.0
Chennai,2024-09-06,65,35.75,70.2,53.95,74.1,0.68,61.75,6,9,0,97.0
Chennai,2024-10-06,97,53.35,104.76,80.51,110.58,1.02,92.15,6,10,1,74.0
Chennai,2024-11-06,74,40.7,79.92,61.42,84.36,0.78,70.3,6,11,0,64.0
Chennai,2024-12-06,64,35.2,69.12,53.12,72.96,0.67,60.8,6,12,0,57.0
Chennai,2024-01-07,57,31.35,61.56,47.31,64.98,0.6,54.15,7,1,1,70.0
Chennai,2024-02-07,70,38.5,75.6,58.1,79.8,0.74,66.5,7,2,0,72.0
Chennai,2024-03-07,72,39.6,77.76,59.76,82.08,0.76,68.4,7,3,0,57.0
Chennai,2024-04-07,57,31.35,61.56,47.31,64.98,0.6,54.15,7,4,1,63.0
Chennai,2024-05-07,63,34.65,68.04,52.29,71.82,0.66,59.85,7,5,0,71.0
Chennai,2024-06-07,71,39.05,76.68,58.93,80.94,0.75,67.45,7,6,0,59.0
Chennai,2024-07-07,59,32.45,63.72,48.97,67.26,0.62,56.05,7,7,1,48.0
Chennai,2024-08-07,48,26.4,51.84,39.84,54.72,0.5,45.6,7,8,0,57.0
Chennai,2024-09-07,57,31.35,61.56,47.31,64.98,0.6,54.15,7,9,1,68.0
Chennai,2024-10-07,68,37.4,73.44,56.44,77.52,0.71,64.6,7,10,0,69.0
Chennai,2024-11-07,69,37.95,74.52,57.27,78.66,0.72,65.55,7,11,0,73.0
Chennai,2024-12-07,73,40.15,78.84,60.59,83.22,0.77,69.35,7,12,1,78.0
Chennai,2024-01-08,78,42.9,84.24,64.74,88.92,0.82,74.1,8,1,0,89.0
Chennai,2024-02-08,89,48.95,96.12,73.87,101.46,0.93,84.55,8,2,0,72.0
Chennai,2024-03-08,72,39.6,77.76,59.76,82.08,0.76,68.4,8,3,0,60.0
Chennai,2024-04-08,60,33.0,64.8,49.8,68.4,0.63,57.0,8,4,0,65.0
Chennai,2024-05-08,65,35.75,70.2,53.95,74.1,0.68,61.75,8,5,0,72.0
Chennai,2024-06-08,72,39.6,77.76,59.76,82.08,0.76,68.4,8,6,1,68.0
Chennai,2024-07-08,68,37.4,73.44,56.44,77.52,0.71,64.6,8,7,0,64.0
Chennai,2024-08-08,64,35.2,69.12,53.12,72.96,0.67,60.8,8,8,0,55.0
Chennai,2024-09-08,55,30.25,59.4,45.65,62.7,0.58,52.25,8,9,1,72.0
Chennai,2024-10-08,72,39.6,77.76,59.76,82.08,0.76,68.4,8,10,0,72.0
Chennai,2024-11-08,72,39.6,77.76,59.76,82.08,0.76,68.4,8,11,0,72.0
Chennai,2024-12-08,72,39.6,77.76,59.76,82.08,0.76,68.4,8,12,1,44.0
Chennai,2024-01-09,44,24.2,47.52,36.52,50.16,0.46,41.8,9,1,0,42.0
Chennai,2024-02-09,42,23.1,45.36,34.86,47.88,0.44,39.9,9,2,0,50.0
Chennai,2024-03-09,50,27.5,54.0,41.5,57.0,0.53,47.5,9,3,1,44.0
Chennai,2024-04-09,44,24.2,47.52,36.52,50.16,0.46,41.8,9,4,0,62.0
Chennai,2024-05-09,62,34.1,66.96,51.46,70.68,0.65,58.9,9,5,0,55.0
Chennai,2024-06-09,55,30.25,59.4,45.65,62.7,0.58,52.25,9,6,1,67.0
Chennai,2024-07-09,67,36.85,72.36,55.61,76.38,0.7,63.65,9,7,0,48.0
Chennai,2024-08-09,48,26.4,51.84,39.84,54.72,0.5,45.6,9,8,0,56.0
Chennai,2024-09-09,56,30.8,60.48,46.48,63.84,0.59,53.2,9,9,0,55.0
Chennai,2024-10-09,55,30.25,59.4,45.65,62.7,0.58,52.25,9,10,0,62.0
Chennai,2024-11-09,62,34.1,66.96,51.46,70.68,0.65,58.9,9,11,1,58.0
Chennai,2024-12-09,58,31.9,62.64,48.14,66.12,0.61,55.1,9,12,0,46.0
Chennai,2024-01-10,46,25.3,49.68,38.18,52.44,0.48,43.7,10,1,0,55.0
Chennai,2024-02-10,55,30.25,59.4,45.65,62.7,0.58,52.25,10,2,1,52.0
Chennai,2024-03-10,52,28.6,56.16,43.16,59.28,0.55,49.4,10,3,1,69.0
Chennai,2024-04-10,69,37.95,74.52,57.27,78.66,0.72,65.55,10,4,0,58.0
Chennai,2024-05-10,58,31.9,62.64,48.14,66.12,0.61,55.1,10,5,0,70.0
Chennai,2024-06-10,70,38.5,75.6,58.1,79.8,0.74,66.5,10,6,0,51.0
Chennai,2024-07-10,51,28.05,55.08,42.33,58.14,0.54,48.45,10,7,0,44.0
Chennai,2024-08-10,44,24.2,47.52,36.52,50.16,0.46,41.8,10,8,1,35.0
Chennai,2024-09-10,35,19.25,37.8,29.05,39.9,0.37,33.25,10,9,0,37.0
Chennai,2024-10-10,37,20.35,39.96,30.71,42.18,0.39,35.15,10,10,0,51.0
Chennai,2024-11-10,51,28.05,55.08,42.33,58.14,0.54,48.45,10,11,1,30.0
Chennai,2024-12-10,30,16.5,32.4,24.9,34.2,0.32,28.5,10,12,0,142.0
Chennai,2024-01-11,142,78.1,153.36,117.86,161.88,1.49,134.9,11,1,0,71.0
Chennai,2024-02-11,71,39.05,76.68,58.93,80.94,0.75,67.45,11,2,1,72.0
Chennai,2024-03-11,72,39.6,77.76,59.76,82.08,0.76,68.4,11,3,0,56.0
Chennai,2024-04-11,56,30.8,60.48,46.48,63.84,0.59,53.2,11,4,0,90.0
Chennai,2024-05-11,90,49.5,97.2,74.7,102.6,0.95,85.5,11,5,1,107.0
Chennai,2024-06-11,107,58.85,115.56,88.81,121.98,1.12,101.65,11,6,0,51.0
Chennai,2024-07-11,51,28.05,55.08,42.33,58.14,0.54,48.45,11,7,0,50.0
Chennai,2024-08-11,50,27.5,54.0,41.5,57.0,0.53,47.5,11,8,1,57.0
Chennai,2024-09-11,57,31.35,61.56,47.31,64.98,0.6,54.15,11,9,0,85.0
Chennai,2024-10-11,85,46.75,91.8,70.55,96.9,0.89,80.75,11,10,0,99.0
Chennai,2024-11-11,99,54.45,106.92,82.17,112.86,1.04,94.05,11,11,0,60.0
Chennai,2024-12-11,60,33.0,64.8,49.8,68.4,0.63,57.0,11,12,0,24.0
Chennai,2024-01-12,24,13.2,25.92,19.92,27.36,0.25,22.8,12,1,0,40.0
Chennai,2024-02-12,40,22.0,43.2,33.2,45.6,0.42,38.0,12,2,0,53.0
Chennai,2024-03-12,53,29.15,57.24,43.99,60.42,0.56,50.35,12,3,0,45.0
Chennai,2024-04-12,45,24.75,48.6,37.35,51.3,0.47,42.75,12,4,0,38.0
Chennai,2024-05-12,38,20.9,41.04,31.54,43.32,0.4,36.1,12,5,1,56.0
Chennai,2024-06-12,56,30.8,60.48,46.48,63.84,0.59,53.2,12,6,0,44.0
Chennai,2024-07-12,44,24.2,47.52,36.52,50.16,0.46,41.8,12,7,0,49.0
Chennai,2024-08-12,49,26.95,52.92,40.67,55.86,0.51,46.55,12,8,0,75.0
Chennai,2024-09-12,75,41.25,81.0,62.25,85.5,0.79,71.25,12,9,0,89.0
Chennai,2024-10-12,89,48.95,96.12,73.87,101.46,0.93,84.55,12,10,1,76.0
Chennai,2024-11-12,76,41.8,82.08,63.08,86.64,0.8,72.2,12,11,0,46.0
Chennai,2024-12-12,46,25.3,49.68,38.18,52.44,0.48,43.7,12,12,0,406.0
Delhi,2018-01-01,406,223.3,438.48,336.98,462.84,4.26,385.7,1,1,0,418.0
Delhi,2018-02-01,418,229.9,451.44,346.94,476.52,4.39,397.1,1,2,0,382.0
Delhi,2018-03-01,382,210.1,412.56,317.06,435.48,4.01,362.9,1,3,0,366.0
Delhi,2018-04-01,366,201.3,395.28,303.78,417.24,3.84,347.7,1,4,1,390.0
Delhi,2018-05-01,390,214.5,421.2,323.7,444.6,4.1,370.5,1,5,0,405.0
Delhi,2018-06-01,405,222.75,437.4,336.15,461.7,4.25,384.75,1,6,0,355.0
Delhi,2018-07-01,355,195.25,383.4,294.65,404.7,3.73,337.25,1,7,1,288.0
Delhi,2018-08-01,288,158.4,311.04,239.04,328.32,3.02,273.6,1,8,0,359.0
Delhi,2018-09-01,359,197.45,387.72,297.97,409.26,3.77,341.05,1,9,1,352.0
Delhi,2018-10-01,352,193.6,380.16,292.16,401.28,3.7,334.4,1,10,0,309.0
Delhi,2018-11-01,309,169.95,333.72,256.47,352.26,3.24,293.55,1,11,0,298.0
Delhi,2018-12-01,298,163.9,321.84,247.34,339.72,3.13,283.1,1,12,1,274.0
Delhi,2018-01-02,274,150.7,295.92,227.42,312.36,2.88,260.3,2,1,0,293.0
Delhi,2018-02-02,293,161.15,316.44,243.19,334.02,3.08,278.35,2,2,0,243.0
Delhi,2018-03-02,243,133.65,262.44,201.69,277.02,2.55,230.85,2,3,0,256.0
Delhi,2018-04-02,256,140.8,276.48,212.48,291.84,2.69,243.2,2,4,0,291.0
Delhi,2018-05-02,291,160.05,314.28,241.53,331.74,3.06,276.45,2,5,0,287.0
Delhi,2018-06-02,287,157.85,309.96,238.21,327.18,3.01,272.65,2,6,1,261.0
Delhi,2018-07-02,261,143.55,281.88,216.63,297.54,2.74,247.95,2,7,0,308.0
Delhi,2018-08-02,308,169.4,332.64,255.64,351.12,3.23,292.6,2,8,0,335.0
Delhi,2018-09-02,335,184.25,361.8,278.05,381.9,3.52,318.25,2,9,1,341.0
Delhi,2018-10-02,341,187.55,368.28,283.03,388.74,3.58,323.95,2,10,0,304.0
Delhi,2018-11-02,304,167.2,328.32,252.32,346.56,3.19,288.8,2,11,0,178.0
Delhi,2018-12-02,178,97.9,192.24,147.74,202.92,1.87,169.1,2,12,1,257.0
Delhi,2018-01-03,257,141.35,277.56,213.31,292.98,2.7,244.15,3,1,0,260.0
Delhi,2018-02-03,260,143.0,280.8,215.8,296.4,2.73,247.0,3,2,1,203.0
Delhi,2018-03-03,203,111.65,219.24,168.49,231.42,2.13,192.85,3,3,1,178.0
Delhi,2018-04-03,178,97.9,192.24,147.74,202.92,1.87,169.1,3,4,0,172.0
Delhi,2018-05-03,172,94.6,185.76,142.76,196.08,1.81,163.4,3,5,0,167.0
Delhi,2018-06-03,167,91.85,180.36,138.61,190.38,1.75,158.65,3,6,1,185.0
Delhi,2018-07-03,185,101.75,199.8,153.55,210.9,1.94,175.75,3,7,0,245.0
Delhi,2018-08-03,245,134.75,264.6,203.35,279.3,2.57,232.75,3,8,0,280.0
Delhi,2018-09-03,280,154.0,302.4,232.4,319.2,2.94,266.0,3,9,0,170.0
Delhi,2018-10-03,170,93.5,183.6,141.1,193.8,1.79,161.5,3,10,0,170.0
Delhi,2018-11-03,170,93.5,183.6,141.1,193.8,1.79,161.5,3,11,1,214.0
Delhi,2018-12-03,214,117.7,231.12,177.62,243.96,2.25,203.3,3,12,0,195.0
Delhi,2018-01-04,195,107.25,210.6,161.85,222.3,2.05,185.25,4,1,0,219.0
Delhi,2018-02-04,219,120.45,236.52,181.77,249.66,2.3,208.05,4,2,1,207.0
Delhi,2018-03-04,207,113.85,223.56,171.81,235.98,2.17,196.65,4,3,1,203.0
Delhi,2018-04-04,203,111.65,219.24,168.49,231.42,2.13,192.85,4,4,0,290.0
Delhi,2018-05-04,290,159.5,313.2,240.7,330.6,3.05,275.5,4,5,0,208.0
Delhi,2018-06-04,208,114.4,224.64,172.64,237.12,2.18,197.6,4,6,0,143.0
Delhi,2018-07-04,143,78.65,154.44,118.69,163.02,1.5,135.85,4,7,0,141.0
Delhi,2018-08-04,141,77.55,152.28,117.03,160.74,1.48,133.95,4,8,1,120.0
Delhi,2018-09-04,120,66.0,129.6,99.6,136.8,1.26,114.0,4,9,0,230.0
Delhi,2018-10-04,230,126.5,248.4,190.9,262.2,2.42,218.5,4,10,0,141.0
Delhi,2018-11-04,141,77.55,152.28,117.03,160.74,1.48,133.95,4,11,1,99.0
Delhi,2018-12-04,99,54.45,106.92,82.17,112.86,1.04,94.05,4,12,0,177.0
Delhi,2018-01-05,177,97.35,191.16,146.91,201.78,1.86,168.15,5,1,0,153.0
Delhi,2018-02-05,153,84.15,165.24,126.99,174.42,1.61,145.35,5,2,0,160.0
Delhi,2018-03-05,160,88.0,172.8,132.8,182.4,1.68,152.0,5,3,0,139.0
Delhi,2018-04-05,139,76.45,150.12,115.37,158.46,1.46,132.05,5,4,0,173.0
Delhi,2018-05-05,173,95.15,186.84,143.59,197.22,1.82,164.35,5,5,1,269.0
Delhi,2018-06-05,269,147.95,290.52,223.27,306.66,2.82,255.55,5,6,0,211.0
Delhi,2018-07-05,211,116.05,227.88,175.13,240.54,2.22,200.45,5,7,0,208.0
Delhi,2018-08-05,208,114.4,224.64,172.64,237.12,2.18,197.6,5,8,1,163.0
Delhi,2018-09-05,163,89.65,176.04,135.29,185.82,1.71,154.85,5,9,0,190.0
Delhi,2018-10-05,190,104.5,205.2,157.7,216.6,2.0,180.5,5,10,0,256.0
Delhi,2018-11-05,256,140.8,276.48,212.48,291.84,2.69,243.2,5,11,0,304.0
Delhi,2018-12-05,304,167.2,328.32,252.32,346.56,3.19,288.8,5,12,0,198.0
Delhi,2018-01-06,198,108.9,213.84,164.34,225.72,2.08,188.1,6,1,1,173.0
Delhi,2018-02-06,173,95.15,186.84,143.59,197.22,1.82,164.35,6,2,0,174.0
Delhi,2018-03-06,174,95.7,187.92,144.42,198.36,1.83,165.3,6,3,0,183.0
Delhi,2018-04-06,183,100.65,197.64,151.89,208.62,1.92,173.85,6,4,0,169.0
Delhi,2018-05-06,169,92.95,182.52,140.27,192.66,1.77,160.55,6,5,1,136.0
Delhi,2018-06-06,136,74.8,146.88,112.88,155.04,1.43,129.2,6,6,0,164.0
Delhi,2018-07-06,164,90.2,177.12,136.12,186.96,1.72,155.8,6,7,0,179.0
Delhi,2018-08-06,179,98.45,193.32,148.57,204.06,1.88,170.05,6,8,0,127.0
Delhi,2018-09-06,127,69.85,137.16,105.41,144.78,1.33,120.65,6,9,0,158.0
Delhi,2018-10-06,158,86.9,170.64,131.14,180.12,1.66,150.1,6,10,1,183.0
Delhi,2018-11-06,183,100.65,197.64,151.89,208.62,1.92,173.85,6,11,0,296.0
Delhi,2018-12-06,296,162.8,319.68,245.68,337.44,3.11,281.2,6,12,0,92.0
Delhi,2018-01-07,92,50.6,99.36,76.36,104.88,0.97,87.4,7,1,1,106.0
Delhi,2018-02-07,106,58.3,114.48,87.98,120.84,1.11,100.7,7,2,0,114.0
Delhi,2018-03-07,114,62.7,123.12,94.62,129.96,1.2,108.3,7,3,0,137.0
Delhi,2018-04-07,137,75.35,147.96,113.71,156.18,1.44,130.15,7,4,1,123.0
Delhi,2018-05-07,123,67.65,132.84,102.09,140.22,1.29,116.85,7,5,0,147.0
Delhi,2018-06-07,147,80.85,158.76,122.01,167.58,1.54,139.65,7,6,0,151.0
Delhi,2018-07-07,151,83.05,163.08,125.33,172.14,1.59,143.45,7,7,1,182.0
Delhi,2018-08-07,182,100.1,196.56,151.06,207.48,1.91,172.9,7,8,0,157.0
Delhi,2018-09-07,157,86.35,169.56,130.31,178.98,1.65,149.15,7,9,0,134.0
Delhi,2018-10-07,134,73.7,144.72,111.22,152.76,1.41,127.3,7,10,1,106.0
Delhi,2018-11-07,106,58.3,114.48,87.98,120.84,1.11,100.7,7,11,0,143.0
Delhi,2018-12-07,143,78.65,154.44,118.69,163.02,1.5,135.85,7,12,0,153.0
Delhi,2018-01-08,153,84.15,165.24,126.99,174.42,1.61,145.35,8,1,0,235.0
Delhi,2018-02-08,235,129.25,253.8,195.05,267.9,2.47,223.25,8,2,0,213.0
Delhi,2018-03-08,213,117.15,230.04,176.79,242.82,2.24,202.35,8,3,0,216.0
Delhi,2018-04-08,216,118.8,233.28,179.28,246.24,2.27,205.2,8,4,1,241.0
Delhi,2018-05-08,241,132.55,260.28,200.03,274.74,2.53,228.95,8,5,0,133.0
Delhi,2018-06-08,133,73.15,143.64,110.39,151.62,1.4,126.35,8,6,0,113.0
Delhi,2018-07-08,113,62.15,122.04,93.79,128.82,1.19,107.35,8,7,1,86.0
Delhi,2018-08-08,86,47.3,92.88,71.38,98.04,0.9,81.7,8,8,0,88.0
Delhi,2018-09-08,88,48.4,95.04,73.04,100.32,0.92,83.6,8,9,1,102.0
Delhi,2018-10-08,102,56.1,110.16,84.66,116.28,1.07,96.9,8,10,0,96.0
Delhi,2018-11-08,96,52.8,103.68,79.68,109.44,1.01,91.2,8,11,0,83.0
Delhi,2018-12-08,83,45.65,89.64,68.89,94.62,0.87,78.85,8,12,1,114.0
Delhi,2018-01-09,114,62.7,123.12,94.62,129.96,1.2,108.3,9,1,0,106.0
Delhi,2018-02-09,106,58.3,114.48,87.98,120.84,1.11,100.7,9,2,0,73.0
Delhi,2018-03-09,73,40.15,78.84,60.59,83.22,0.77,69.35,9,3,0,112.0
Delhi,2018-04-09,112,61.6,120.96,92.96,127.68,1.18,106.4,9,4,0,90.0
Delhi,2018-05-09,90,49.5,97.2,74.7,102.6,0.95,85.5,9,5,0,137.0
Delhi,2018-06-09,137,75.35,147.96,113.71,156.18,1.44,130.15,9,6,1,91.0
Delhi,2018-07-09,91,50.05,98.28,75.53,103.74,0.96,86.45,9,7,0,86.0
Delhi,2018-08-09,86,47.3,92.88,71.38,98.04,0.9,81.7,9,8,0,61.0
Delhi,2018-09-09,61,33.55,65.88,50.63,69.54,0.64,57.95,9,9,1,84.0
Delhi,2018-10-09,84,46.2,90.72,69.72,95.76,0.88,79.8,9,10,0,79.0
Delhi,2018-11-09,79,43.45,85.32,65.57,90.06,0.83,75.05,9,11,0,90.0
Delhi,2018-12-09,90,49.5,97.2,74.7,102.6,0.95,85.5,9,12,1,148.0
Delhi,2018-01-10,148,81.4,159.84,122.84,168.72,1.55,140.6,10,1,0,202.0
Delhi,2018-02-10,202,111.1,218.16,167.66,230.28,2.12,191.9,10,2,1,143.0
Delhi,2018-03-10,143,78.65,154.44,118.69,163.02,1.5,135.85,10,3,1,201.0
Delhi,2018-04-10,201,110.55,217.08,166.83,229.14,2.11,190.95,10,4,0,256.0
Delhi,2018-05-10,256,140.8,276.48,212.48,291.84,2.69,243.2,10,5,0,209.0
Delhi,2018-06-10,209,114.95,225.72,173.47,238.26,2.19,198.55,10,6,1,181.0
Delhi,2018-07-10,181,99.55,195.48,150.23,206.34,1.9,171.95,10,7,0,246.0
Delhi,2018-08-10,246,135.3,265.68,204.18,280.44,2.58,233.7,10,8,0,251.0
Delhi,2018-09-10,251,138.05,271.08,208.33,286.14,2.64,238.45,10,9,0,241.0
Delhi,2018-10-10,241,132.55,260.28,200.03,274.74,2.53,228.95,10,10,0,210.0
Delhi,2018-11-10,210,115.5,226.8,174.3,239.4,2.21,199.5,10,11,1,154.0
Delhi,2018-12-10,154,84.7,166.32,127.82,175.56,1.62,146.3,10,12,0,393.0
Delhi,2018-01-11,393,216.15,424.44,326.19,448.02,4.13,373.35,11,1,0,370.0
Delhi,2018-02-11,370,203.5,399.6,307.1,421.8,3.89,351.5,11,2,1,340.0
Delhi,2018-03-11,340,187.0,367.2,282.2,387.6,3.57,323.0,11,3,1,171.0
Delhi,2018-04-11,171,94.05,184.68,141.93,194.94,1.8,162.45,11,4,0,426.0
Delhi,2018-05-11,426,234.3,460.08,353.58,485.64,4.47,404.7,11,5,0,338.0
Delhi,2018-06-11,338,185.9,365.04,280.54,385.32,3.55,321.1,11,6,0,281.0
Delhi,2018-07-11,281,154.55,303.48,233.23,320.34,2.95,266.95,11,7,0,390.0
Delhi,2018-08-11,390,214.5,421.2,323.7,444.6,4.1,370.5,11,8,1,423.0
Delhi,2018-09-11,423,232.65,456.84,351.09,482.22,4.44,401.85,11,9,0,401.0
Delhi,2018-10-11,401,220.55,433.08,332.83,457.14,4.21,380.95,11,10,0,405.0
Delhi,2018-11-11,405,222.75,437.4,336.15,461.7,4.25,384.75,11,11,1,399.0
Delhi,2018-12-11,399,219.45,430.92,331.17,454.86,4.19,379.05,11,12,0,306.0
Delhi,2018-01-12,306,168.3,330.48,253.98,348.84,3.21,290.7,12,1,0,297.0
Delhi,2018-02-12,297,163.35,320.76,246.51,338.58,3.12,282.15,12,2,0,328.0
Delhi,2018-03-12,328,180.4,354.24,272.24,373.92,3.44,311.6,12,3,0,356.0
Delhi,2018-04-12,356,195.8,384.48,295.48,405.84,3.74,338.2,12,4,0,331.0
Delhi,2018-05-12,331,182.05,357.48,274.73,377.34,3.48,314.45,12,5,1,349.0
Delhi,2018-06-12,349,191.95,376.92,289.67,397.86,3.66,331.55,12,6,0,348.0
Delhi,2018-07-12,348,191.4,375.84,288.84,396.72,3.65,330.6,12,7,0,347.0
Delhi,2018-08-12,347,190.85,374.76,288.01,395.58,3.64,329.65,12,8,1,374.0
Delhi,2018-09-12,374,205.7,403.92,310.42,426.36,3.93,355.3,12,9,0,403.0
Delhi,2018-10-12,403,221.65,435.24,334.49,459.42,4.23,382.85,12,10,0,413.0
Delhi,2018-11-12,413,227.15,446.04,342.79,470.82,4.34,392.35,12,11,0,392.0
Delhi,2018-12-12,392,215.6,423.36,325.36,446.88,4.12,372.4,12,12,0,393.0
Delhi,2019-01-01,393,216.15,424.44,326.19,448.02,4.13,373.35,1,1,0,430.0
Delhi,2019-02-01,430,236.5,464.4,356.9,490.2,4.52,408.5,1,2,0,444.0
Delhi,2019-03-01,444,244.2,479.52,368.52,506.16,4.66,421.8,1,3,0,386.0
Delhi,2019-04-01,386,212.3,416.88,320.38,440.04,4.05,366.7,1,4,0,407.0
Delhi,2019-05-01,407,223.85,439.56,337.81,463.98,4.27,386.65,1,5,0,336.0
Delhi,2019-06-01,336,184.8,362.88,278.88,383.04,3.53,319.2,1,6,1,333.0
Delhi,2019-07-01,333,183.15,359.64,276.39,379.62,3.5,316.35,1,7,0,320.0
Delhi,2019-08-01,320,176.0,345.6,265.6,364.8,3.36,304.0,1,8,0,288.0
Delhi,2019-09-01,288,158.4,311.04,239.04,328.32,3.02,273.6,1,9,1,292.0
Delhi,2019-10-01,292,160.6,315.36,242.36,332.88,3.07,277.4,1,10,0,371.0
Delhi,2019-11-01,371,204.05,400.68,307.93,422.94,3.9,352.45,1,11,0,423.0
Delhi,2019-12-01,423,232.65,456.84,351.09,482.22,4.44,401.85,1,12,1,306.0
Delhi,2019-01-02,306,168.3,330.48,253.98,348.84,3.21,290.7,2,1,0,332.0
Delhi,2019-02-02,332,182.6,358.56,275.56,378.48,3.49,315.4,2,2,1,289.0
Delhi,2019-03-02,289,158.95,312.12,239.87,329.46,3.03,274.55,2,3,1,288.0
Delhi,2019-04-02,288,158.4,311.04,239.04,328.32,3.02,273.6,2,4,0,382.0
Delhi,2019-05-02,382,210.1,412.56,317.06,435.48,4.01,362.9,2,5,0,352.0
Delhi,2019-06-02,352,193.6,380.16,292.16,401.28,3.7,334.4,2,6,1,176.0
Delhi,2019-07-02,176,96.8,190.08,146.08,200.64,1.85,167.2,2,7,0,144.0
Delhi,2019-08-02,144,79.2,155.52,119.52,164.16,1.51,136.8,2,8,0,158.0
Delhi,2019-09-02,158,86.9,170.64,131.14,180.12,1.66,150.1,2,9,0,276.0
Delhi,2019-10-02,276,151.8,298.08,229.08,314.64,2.9,262.2,2,10,0,309.0
Delhi,2019-11-02,309,169.95,333.72,256.47,352.26,3.24,293.55,2,11,1,342.0
Delhi,2019-12-02,342,188.1,369.36,283.86,389.88,3.59,324.9,2,12,0,225.0
Delhi,2019-01-03,225,123.75,243.0,186.75,256.5,2.36,213.75,3,1,0,217.0
Delhi,2019-02-03,217,119.35,234.36,180.11,247.38,2.28,206.15,3,2,1,117.0
Delhi,2019-03-03,117,64.35,126.36,97.11,133.38,1.23,111.15,3,3,1,234.0
Delhi,2019-04-03,234,128.7,252.72,194.22,266.76,2.46,222.3,3,4,0,140.0
Delhi,2019-05-03,140,77.0,151.2,116.2,159.6,1.47,133.0,3,5,0,186.0
Delhi,2019-06-03,186,102.3,200.88,154.38,212.04,1.95,176.7,3,6,0,217.0
Delhi,2019-07-03,217,119.35,234.36,180.11,247.38,2.28,206.15,3,7,0,197.0
Delhi,2019-08-03,197,108.35,212.76,163.51,224.58,2.07,187.15,3,8,1,187.0
Delhi,2019-09-03,187,102.85,201.96,155.21,213.18,1.96,177.65,3,9,0,160.0
Delhi,2019-10-03,160,88.0,172.8,132.8,182.4,1.68,152.0,3,10,0,187.0
Delhi,2019-11-03,187,102.85,201.96,155.21,213.18,1.96,177.65,3,11,1,134.0
Delhi,2019-12-03,134,73.7,144.72,111.22,152.76,1.41,127.3,3,12,0,151.0
Delhi,2019-01-04,151,83.05,163.08,125.33,172.14,1.59,143.45,4,1,0,198.0
Delhi,2019-02-04,198,108.9,213.84,164.34,225.72,2.08,188.1,4,2,0,187.0
Delhi,2019-03-04,187,102.85,201.96,155.21,213.18,1.96,177.65,4,3,0,254.0
Delhi,2019-04-04,254,139.7,274.32,210.82,289.56,2.67,241.3,4,4,0,264.0
Delhi,2019-05-04,264,145.2,285.12,219.12,300.96,2.77,250.8,4,5,1,266.0
Delhi,2019-06-04,266,146.3,287.28,220.78,303.24,2.79,252.7,4,6,0,302.0
Delhi,2019-07-04,302,166.1,326.16,250.66,344.28,3.17,286.9,4,7,0,264.0
Delhi,2019-08-04,264,145.2,285.12,219.12,300.96,2.77,250.8,4,8,1,204.0
Delhi,2019-09-04,204,112.2,220.32,169.32,232.56,2.14,193.8,4,9,0,238.0
Delhi,2019-10-04,238,130.9,257.04,197.54,271.32,2.5,226.1,4,10,0,183.0
Delhi,2019-11-04,183,100.65,197.64,151.89,208.62,1.92,173.85,4,11,0,212.0
Delhi,2019-12-04,212,116.6,228.96,175.96,241.68,2.23,201.4,4,12,0,295.0
Delhi,2019-01-05,295,162.25,318.6,244.85,336.3,3.1,280.25,5,1,1,257.0
Delhi,2019-02-05,257,141.35,277.56,213.31,292.98,2.7,244.15,5,2,0,183.0
Delhi,2019-03-05,183,100.65,197.64,151.89,208.62,1.92,173.85,5,3,0,182.0
Delhi,2019-04-05,182,100.1,196.56,151.06,207.48,1.91,172.9,5,4,0,227.0
Delhi,2019-05-05,227,124.85,245.16,188.41,258.78,2.38,215.65,5,5,1,249.0
Delhi,2019-06-05,249,136.95,268.92,206.67,283.86,2.61,236.55,5,6,0,294.0
Delhi,2019-07-05,294,161.7,317.52,244.02,335.16,3.09,279.3,5,7,0,357.0
Delhi,2019-08-05,357,196.35,385.56,296.31,406.98,3.75,339.15,5,8,0,347.0
Delhi,2019-09-05,347,190.85,374.76,288.01,395.58,3.64,329.65,5,9,0,277.0
Delhi,2019-10-05,277,152.35,299.16,229.91,315.78,2.91,263.15,5,10,1,251.0
Delhi,2019-11-05,251,138.05,271.08,208.33,286.14,2.64,238.45,5,11,0,334.0
Delhi,2019-12-05,334,183.7,360.72,277.22,380.76,3.51,317.3,5,12,0,264.0
Delhi,2019-01-06,264,145.2,285.12,219.12,300.96,2.77,250.8,6,1,1,201.0
Delhi,2019-02-06,201,110.55,217.08,166.83,229.14,2.11,190.95,6,2,0,261.0
Delhi,2019-03-06,261,143.55,281.88,216.63,297.54,2.74,247.95,6,3,0,169.0
Delhi,2019-04-06,169,92.95,182.52,140.27,192.66,1.77,160.55,6,4,1,192.0
Delhi,2019-05-06,192,105.6,207.36,159.36,218.88,2.02,182.4,6,5,0,206.0
Delhi,2019-06-06,206,113.3,222.48,170.98,234.84,2.16,195.7,6,6,0,173.0
Delhi,2019-07-06,173,95.15,186.84,143.59,197.22,1.82,164.35,6,7,1,181.0
Delhi,2019-08-06,181,99.55,195.48,150.23,206.34,1.9,171.95,6,8,0,239.0
Delhi,2019-09-06,239,131.45,258.12,198.37,272.46,2.51,227.05,6,9,0,207.0
Delhi,2019-10-06,207,113.85,223.56,171.81,235.98,2.17,196.65,6,10,1,307.0
Delhi,2019-11-06,307,168.85,331.56,254.81,349.98,3.22,291.65,6,11,0,233.0
Delhi,2019-12-06,233,128.15,251.64,193.39,265.62,2.45,221.35,6,12,0,183.0
Delhi,2019-01-07,183,100.65,197.64,151.89,208.62,1.92,173.85,7,1,0,218.0
Delhi,2019-02-07,218,119.9,235.44,180.94,248.52,2.29,207.1,7,2,0,136.0
Delhi,2019-03-07,136,74.8,146.88,112.88,155.04,1.43,129.2,7,3,0,103.0
Delhi,2019-04-07,103,56.65,111.24,85.49,117.42,1.08,97.85,7,4,1,106.0
Delhi,2019-05-07,106,58.3,114.48,87.98,120.84,1.11,100.7,7,5,0,88.0
Delhi,2019-06-07,88,48.4,95.04,73.04,100.32,0.92,83.6,7,6,0,91.0
Delhi,2019-07-07,91,50.05,98.28,75.53,103.74,0.96,86.45,7,7,1,127.0
Delhi,2019-08-07,127,69.85,137.16,105.41,144.78,1.33,120.65,7,8,0,126.0
Delhi,2019-09-07,126,69.3,136.08,104.58,143.64,1.32,119.7,7,9,1,148.0
Delhi,2019-10-07,148,81.4,159.84,122.84,168.72,1.55,140.6,7,10,0,317.0
Delhi,2019-11-07,317,174.35,342.36,263.11,361.38,3.33,301.15,7,11,0,272.0
Delhi,2019-12-07,272,149.6,293.76,225.76,310.08,2.86,258.4,7,12,1,89.0
Delhi,2019-01-08,89,48.95,96.12,73.87,101.46,0.93,84.55,8,1,0,84.0
Delhi,2019-02-08,84,46.2,90.72,69.72,95.76,0.88,79.8,8,2,0,89.0
Delhi,2019-03-08,89,48.95,96.12,73.87,101.46,0.93,84.55,8,3,0,87.0
Delhi,2019-04-08,87,47.85,93.96,72.21,99.18,0.91,82.65,8,4,0,105.0
Delhi,2019-05-08,105,57.75,113.4,87.15,119.7,1.1,99.75,8,5,0,76.0
Delhi,2019-06-08,76,41.8,82.08,63.08,86.64,0.8,72.2,8,6,1,75.0
Delhi,2019-07-08,75,41.25,81.0,62.25,85.5,0.79,71.25,8,7,0,79.0
Delhi,2019-08-08,79,43.45,85.32,65.57,90.06,0.83,75.05,8,8,0,75.0
Delhi,2019-09-08,75,41.25,81.0,62.25,85.5,0.79,71.25,8,9,1,59.0
Delhi,2019-10-08,59,32.45,63.72,48.97,67.26,0.62,56.05,8,10,0,68.0
Delhi,2019-11-08,68,37.4,73.44,56.44,77.52,0.71,64.6,8,11,0,57.0
Delhi,2019-12-08,57,31.35,61.56,47.31,64.98,0.6,54.15,8,12,1,108.0
Delhi,2019-01-09,108,59.4,116.64,89.64,123.12,1.13,102.6,9,1,0,96.0
Delhi,2019-02-09,96,52.8,103.68,79.68,109.44,1.01,91.2,9,2,1,141.0
Delhi,2019-03-09,141,77.55,152.28,117.03,160.74,1.48,133.95,9,3,1,173.0
Delhi,2019-04-09,173,95.15,186.84,143.59,197.22,1.82,164.35,9,4,0,95.0
Delhi,2019-05-09,95,52.25,102.6,78.85,108.3,1.0,90.25,9,5,0,90.0
Delhi,2019-06-09,90,49.5,97.2,74.7,102.6,0.95,85.5,9,6,1,82.0
Delhi,2019-07-09,82,45.1,88.56,68.06,93.48,0.86,77.9,9,7,0,77.0
Delhi,2019-08-09,77,42.35,83.16,63.91,87.78,0.81,73.15,9,8,0,108.0
Delhi,2019-09-09,108,59.4,116.64,89.64,123.12,1.13,102.6,9,9,0,137.0
Delhi,2019-10-09,137,75.35,147.96,113.71,156.18,1.44,130.15,9,10,0,168.0
Delhi,2019-11-09,168,92.4,181.44,139.44,191.52,1.76,159.6,9,11,1,151.0
Delhi,2019-12-09,151,83.05,163.08,125.33,172.14,1.59,143.45,9,12,0,93.0
Delhi,2019-01-10,93,51.15,100.44,77.19,106.02,0.98,88.35,10,1,0,90.0
Delhi,2019-02-10,90,49.5,97.2,74.7,102.6,0.95,85.5,10,2,1,136.0
Delhi,2019-03-10,136,74.8,146.88,112.88,155.04,1.43,129.2,10,3,1,100.0
Delhi,2019-04-10,100,55.0,108.0,83.0,114.0,1.05,95.0,10,4,0,98.0
Delhi,2019-05-10,98,53.9,105.84,81.34,111.72,1.03,93.1,10,5,0,127.0
Delhi,2019-06-10,127,69.85,137.16,105.41,144.78,1.33,120.65,10,6,0,130.0
Delhi,2019-07-10,130,71.5,140.4,107.9,148.2,1.37,123.5,10,7,0,112.0
Delhi,2019-08-10,112,61.6,120.96,92.96,127.68,1.18,106.4,10,8,1,173.0
Delhi,2019-09-10,173,95.15,186.84,143.59,197.22,1.82,164.35,10,9,0,211.0
Delhi,2019-10-10,211,116.05,227.88,175.13,240.54,2.22,200.45,10,10,0,216.0
Delhi,2019-11-10,216,118.8,233.28,179.28,246.24,2.27,205.2,10,11,1,222.0
Delhi,2019-12-10,222,122.1,239.76,184.26,253.08,2.33,210.9,10,12,0,484.0
Delhi,2019-01-11,484,266.2,522.72,401.72,551.76,5.08,459.8,11,1,0,399.0
Delhi,2019-02-11,399,219.45,430.92,331.17,454.86,4.19,379.05,11,2,0,494.0
Delhi,2019-03-11,494,271.7,533.52,410.02,563.16,5.19,469.3,11,3,0,407.0
Delhi,2019-04-11,407,223.85,439.56,337.81,463.98,4.27,386.65,11,4,0,324.0
Delhi,2019-05-11,324,178.2,349.92,268.92,369.36,3.4,307.8,11,5,1,214.0
Delhi,2019-06-11,214,117.7,231.12,177.62,243.96,2.25,203.3,11,6,0,309.0
Delhi,2019-07-11,309,169.95,333.72,256.47,352.26,3.24,293.55,11,7,0,330.0
Delhi,2019-08-11,330,181.5,356.4,273.9,376.2,3.47,313.5,11,8,1,283.0
Delhi,2019-09-11,283,155.65,305.64,234.89,322.62,2.97,268.85,11,9,0,321.0
Delhi,2019-10-11,321,176.55,346.68,266.43,365.94,3.37,304.95,11,10,0,360.0
Delhi,2019-11-11,360,198.0,388.8,298.8,410.4,3.78,342.0,11,11,0,425.0
Delhi,2019-12-11,425,233.75,459.0,352.75,484.5,4.46,403.75,11,12,0,250.0
Delhi,2019-01-12,250,137.5,270.0,207.5,285.0,2.63,237.5,12,1,1,279.0
Delhi,2019-02-12,279,153.45,301.32,231.57,318.06,2.93,265.05,12,2,0,282.0
Delhi,2019-03-12,282,155.1,304.56,234.06,321.48,2.96,267.9,12,3,0,296.0
Delhi,2019-04-12,296,162.8,319.68,245.68,337.44,3.11,281.2,12,4,0,382.0
Delhi,2019-05-12,382,210.1,412.56,317.06,435.48,4.01,362.9,12,5,1,404.0
Delhi,2019-06-12,404,222.2,436.32,335.32,460.56,4.24,383.8,12,6,0,371.0
Delhi,2019-07-12,371,204.05,400.68,307.93,422.94,3.9,352.45,12,7,0,391.0
Delhi,2019-08-12,391,215.05,422.28,324.53,445.74,4.11,371.45,12,8,0,343.0
Delhi,2019-09-12,343,188.65,370.44,284.69,391.02,3.6,325.85,12,9,0,369.0
Delhi,2019-10-12,369,202.95,398.52,306.27,420.66,3.87,350.55,12,10,1,408.0
Delhi,2019-11-12,408,224.4,440.64,338.64,465.12,4.28,387.6,12,11,0,430.0
Delhi,2019-12-12,430,236.5,464.4,356.9,490.2,4.52,408.5,12,12,0,437.0
Delhi,2020-01-01,437,240.35,471.96,362.71,498.18,4.59,415.15,1,1,0,417.0
Delhi,2020-02-01,417,229.35,450.36,346.11,475.38,4.38,396.15,1,2,1,352.0
Delhi,2020-03-01,352,193.6,380.16,292.16,401.28,3.7,334.4,1,3,1,334.0
Delhi,2020-04-01,334,183.7,360.72,277.22,380.76,3.51,317.3,1,4,0,330.0
Delhi,2020-05-01,330,181.5,356.4,273.9,376.2,3.47,313.5,1,5,0,325.0
Delhi,2020-06-01,325,178.75,351.0,269.75,370.5,3.41,308.75,1,6,0,254.0
Delhi,2020-07-01,254,139.7,274.32,210.82,289.56,2.67,241.3,1,7,0,266.0
Delhi,2020-08-01,266,146.3,287.28,220.78,303.24,2.79,252.7,1,8,1,203.0
Delhi,2020-09-01,203,111.65,219.24,168.49,231.42,2.13,192.85,1,9,0,255.0
Delhi,2020-10-01,255,140.25,275.4,211.65,290.7,2.68,242.25,1,10,0,288.0
Delhi,2020-11-01,288,158.4,311.04,239.04,328.32,3.02,273.6,1,11,1,348.0
Delhi,2020-12-01,348,191.4,375.84,288.84,396.72,3.65,330.6,1,12,0,232.0
Delhi,2020-01-02,232,127.6,250.56,192.56,264.48,2.44,220.4,2,1,0,244.0
Delhi,2020-02-02,244,134.2,263.52,202.52,278.16,2.56,231.8,2,2,1,270.0
Delhi,2020-03-02,270,148.5,291.6,224.1,307.8,2.84,256.5,2,3,0,310.0
Delhi,2020-04-02,310,170.5,334.8,257.3,353.4,3.26,294.5,2,4,0,312.0
Delhi,2020-05-02,312,171.6,336.96,258.96,355.68,3.28,296.4,2,5,1,231.0
Delhi,2020-06-02,231,127.05,249.48,191.73,263.34,2.43,219.45,2,6,0,295.0
Delhi,2020-07-02,295,162.25,318.6,244.85,336.3,3.1,280.25,2,7,0,289.0
Delhi,2020-08-02,289,158.95,312.12,239.87,329.46,3.03,274.55,2,8,1,285.0
Delhi,2020-09-02,285,156.75,307.8,236.55,324.9,2.99,270.75,2,9,0,309.0
Delhi,2020-10-02,309,169.95,333.72,256.47,352.26,3.24,293.55,2,10,0,323.0
Delhi,2020-11-02,323,177.65,348.84,268.09,368.22,3.39,306.85,2,11,0,320.0
Delhi,2020-12-02,320,176.0,345.6,265.6,364.8,3.36,304.0,2,12,0,90.0
Delhi,2020-01-03,90,49.5,97.2,74.7,102.6,0.95,85.5,3,1,0,205.0
Delhi,2020-02-03,205,112.75,221.4,170.15,233.7,2.15,194.75,3,2,0,205.0
Delhi,2020-03-03,205,112.75,221.4,170.15,233.7,2.15,194.75,3,3,0,195.0
Delhi,2020-04-03,195,107.25,210.6,161.85,222.3,2.05,185.25,3,4,0,79.0
Delhi,2020-05-03,79,43.45,85.32,65.57,90.06,0.83,75.05,3,5,1,64.0
Delhi,2020-06-03,64,35.2,69.12,53.12,72.96,0.67,60.8,3,6,0,67.0
Delhi,2020-07-03,67,36.85,72.36,55.61,76.38,0.7,63.65,3,7,0,164.0
Delhi,2020-08-03,164,90.2,177.12,136.12,186.96,1.72,155.8,3,8,0,123.0
Delhi,2020-09-03,123,67.65,132.84,102.09,140.22,1.29,116.85,3,9,0,188.0
Delhi,2020-10-03,188,103.4,203.04,156.04,214.32,1.97,178.6,3,10,1,116.0
Delhi,2020-11-03,116,63.8,125.28,96.28,132.24,1.22,110.2,3,11,0,127.0
Delhi,2020-12-03,127,69.85,137.16,105.41,144.78,1.33,120.65,3,12,0,73.0
Delhi,2020-01-04,73,40.15,78.84,60.59,83.22,0.77,69.35,4,1,1,69.0
Delhi,2020-02-04,69,37.95,74.52,57.27,78.66,0.72,65.55,4,2,0,79.0
Delhi,2020-03-04,79,43.45,85.32,65.57,90.06,0.83,75.05,4,3,0,87.0
Delhi,2020-04-04,87,47.85,93.96,72.21,99.18,0.91,82.65,4,4,1,102.0
Delhi,2020-05-04,102,56.1,110.16,84.66,116.28,1.07,96.9,4,5,0,142.0
Delhi,2020-06-04,142,78.1,153.36,117.86,161.88,1.49,134.9,4,6,0,90.0
Delhi,2020-07-04,90,49.5,97.2,74.7,102.6,0.95,85.5,4,7,1,83.0
Delhi,2020-08-04,83,45.65,89.64,68.89,94.62,0.87,78.85,4,8,0,86.0
Delhi,2020-09-04,86,47.3,92.88,71.38,98.04,0.9,81.7,4,9,0,118.0
Delhi,2020-10-04,118,64.9,127.44,97.94,134.52,1.24,112.1,4,10,1,124.0
Delhi,2020-11-04,124,68.2,133.92,102.92,141.36,1.3,117.8,4,11,0,94.0
Delhi,2020-12-04,94,51.7,101.52,78.02,107.16,0.99,89.3,4,12,0,146.0
Delhi,2020-01-05,146,80.3,157.68,121.18,166.44,1.53,138.7,5,1,1,112.0
Delhi,2020-02-05,112,61.6,120.96,92.96,127.68,1.18,106.4,5,2,0,93.0
Delhi,2020-03-05,93,51.15,100.44,77.19,106.02,0.98,88.35,5,3,0,94.0
Delhi,2020-04-05,94,51.7,101.52,78.02,107.16,0.99,89.3,5,4,1,119.0
Delhi,2020-05-05,119,65.45,128.52,98.77,135.66,1.25,113.05,5,5,0,139.0
Delhi,2020-06-05,139,76.45,150.12,115.37,158.46,1.46,132.05,5,6,0,127.0
Delhi,2020-07-05,127,69.85,137.16,105.41,144.78,1.33,120.65,5,7,1,134.0
Delhi,2020-08-05,134,73.7,144.72,111.22,152.76,1.41,127.3,5,8,0,144.0
Delhi,2020-09-05,144,79.2,155.52,119.52,164.16,1.51,136.8,5,9,1,121.0
Delhi,2020-10-05,121,66.55,130.68,100.43,137.94,1.27,114.95,5,10,0,116.0
Delhi,2020-11-05,116,63.8,125.28,96.28,132.24,1.22,110.2,5,11,0,125.0
Delhi,2020-12-05,125,68.75,135.0,103.75,142.5,1.31,118.75,5,12,1,104.0
Delhi,2020-01-06,104,57.2,112.32,86.32,118.56,1.09,98.8,6,1,0,124.0
Delhi,2020-02-06,124,68.2,133.92,102.92,141.36,1.3,117.8,6,2,0,122.0
Delhi,2020-03-06,122,67.1,131.76,101.26,139.08,1.28,115.9,6,3,0,153.0
Delhi,2020-04-06,153,84.15,165.24,126.99,174.42,1.61,145.35,6,4,0,111.0
Delhi,2020-05-06,111,61.05,119.88,92.13,126.54,1.17,105.45,6,5,0,102.0
Delhi,2020-06-06,102,56.1,110.16,84.66,116.28,1.07,96.9,6,6,1,107.0
Delhi,2020-07-06,107,58.85,115.56,88.81,121.98,1.12,101.65,6,7,0,108.0
Delhi,2020-08-06,108,59.4,116.64,89.64,123.12,1.13,102.6,6,8,0,139.0
Delhi,2020-09-06,139,76.45,150.12,115.37,158.46,1.46,132.05,6,9,1,152.0
Delhi,2020-10-06,152,83.6,164.16,126.16,173.28,1.6,144.4,6,10,0,141.0
Delhi,2020-11-06,141,77.55,152.28,117.03,160.74,1.48,133.95,6,11,0,153.0
Delhi,2020-12-06,153,84.15,165.24,126.99,174.42,1.61,145.35,6,12,1,117.0
Delhi,2020-01-07,117,64.35,126.36,97.11,133.38,1.23,111.15,7,1,0,127.0
Delhi,2020-02-07,127,69.85,137.16,105.41,144.78,1.33,120.65,7,2,0,156.0
Delhi,2020-03-07,156,85.8,168.48,129.48,177.84,1.64,148.2,7,3,1,105.0
Delhi,2020-04-07,105,57.75,113.4,87.15,119.7,1.1,99.75,7,4,0,90.0
Delhi,2020-05-07,90,49.5,97.2,74.7,102.6,0.95,85.5,7,5,0,90.0
Delhi,2020-06-07,90,49.5,97.2,74.7,102.6,0.95,85.5,7,6,1,65.0
Delhi,2020-07-07,65,35.75,70.2,53.95,74.1,0.68,61.75,7,7,0,51.0
Delhi,2020-08-07,51,28.05,55.08,42.33,58.14,0.54,48.45,7,8,0,78.0
Delhi,2020-09-07,78,42.9,84.24,64.74,88.92,0.82,74.1,7,9,0,67.0
Delhi,2020-10-07,67,36.85,72.36,55.61,76.38,0.7,63.65,7,10,0,68.0
Delhi,2020-11-07,68,37.4,73.44,56.44,77.52,0.71,64.6,7,11,1,71.0
Delhi,2020-12-07,71,39.05,76.68,58.93,80.94,0.75,67.45,7,12,0,81.0
Delhi,2020-01-08,81,44.55,87.48,67.23,92.34,0.85,76.95,8,1,0,61.0
Delhi,2020-02-08,61,33.55,65.88,50.63,69.54,0.64,57.95,8,2,1,67.0
Delhi,2020-03-08,67,36.85,72.36,55.61,76.38,0.7,63.65,8,3,1,62.0
Delhi,2020-04-08,62,34.1,66.96,51.46,70.68,0.65,58.9,8,4,0,86.0
Delhi,2020-05-08,86,47.3,92.88,71.38,98.04,0.9,81.7,8,5,0,69.0
Delhi,2020-06-08,69,37.95,74.52,57.27,78.66,0.72,65.55,8,6,0,54.0
Delhi,2020-07-08,54,29.7,58.32,44.82,61.56,0.57,51.3,8,7,0,87.0
Delhi,2020-08-08,87,47.85,93.96,72.21,99.18,0.91,82.65,8,8,1,74.0
Delhi,2020-09-08,74,40.7,79.92,61.42,84.36,0.78,70.3,8,9,0,72.0
Delhi,2020-10-08,72,39.6,77.76,59.76,82.08,0.76,68.4,8,10,0,75.0
Delhi,2020-11-08,75,41.25,81.0,62.25,85.5,0.79,71.25,8,11,1,63.0
Delhi,2020-12-08,63,34.65,68.04,52.29,71.82,0.66,59.85,8,12,0,53.0
Delhi,2020-01-09,53,29.15,57.24,43.99,60.42,0.56,50.35,9,1,0,69.0
Delhi,2020-02-09,69,37.95,74.52,57.27,78.66,0.72,65.55,9,2,1,84.0
Delhi,2020-03-09,84,46.2,90.72,69.72,95.76,0.88,79.8,9,3,0,82.0
Delhi,2020-04-09,82,45.1,88.56,68.06,93.48,0.86,77.9,9,4,0,101.0
Delhi,2020-05-09,101,55.55,109.08,83.83,115.14,1.06,95.95,9,5,1,70.0
Delhi,2020-06-09,70,38.5,75.6,58.1,79.8,0.74,66.5,9,6,0,93.0
Delhi,2020-07-09,93,51.15,100.44,77.19,106.02,0.98,88.35,9,7,0,79.0
Delhi,2020-08-09,79,43.45,85.32,65.57,90.06,0.83,75.05,9,8,1,105.0
Delhi,2020-09-09,105,57.75,113.4,87.15,119.7,1.1,99.75,9,9,0,108.0
Delhi,2020-10-09,108,59.4,116.64,89.64,123.12,1.13,102.6,9,10,0,136.0
Delhi,2020-11-09,136,74.8,146.88,112.88,155.04,1.43,129.2,9,11,0,144.0
Delhi,2020-12-09,144,79.2,155.52,119.52,164.16,1.51,136.8,9,12,0,152.0
Delhi,2020-01-10,152,83.6,164.16,126.16,173.28,1.6,144.4,10,1,0,180.0
Delhi,2020-02-10,180,99.0,194.4,149.4,205.2,1.89,171.0,10,2,0,189.0
Delhi,2020-03-10,189,103.95,204.12,156.87,215.46,1.98,179.55,10,3,0,184.0
Delhi,2020-04-10,184,101.2,198.72,152.72,209.76,1.93,174.8,10,4,0,179.0
Delhi,2020-05-10,179,98.45,193.32,148.57,204.06,1.88,170.05,10,5,1,178.0
Delhi,2020-06-10,178,97.9,192.24,147.74,202.92,1.87,169.1,10,6,0,215.0
Delhi,2020-07-10,215,118.25,232.2,178.45,245.1,2.26,204.25,10,7,0,208.0
Delhi,2020-08-10,208,114.4,224.64,172.64,237.12,2.18,197.6,10,8,0,202.0
Delhi,2020-09-10,202,111.1,218.16,167.66,230.28,2.12,191.9,10,9,0,221.0
Delhi,2020-10-10,221,121.55,238.68,183.43,251.94,2.32,209.95,10,10,1,216.0
Delhi,2020-11-10,216,118.8,233.28,179.28,246.24,2.27,205.2,10,11,0,261.0
Delhi,2020-12-10,261,143.55,281.88,216.63,297.54,2.74,247.95,10,12,0,364.0
Delhi,2020-01-11,364,200.2,393.12,302.12,414.96,3.82,345.8,11,1,1,293.0
Delhi,2020-02-11,293,161.15,316.44,243.19,334.02,3.08,278.35,11,2,0,302.0
Delhi,2020-03-11,302,166.1,326.16,250.66,344.28,3.17,286.9,11,3,0,343.0
Delhi,2020-04-11,343,188.65,370.44,284.69,391.02,3.6,325.85,11,4,1,450.0
Delhi,2020-05-11,450,247.5,486.0,373.5,513.0,4.73,427.5,11,5,0,406.0
Delhi,2020-06-11,406,223.3,438.48,336.98,462.84,4.26,385.7,11,6,0,427.0
Delhi,2020-07-11,427,234.85,461.16,354.41,486.78,4.48,405.65,11,7,1,416.0
Delhi,2020-08-11,416,228.8,449.28,345.28,474.24,4.37,395.2,11,8,0,477.0
Delhi,2020-09-11,477,262.35,515.16,395.91,543.78,5.01,453.15,11,9,0,476.0
Delhi,2020-10-11,476,261.8,514.08,395.08,542.64,5.0,452.2,11,10,1,344.0
Delhi,2020-11-11,344,189.2,371.52,285.52,392.16,3.61,326.8,11,11,0,314.0
Delhi,2020-12-11,314,172.7,339.12,260.62,357.96,3.3,298.3,11,12,0,367.0
Delhi,2020-01-12,367,201.85,396.36,304.61,418.38,3.85,348.65,12,1,1,373.0
Delhi,2020-02-12,373,205.15,402.84,309.59,425.22,3.92,354.35,12,2,0,341.0
Delhi,2020-03-12,341,187.55,368.28,283.03,388.74,3.58,323.95,12,3,0,382.0
Delhi,2020-04-12,382,210.1,412.56,317.06,435.48,4.01,362.9,12,4,1,404.0
Delhi,2020-05-12,404,222.2,436.32,335.32,460.56,4.24,383.8,12,5,0,389.0
Delhi,2020-06-12,389,213.95,420.12,322.87,443.46,4.08,369.55,12,6,0,400.0
Delhi,2020-07-12,400,220.0,432.0,332.0,456.0,4.2,380.0,12,7,1,383.0
Delhi,2020-08-12,383,210.65,413.64,317.89,436.62,4.02,363.85,12,8,0,358.0
Delhi,2020-09-12,358,196.9,386.64,297.14,408.12,3.76,340.1,12,9,1,284.0
Delhi,2020-10-12,284,156.2,306.72,235.72,323.76,2.98,269.8,12,10,0,295.0
Delhi,2020-11-12,295,162.25,318.6,244.85,336.3,3.1,280.25,12,11,0,356.0
Delhi,2020-12-12,356,195.8,384.48,295.48,405.84,3.74,338.2,12,12,1,441.0
Delhi,2021-01-01,441,242.55,476.28,366.03,502.74,4.63,418.95,1,1,0,443.0
Delhi,2021-02-01,443,243.65,478.44,367.69,505.02,4.65,420.85,1,2,0,354.0
Delhi,2021-03-01,354,194.7,382.32,293.82,403.56,3.72,336.3,1,3,0,151.0
Delhi,2021-04-01,151,83.05,163.08,125.33,172.14,1.59,143.45,1,4,0,140.0
Delhi,2021-05-01,140,77.0,151.2,116.2,159.6,1.47,133.0,1,5,1,226.0
Delhi,2021-06-01,226,124.3,244.08,187.58,257.64,2.37,214.7,1,6,0,255.0
Delhi,2021-07-01,255,140.25,275.4,211.65,290.7,2.68,242.25,1,7,0,234.0
Delhi,2021-08-01,234,128.7,252.72,194.22,266.76,2.46,222.3,1,8,1,301.0
Delhi,2021-09-01,301,165.55,325.08,249.83,343.14,3.16,285.95,1,9,0,245.0
Delhi,2021-10-01,245,134.75,264.6,203.35,279.3,2.57,232.75,1,10,0,243.0
Delhi,2021-11-01,243,133.65,262.44,201.69,277.02,2.55,230.85,1,11,0,293.0
Delhi,2021-12-01,293,161.15,316.44,243.19,334.02,3.08,278.35,1,12,0,352.0
Delhi,2021-01-02,352,193.6,380.16,292.16,401.28,3.7,334.4,2,1,1,364.0
Delhi,2021-02-02,364,200.2,393.12,302.12,414.96,3.82,345.8,2,2,0,330.0
Delhi,2021-03-02,330,181.5,356.4,273.9,376.2,3.47,313.5,2,3,0,316.0
Delhi,2021-04-02,316,173.8,341.28,262.28,360.24,3.32,300.2,2,4,0,133.0
Delhi,2021-05-02,133,73.15,143.64,110.39,151.62,1.4,126.35,2,5,1,199.0
Delhi,2021-06-02,199,109.45,214.92,165.17,226.86,2.09,189.05,2,6,0,232.0
Delhi,2021-07-02,232,127.6,250.56,192.56,264.48,2.44,220.4,2,7,0,303.0
Delhi,2021-08-02,303,166.65,327.24,251.49,345.42,3.18,287.85,2,8,0,305.0
Delhi,2021-09-02,305,167.75,329.4,253.15,347.7,3.2,289.75,2,9,0,291.0
Delhi,2021-10-02,291,160.05,314.28,241.53,331.74,3.06,276.45,2,10,1,330.0
Delhi,2021-11-02,330,181.5,356.4,273.9,376.2,3.47,313.5,2,11,0,341.0
Delhi,2021-12-02,341,187.55,368.28,283.03,388.74,3.58,323.95,2,12,0,177.0
Delhi,2021-01-03,177,97.35,191.16,146.91,201.78,1.86,168.15,3,1,1,175.0
Delhi,2021-02-03,175,96.25,189.0,145.25,199.5,1.84,166.25,3,2,0,188.0
Delhi,2021-03-03,188,103.4,203.04,156.04,214.32,1.97,178.6,3,3,0,278.0
Delhi,2021-04-03,278,152.9,300.24,230.74,316.92,2.92,264.1,3,4,1,255.0
Delhi,2021-05-03,255,140.25,275.4,211.65,290.7,2.68,242.25,3,5,0,204.0
Delhi,2021-06-03,204,112.2,220.32,169.32,232.56,2.14,193.8,3,6,0,256.0
Delhi,2021-07-03,256,140.8,276.48,212.48,291.84,2.69,243.2,3,7,1,207.0
Delhi,2021-08-03,207,113.85,223.56,171.81,235.98,2.17,196.65,3,8,0,283.0
Delhi,2021-09-03,283,155.65,305.64,234.89,322.62,2.97,268.85,3,9,0,175.0
Delhi,2021-10-03,175,96.25,189.0,145.25,199.5,1.84,166.25,3,10,1,242.0
Delhi,2021-11-03,242,133.1,261.36,200.86,275.88,2.54,229.9,3,11,0,218.0
Delhi,2021-12-03,218,119.9,235.44,180.94,248.52,2.29,207.1,3,12,0,182.0
Delhi,2021-01-04,182,100.1,196.56,151.06,207.48,1.91,172.9,4,1,0,176.0
Delhi,2021-02-04,176,96.8,190.08,146.08,200.64,1.85,167.2,4,2,0,159.0
Delhi,2021-03-04,159,87.45,171.72,131.97,181.26,1.67,151.05,4,3,0,171.0
Delhi,2021-04-04,171,94.05,184.68,141.93,194.94,1.8,162.45,4,4,1,205.0
Delhi,2021-05-04,205,112.75,221.4,170.15,233.7,2.15,194.75,4,5,0,279.0
Delhi,2021-06-04,279,153.45,301.32,231.57,318.06,2.93,265.05,4,6,0,250.0
Delhi,2021-07-04,250,137.5,270.0,207.5,285.0,2.63,237.5,4,7,1,153.0
Delhi,2021-08-04,153,84.15,165.24,126.99,174.42,1.61,145.35,4,8,0,170.0
Delhi,2021-09-04,170,93.5,183.6,141.1,193.8,1.79,161.5,4,9,1,181.0
Delhi,2021-10-04,181,99.55,195.48,150.23,206.34,1.9,171.95,4,10,0,186.0
Delhi,2021-11-04,186,102.3,200.88,154.38,212.04,1.95,176.7,4,11,0,241.0
Delhi,2021-12-04,241,132.55,260.28,200.03,274.74,2.53,228.95,4,12,1,238.0
Delhi,2021-01-05,238,130.9,257.04,197.54,271.32,2.5,226.1,5,1,0,174.0
Delhi,2021-02-05,174,95.7,187.92,144.42,198.36,1.83,165.3,5,2,0,245.0
Delhi,2021-03-05,245,134.75,264.6,203.35,279.3,2.57,232.75,5,3,0,173.0
Delhi,2021-04-05,173,95.15,186.84,143.59,197.22,1.82,164.35,5,4,0,175.0
Delhi,2021-05-05,175,96.25,189.0,145.25,199.5,1.84,166.25,5,5,0,156.0
Delhi,2021-06-05,156,85.8,168.48,129.48,177.84,1.64,148.2,5,6,1,142.0
Delhi,2021-07-05,142,78.1,153.36,117.86,161.88,1.49,134.9,5,7,0,173.0
Delhi,2021-08-05,173,95.15,186.84,143.59,197.22,1.82,164.35,5,8,0,166.0
Delhi,2021-09-05,166,91.3,179.28,137.78,189.24,1.74,157.7,5,9,1,136.0
Delhi,2021-10-05,136,74.8,146.88,112.88,155.04,1.43,129.2,5,10,0,151.0
Delhi,2021-11-05,151,83.05,163.08,125.33,172.14,1.59,143.45,5,11,0,115.0
Delhi,2021-12-05,115,63.25,124.2,95.45,131.1,1.21,109.25,5,12,1,115.0
Delhi,2021-01-06,115,63.25,124.2,95.45,131.1,1.21,109.25,6,1,0,143.0
Delhi,2021-02-06,143,78.65,154.44,118.69,163.02,1.5,135.85,6,2,1,159.0
Delhi,2021-03-06,159,87.45,171.72,131.97,181.26,1.67,151.05,6,3,1,196.0
Delhi,2021-04-06,196,107.8,211.68,162.68,223.44,2.06,186.2,6,4,0,124.0
Delhi,2021-05-06,124,68.2,133.92,102.92,141.36,1.3,117.8,6,5,0,134.0
Delhi,2021-06-06,134,73.7,144.72,111.22,152.76,1.41,127.3,6,6,1,180.0
Delhi,2021-07-06,180,99.0,194.4,149.4,205.2,1.89,171.0,6,7,0,205.0
Delhi,2021-08-06,205,112.75,221.4,170.15,233.7,2.15,194.75,6,8,0,305.0
Delhi,2021-09-06,305,167.75,329.4,253.15,347.7,3.2,289.75,6,9,0,221.0
Delhi,2021-10-06,221,121.55,238.68,183.43,251.94,2.32,209.95,6,10,0,145.0
Delhi,2021-11-06,145,79.75,156.6,120.35,165.3,1.52,137.75,6,11,1,133.0
Delhi,2021-12-06,133,73.15,143.64,110.39,151.62,1.4,126.35,6,12,0,266.0
Delhi,2021-01-07,266,146.3,287.28,220.78,303.24,2.79,252.7,7,1,0,245.0
Delhi,2021-02-07,245,134.75,264.6,203.35,279.3,2.57,232.75,7,2,1,139.0
Delhi,2021-03-07,139,76.45,150.12,115.37,158.46,1.46,132.05,7,3,1,140.0
Delhi,2021-04-07,140,77.0,151.2,116.2,159.6,1.47,133.0,7,4,0,149.0
Delhi,2021-05-07,149,81.95,160.92,123.67,169.86,1.56,141.55,7,5,0,144.0
Delhi,2021-06-07,144,79.2,155.52,119.52,164.16,1.51,136.8,7,6,0,178.0
Delhi,2021-07-07,178,97.9,192.24,147.74,202.92,1.87,169.1,7,7,0,164.0
Delhi,2021-08-07,164,90.2,177.12,136.12,186.96,1.72,155.8,7,8,1,144.0
Delhi,2021-09-07,144,79.2,155.52,119.52,164.16,1.51,136.8,7,9,0,97.0
Delhi,2021-10-07,97,53.35,104.76,80.51,110.58,1.02,92.15,7,10,0,94.0
Delhi,2021-11-07,94,51.7,101.52,78.02,107.16,0.99,89.3,7,11,1,90.0
Delhi,2021-12-07,90,49.5,97.2,74.7,102.6,0.95,85.5,7,12,0,81.0
Delhi,2021-01-08,81,44.55,87.48,67.23,92.34,0.85,76.95,8,1,0,95.0
Delhi,2021-02-08,95,52.25,102.6,78.85,108.3,1.0,90.25,8,2,0,71.0
Delhi,2021-03-08,71,39.05,76.68,58.93,80.94,0.75,67.45,8,3,0,69.0
Delhi,2021-04-08,69,37.95,74.52,57.27,78.66,0.72,65.55,8,4,0,99.0
Delhi,2021-05-08,99,54.45,106.92,82.17,112.86,1.04,94.05,8,5,1,104.0
Delhi,2021-06-08,104,57.2,112.32,86.32,118.56,1.09,98.8,8,6,0,101.0
Delhi,2021-07-08,101,55.55,109.08,83.83,115.14,1.06,95.95,8,7,0,109.0
Delhi,2021-08-08,109,59.95,117.72,90.47,124.26,1.14,103.55,8,8,1,101.0
Delhi,2021-09-08,101,55.55,109.08,83.83,115.14,1.06,95.95,8,9,0,101.0
Delhi,2021-10-08,101,55.55,109.08,83.83,115.14,1.06,95.95,8,10,0,122.0
Delhi,2021-11-08,122,67.1,131.76,101.26,139.08,1.28,115.9,8,11,0,114.0
Delhi,2021-12-08,114,62.7,123.12,94.62,129.96,1.2,108.3,8,12,0,64.0
Delhi,2021-01-09,64,35.2,69.12,53.12,72.96,0.67,60.8,9,1,1,64.0
Delhi,2021-02-09,64,35.2,69.12,53.12,72.96,0.67,60.8,9,2,0,70.0
Delhi,2021-03-09,70,38.5,75.6,58.1,79.8,0.74,66.5,9,3,0,68.0
Delhi,2021-04-09,68,37.4,73.44,56.44,77.52,0.71,64.6,9,4,0,88.0
Delhi,2021-05-09,88,48.4,95.04,73.04,100.32,0.92,83.6,9,5,1,122.0
Delhi,2021-06-09,122,67.1,131.76,101.26,139.08,1.28,115.9,9,6,0,98.0
Delhi,2021-07-09,98,53.9,105.84,81.34,111.72,1.03,93.1,9,7,0,70.0
Delhi,2021-08-09,70,38.5,75.6,58.1,79.8,0.74,66.5,9,8,0,75.0
Delhi,2021-09-09,75,41.25,81.0,62.25,85.5,0.79,71.25,9,9,0,79.0
Delhi,2021-10-09,79,43.45,85.32,65.57,90.06,0.83,75.05,9,10,1,61.0
Delhi,2021-11-09,61,33.55,65.88,50.63,69.54,0.64,57.95,9,11,0,60.0
Delhi,2021-12-09,60,33.0,64.8,49.8,68.4,0.63,57.0,9,12,0,108.0
Delhi,2021-01-10,108,59.4,116.64,89.64,123.12,1.13,102.6,10,1,1,125.0
Delhi,2021-02-10,125,68.75,135.0,103.75,142.5,1.31,118.75,10,2,0,105.0
Delhi,2021-03-10,105,57.75,113.4,87.15,119.7,1.1,99.75,10,3,0,91.0
Delhi,2021-04-10,91,50.05,98.28,75.53,103.74,0.96,86.45,10,4,1,115.0
Delhi,2021-05-10,115,63.25,124.2,95.45,131.1,1.21,109.25,10,5,0,114.0
Delhi,2021-06-10,114,62.7,123.12,94.62,129.96,1.2,108.3,10,6,0,127.0
Delhi,2021-07-10,127,69.85,137.16,105.41,144.78,1.33,120.65,10,7,1,167.0
Delhi,2021-08-10,167,91.85,180.36,138.61,190.38,1.75,158.65,10,8,0,171.0
Delhi,2021-09-10,171,94.05,184.68,141.93,194.94,1.8,162.45,10,9,0,168.0
Delhi,2021-10-10,168,92.4,181.44,139.44,191.52,1.76,159.6,10,10,1,166.0
Delhi,2021-11-10,166,91.3,179.28,137.78,189.24,1.74,157.7,10,11,0,179.0
Delhi,2021-12-10,179,98.45,193.32,148.57,204.06,1.88,170.05,10,12,0,281.0
Delhi,2021-01-11,281,154.55,303.48,233.23,320.34,2.95,266.95,11,1,0,303.0
Delhi,2021-02-11,303,166.65,327.24,251.49,345.42,3.18,287.85,11,2,0,314.0
Delhi,2021-03-11,314,172.7,339.12,260.62,357.96,3.3,298.3,11,3,0,382.0
Delhi,2021-04-11,382,210.1,412.56,317.06,435.48,4.01,362.9,11,4,1,462.0
Delhi,2021-05-11,462,254.1,498.96,383.46,526.68,4.85,438.9,11,5,0,437.0
Delhi,2021-06-11,437,240.35,471.96,362.71,498.18,4.59,415.15,11,6,0,428.0
Delhi,2021-07-11,428,235.4,462.24,355.24,487.92,4.49,406.6,11,7,1,390.0
Delhi,2021-08-11,390,214.5,421.2,323.7,444.6,4.1,370.5,11,8,0,404.0
Delhi,2021-09-11,404,222.2,436.32,335.32,460.56,4.24,383.8,11,9,1,372.0
Delhi,2021-10-11,372,204.6,401.76,308.76,424.08,3.91,353.4,11,10,0,411.0
Delhi,2021-11-11,411,226.05,443.88,341.13,468.54,4.32,390.45,11,11,0,471.0
Delhi,2021-12-11,471,259.05,508.68,390.93,536.94,4.95,447.45,11,12,1,370.0
Delhi,2021-01-12,370,203.5,399.6,307.1,421.8,3.89,351.5,12,1,0,429.0
Delhi,2021-02-12,429,235.95,463.32,356.07,489.06,4.5,407.55,12,2,0,346.0
Delhi,2021-03-12,346,190.3,373.68,287.18,394.44,3.63,328.7,12,3,0,362.0
Delhi,2021-04-12,362,199.1,390.96,300.46,412.68,3.8,343.9,12,4,0,305.0
Delhi,2021-05-12,305,167.75,329.4,253.15,347.7,3.2,289.75,12,5,0,322.0
Delhi,2021-06-12,322,177.1,347.76,267.26,367.08,3.38,305.9,12,6,1,255.0
Delhi,2021-07-12,255,140.25,275.4,211.65,290.7,2.68,242.25,12,7,0,237.0
Delhi,2021-08-12,237,130.35,255.96,196.71,270.18,2.49,225.15,12,8,0,289.0
Delhi,2021-09-12,289,158.95,312.12,239.87,329.46,3.03,274.55,12,9,1,314.0
Delhi,2021-10-12,314,172.7,339.12,260.62,357.96,3.3,298.3,12,10,0,281.0
Delhi,2021-11-12,281,154.55,303.48,233.23,320.34,2.95,266.95,12,11,0,254.0
Delhi,2021-12-12,254,139.7,274.32,210.82,289.56,2.67,241.3,12,12,1,402.0
Delhi,2022-01-01,402,221.1,434.16,333.66,458.28,4.22,381.9,1,1,1,437.0
Delhi,2022-02-01,437,240.35,471.96,362.71,498.18,4.59,415.15,1,2,0,402.0
Delhi,2022-03-01,402,221.1,434.16,333.66,458.28,4.22,381.9,1,3,0,420.0
Delhi,2022-04-01,420,231.0,453.6,348.6,478.8,4.41,399.0,1,4,0,449.0
Delhi,2022-05-01,449,246.95,484.92,372.67,511.86,4.71,426.55,1,5,1,252.0
Delhi,2022-06-01,252,138.6,272.16,209.16,287.28,2.65,239.4,1,6,0,179.0
Delhi,2022-07-01,179,98.45,193.32,148.57,204.06,1.88,170.05,1,7,0,84.0
Delhi,2022-08-01,84,46.2,90.72,69.72,95.76,0.88,79.8,1,8,0,81.0
Delhi,2022-09-01,81,44.55,87.48,67.23,92.34,0.85,76.95,1,9,0,182.0
Delhi,2022-10-01,182,100.1,196.56,151.06,207.48,1.91,172.9,1,10,1,256.0
Delhi,2022-11-01,256,140.8,276.48,212.48,291.84,2.69,243.2,1,11,0,220.0
Delhi,2022-12-01,220,121.0,237.6,182.6,250.8,2.31,209.0,1,12,0,342.0
Delhi,2022-01-02,342,188.1,369.36,283.86,389.88,3.59,324.9,2,1,1,321.0
Delhi,2022-02-02,321,176.55,346.68,266.43,365.94,3.37,304.95,2,2,0,335.0
Delhi,2022-03-02,335,184.25,361.8,278.05,381.9,3.52,318.25,2,3,0,126.0
Delhi,2022-04-02,126,69.3,136.08,104.58,143.64,1.32,119.7,2,4,1,279.0
Delhi,2022-05-02,279,153.45,301.32,231.57,318.06,2.93,265.05,2,5,0,380.0
Delhi,2022-06-02,380,209.0,410.4,315.4,433.2,3.99,361.0,2,6,0,326.0
Delhi,2022-07-02,326,179.3,352.08,270.58,371.64,3.42,309.7,2,7,1,313.0
Delhi,2022-08-02,313,172.15,338.04,259.79,356.82,3.29,297.35,2,8,0,316.0
Delhi,2022-09-02,316,173.8,341.28,262.28,360.24,3.32,300.2,2,9,0,204.0
Delhi,2022-10-02,204,112.2,220.32,169.32,232.56,2.14,193.8,2,10,1,216.0
Delhi,2022-11-02,216,118.8,233.28,179.28,246.24,2.27,205.2,2,11,0,232.0
Delhi,2022-12-02,232,127.6,250.56,192.56,264.48,2.44,220.4,2,12,0,215.0
Delhi,2022-01-03,215,118.25,232.2,178.45,245.1,2.26,204.25,3,1,0,289.0
Delhi,2022-02-03,289,158.95,312.12,239.87,329.46,3.03,274.55,3,2,0,218.0
Delhi,2022-03-03,218,119.9,235.44,180.94,248.52,2.29,207.1,3,3,0,256.0
Delhi,2022-04-03,256,140.8,276.48,212.48,291.84,2.69,243.2,3,4,1,137.0
Delhi,2022-05-03,137,75.35,147.96,113.71,156.18,1.44,130.15,3,5,0,207.0
Delhi,2022-06-03,207,113.85,223.56,171.81,235.98,2.17,196.65,3,6,0,301.0
Delhi,2022-07-03,301,165.55,325.08,249.83,343.14,3.16,285.95,3,7,1,357.0
Delhi,2022-08-03,357,196.35,385.56,296.31,406.98,3.75,339.15,3,8,0,206.0
Delhi,2022-09-03,206,113.3,222.48,170.98,234.84,2.16,195.7,3,9,1,180.0
Delhi,2022-10-03,180,99.0,194.4,149.4,205.2,1.89,171.0,3,10,0,207.0
Delhi,2022-12-03,207,113.85,223.56,171.81,235.98,2.17,196.65,3,12,1,226.0
Delhi,2022-01-04,226,124.3,244.08,187.58,257.64,2.37,214.7,4,1,0,322.0
Delhi,2022-02-04,322,177.1,347.76,267.26,367.08,3.38,305.9,4,2,0,310.0
Delhi,2022-03-04,310,170.5,334.8,257.3,353.4,3.26,294.5,4,3,0,346.0
Delhi,2022-04-04,346,190.3,373.68,287.18,394.44,3.63,328.7,4,4,0,337.0
Delhi,2022-05-04,337,185.35,363.96,279.71,384.18,3.54,320.15,4,5,0,349.0
Delhi,2022-06-04,349,191.95,376.92,289.67,397.86,3.66,331.55,4,6,1,359.0
Delhi,2022-07-04,359,197.45,387.72,297.97,409.26,3.77,341.05,4,7,0,314.0
Delhi,2022-08-04,314,172.7,339.12,260.62,357.96,3.3,298.3,4,8,0,332.0
Delhi,2022-09-04,332,182.6,358.56,275.56,378.48,3.49,315.4,4,9,1,312.0
Delhi,2022-10-04,312,171.6,336.96,258.96,355.68,3.28,296.4,4,10,0,335.0
Delhi,2022-11-04,335,184.25,361.8,278.05,381.9,3.52,318.25,4,11,0,300.0
Delhi,2022-12-04,300,165.0,324.0,249.0,342.0,3.15,285.0,4,12,1,315.0
Delhi,2022-01-05,315,173.25,340.2,261.45,359.1,3.31,299.25,5,1,0,220.0
Delhi,2022-02-05,220,121.0,237.6,182.6,250.8,2.31,209.0,5,2,1,226.0
Delhi,2022-04-05,226,124.3,244.08,187.58,257.64,2.37,214.7,5,4,0,167.0
Delhi,2022-05-05,167,91.85,180.36,138.61,190.38,1.75,158.65,5,5,0,308.0
Delhi,2022-06-05,308,169.4,332.64,255.64,351.12,3.23,292.6,5,6,1,242.0
Delhi,2022-07-05,242,133.1,261.36,200.86,275.88,2.54,229.9,5,7,0,202.0
Delhi,2022-08-05,202,111.1,218.16,167.66,230.28,2.12,191.9,5,8,0,159.0
Delhi,2022-09-05,159,87.45,171.72,131.97,181.26,1.67,151.05,5,9,0,154.0
Delhi,2022-10-05,154,84.7,166.32,127.82,175.56,1.62,146.3,5,10,0,153.0
Delhi,2022-11-05,153,84.15,165.24,126.99,174.42,1.61,145.35,5,11,1,163.0
Delhi,2022-12-05,163,89.65,176.04,135.29,185.82,1.71,154.85,5,12,0,367.0
Delhi,2022-01-06,367,201.85,396.36,304.61,418.38,3.85,348.65,6,1,0,248.0
Delhi,2022-02-06,248,136.4,267.84,205.84,282.72,2.6,235.6,6,2,1,291.0
Delhi,2022-03-06,291,160.05,314.28,241.53,331.74,3.06,276.45,6,3,1,265.0
Delhi,2022-04-06,265,145.75,286.2,219.95,302.1,2.78,251.75,6,4,0,190.0
Delhi,2022-06-06,190,104.5,205.2,157.7,216.6,2.0,180.5,6,6,0,319.0
Delhi,2022-07-06,319,175.45,344.52,264.77,363.66,3.35,303.05,6,7,0,385.0
Delhi,2022-08-06,385,211.75,415.8,319.55,438.9,4.04,365.75,6,8,1,246.0
Delhi,2022-09-06,246,135.3,265.68,204.18,280.44,2.58,233.7,6,9,0,341.0
Delhi,2022-10-06,341,187.55,368.28,283.03,388.74,3.58,323.95,6,10,0,266.0
Delhi,2022-11-06,266,146.3,287.28,220.78,303.24,2.79,252.7,6,11,1,262.0
Delhi,2022-12-06,262,144.1,282.96,217.46,298.68,2.75,248.9,6,12,0,91.0
Delhi,2022-01-07,91,50.05,98.28,75.53,103.74,0.96,86.45,7,1,0,130.0
Delhi,2022-02-07,130,71.5,140.4,107.9,148.2,1.37,123.5,7,2,0,80.0
Delhi,2022-03-07,80,44.0,86.4,66.4,91.2,0.84,76.0,7,3,0,134.0
Delhi,2022-04-07,134,73.7,144.72,111.22,152.76,1.41,127.3,7,4,0,202.0
Delhi,2022-05-07,202,111.1,218.16,167.66,230.28,2.12,191.9,7,5,1,109.0
Delhi,2022-06-07,109,59.95,117.72,90.47,124.26,1.14,103.55,7,6,0,103.0
Delhi,2022-07-07,103,56.65,111.24,85.49,117.42,1.08,97.85,7,7,0,99.0
Delhi,2022-08-07,99,54.45,106.92,82.17,112.86,1.04,94.05,7,8,1,120.0
Delhi,2022-09-07,120,66.0,129.6,99.6,136.8,1.26,114.0,7,9,0,79.0
Delhi,2022-10-07,79,43.45,85.32,65.57,90.06,0.83,75.05,7,10,0,101.0
Delhi,2022-11-07,101,55.55,109.08,83.83,115.14,1.06,95.95,7,11,0,149.0
Delhi,2022-12-07,149,81.95,160.92,123.67,169.86,1.56,141.55,7,12,0,86.0
Delhi,2022-01-08,86,47.3,92.88,71.38,98.04,0.9,81.7,8,1,1,97.0
Delhi,2022-02-08,97,53.35,104.76,80.51,110.58,1.02,92.15,8,2,0,132.0
Delhi,2022-03-08,132,72.6,142.56,109.56,150.48,1.39,125.4,8,3,0,120.0
Delhi,2022-04-08,120,66.0,129.6,99.6,136.8,1.26,114.0,8,4,0,83.0
Delhi,2022-05-08,83,45.65,89.64,68.89,94.62,0.87,78.85,8,5,1,110.0
Delhi,2022-06-08,110,60.5,118.8,91.3,125.4,1.16,104.5,8,6,0,160.0
Delhi,2022-07-08,160,88.0,172.8,132.8,182.4,1.68,152.0,8,7,0,102.0
Delhi,2022-08-08,102,56.1,110.16,84.66,116.28,1.07,96.9,8,8,0,140.0
Delhi,2022-09-08,140,77.0,151.2,116.2,159.6,1.47,133.0,8,9,0,106.0
Delhi,2022-10-08,106,58.3,114.48,87.98,120.84,1.11,100.7,8,10,1,73.0
Delhi,2022-11-08,73,40.15,78.84,60.59,83.22,0.77,69.35,8,11,0,89.0
Delhi,2022-12-08,89,48.95,96.12,73.87,101.46,0.93,84.55,8,12,0,126.0
Delhi,2022-01-09,126,69.3,136.08,104.58,143.64,1.32,119.7,9,1,1,120.0
Delhi,2022-02-09,120,66.0,129.6,99.6,136.8,1.26,114.0,9,2,0,126.0
Delhi,2022-03-09,126,69.3,136.08,104.58,143.64,1.32,119.7,9,3,0,105.0
Delhi,2022-04-09,105,57.75,113.4,87.15,119.7,1.1,99.75,9,4,1,102.0
Delhi,2022-05-09,102,56.1,110.16,84.66,116.28,1.07,96.9,9,5,0,128.0
Delhi,2022-06-09,128,70.4,138.24,106.24,145.92,1.34,121.6,9,6,0,138.0
Delhi,2022-07-09,138,75.9,149.04,114.54,157.32,1.45,131.1,9,7,1,148.0
Delhi,2022-08-09,148,81.4,159.84,122.84,168.72,1.55,140.6,9,8,0,137.0
Delhi,2022-09-09,137,75.35,147.96,113.71,156.18,1.44,130.15,9,9,0,116.0
Delhi,2022-10-09,116,63.8,125.28,96.28,132.24,1.22,110.2,9,10,1,89.0
Delhi,2022-11-09,89,48.95,96.12,73.87,101.46,0.93,84.55,9,11,0,83.0
Delhi,2022-12-09,83,45.65,89.64,68.89,94.62,0.87,78.85,9,12,0,230.0
Delhi,2022-01-10,230,126.5,248.4,190.9,262.2,2.42,218.5,10,1,0,225.0
Delhi,2022-02-10,225,123.75,243.0,186.75,256.5,2.36,213.75,10,2,0,133.0
Delhi,2022-03-10,133,73.15,143.64,110.39,151.62,1.4,126.35,10,3,0,165.0
Delhi,2022-04-10,165,90.75,178.2,136.95,188.1,1.73,156.75,10,4,1,263.0
Delhi,2022-05-10,263,144.65,284.04,218.29,299.82,2.76,249.85,10,5,0,67.0
Delhi,2022-06-10,67,36.85,72.36,55.61,76.38,0.7,63.65,10,6,0,56.0
Delhi,2022-07-10,56,30.8,60.48,46.48,63.84,0.59,53.2,10,7,1,60.0
Delhi,2022-08-10,60,33.0,64.8,49.8,68.4,0.63,57.0,10,8,0,43.0
Delhi,2022-09-10,43,23.65,46.44,35.69,49.02,0.45,40.85,10,9,1,49.0
Delhi,2022-10-10,49,26.95,52.92,40.67,55.86,0.51,46.55,10,10,0,86.0
Delhi,2022-11-10,86,47.3,92.88,71.38,98.04,0.9,81.7,10,11,0,162.0
Delhi,2022-12-10,162,89.1,174.96,134.46,184.68,1.7,153.9,10,12,1,446.0
Delhi,2022-01-11,446,245.3,481.68,370.18,508.44,4.68,423.7,11,1,0,406.0
Delhi,2022-02-11,406,223.3,438.48,336.98,462.84,4.26,385.7,11,2,0,366.0
Delhi,2022-05-11,366,201.3,395.28,303.78,417.24,3.84,347.7,11,5,0,346.0
Delhi,2022-06-11,346,190.3,373.68,287.18,394.44,3.63,328.7,11,6,1,386.0
Delhi,2022-07-11,386,212.3,416.88,320.38,440.04,4.05,366.7,11,7,0,398.0
Delhi,2022-08-11,398,218.9,429.84,330.34,453.72,4.18,378.1,11,8,0,234.0
Delhi,2022-09-11,234,128.7,252.72,194.22,266.76,2.46,222.3,11,9,1,374.0
Delhi,2022-10-11,374,205.7,403.92,310.42,426.36,3.93,355.3,11,10,0,456.0
Delhi,2022-11-11,456,250.8,492.48,378.48,519.84,4.79,433.2,11,11,0,422.0
Delhi,2022-12-11,422,232.1,455.76,350.26,481.08,4.43,400.9,11,12,1,399.0
Delhi,2022-01-12,399,219.45,430.92,331.17,454.86,4.19,379.05,12,1,0,389.0
Delhi,2022-03-12,389,213.95,420.12,322.87,443.46,4.08,369.55,12,3,1,441.0
Delhi,2022-04-12,441,242.55,476.28,366.03,502.74,4.63,418.95,12,4,0,373.0
Delhi,2022-05-12,373,205.15,402.84,309.59,425.22,3.92,354.35,12,5,0,369.0
Delhi,2022-06-12,369,202.95,398.52,306.27,420.66,3.87,350.55,12,6,1,309.0
Delhi,2022-07-12,309,169.95,333.72,256.47,352.26,3.24,293.55,12,7,0,303.0
Delhi,2022-08-12,303,166.65,327.24,251.49,345.42,3.18,287.85,12,8,0,367.0
Delhi,2022-09-12,367,201.85,396.36,304.61,418.38,3.85,348.65,12,9,0,407.0
Delhi,2022-10-12,407,223.85,439.56,337.81,463.98,4.27,386.65,12,10,0,338.0
Delhi,2022-11-12,338,185.9,365.04,280.54,385.32,3.55,321.1,12,11,1,228.0
Delhi,2022-12-12,228,125.4,246.24,189.24,259.92,2.39,216.6,12,12,0,259.0
Delhi,2023-01-01,259,142.45,279.72,214.97,295.26,2.72,246.05,1,1,1,357.0
Delhi,2023-02-01,357,196.35,385.56,296.31,406.98,3.75,339.15,1,2,0,385.0
Delhi,2023-03-01,385,211.75,415.8,319.55,438.9,4.04,365.75,1,3,0,343.0
Delhi,2023-04-01,343,188.65,370.44,284.69,391.02,3.6,325.85,1,4,1,340.0
Delhi,2023-05-01,340,187.0,367.2,282.2,387.6,3.57,323.0,1,5,0,400.0
Delhi,2023-06-01,400,220.0,432.0,332.0,456.0,4.2,380.0,1,6,0,377.0
Delhi,2023-07-01,377,207.35,407.16,312.91,429.78,3.96,358.15,1,7,1,375.0
Delhi,2023-08-01,375,206.25,405.0,311.25,427.5,3.94,356.25,1,8,0,434.0
Delhi,2023-09-01,434,238.7,468.72,360.22,494.76,4.56,412.3,1,9,0,407.0
Delhi,2023-10-01,407,223.85,439.56,337.81,463.98,4.27,386.65,1,10,1,308.0
Delhi,2023-11-01,308,169.4,332.64,255.64,351.12,3.23,292.6,1,11,0,371.0
Delhi,2023-12-01,371,204.05,400.68,307.93,422.94,3.9,352.45,1,12,0,164.0
Delhi,2023-01-02,164,90.2,177.12,136.12,186.96,1.72,155.8,2,1,0,194.0
Delhi,2023-02-02,194,106.7,209.52,161.02,221.16,2.04,184.3,2,2,0,199.0
Delhi,2023-03-02,199,109.45,214.92,165.17,226.86,2.09,189.05,2,3,0,242.0
Delhi,2023-04-02,242,133.1,261.36,200.86,275.88,2.54,229.9,2,4,1,244.0
Delhi,2023-05-02,244,134.2,263.52,202.52,278.16,2.56,231.8,2,5,0,265.0
Delhi,2023-06-02,265,145.75,286.2,219.95,302.1,2.78,251.75,2,6,0,285.0
Delhi,2023-07-02,285,156.75,307.8,236.55,324.9,2.99,270.75,2,7,1,144.0
Delhi,2023-08-02,144,79.2,155.52,119.52,164.16,1.51,136.8,2,8,0,212.0
Delhi,2023-09-02,212,116.6,228.96,175.96,241.68,2.23,201.4,2,9,1,187.0
Delhi,2023-10-02,187,102.85,201.96,155.21,213.18,1.96,177.65,2,10,0,275.0
Delhi,2023-11-02,275,151.25,297.0,228.25,313.5,2.89,261.25,2,11,0,175.0
Delhi,2023-12-02,175,96.25,189.0,145.25,199.5,1.84,166.25,2,12,1,181.0
Delhi,2023-01-03,181,99.55,195.48,150.23,206.34,1.9,171.95,3,1,0,226.0
Delhi,2023-02-03,226,124.3,244.08,187.58,257.64,2.37,214.7,3,2,0,152.0
Delhi,2023-03-03,152,83.6,164.16,126.16,173.28,1.6,144.4,3,3,0,129.0
Delhi,2023-04-03,129,70.95,139.32,107.07,147.06,1.35,122.55,3,4,0,142.0
Delhi,2023-05-03,142,78.1,153.36,117.86,161.88,1.49,134.9,3,5,0,142.0
Delhi,2023-06-03,142,78.1,153.36,117.86,161.88,1.49,134.9,3,6,1,173.0
Delhi,2023-07-03,173,95.15,186.84,143.59,197.22,1.82,164.35,3,7,0,215.0
Delhi,2023-08-03,215,118.25,232.2,178.45,245.1,2.26,204.25,3,8,0,119.0
Delhi,2023-09-03,119,65.45,128.52,98.77,135.66,1.25,113.05,3,9,1,187.0
Delhi,2023-10-03,187,102.85,201.96,155.21,213.18,1.96,177.65,3,10,0,200.0
Delhi,2023-11-03,200,110.0,216.0,166.0,228.0,2.1,190.0,3,11,0,216.0
Delhi,2023-12-03,216,118.8,233.28,179.28,246.24,2.27,205.2,3,12,1,106.0
Delhi,2023-01-04,106,58.3,114.48,87.98,120.84,1.11,100.7,4,1,0,128.0
Delhi,2023-02-04,128,70.4,138.24,106.24,145.92,1.34,121.6,4,2,1,179.0
Delhi,2023-03-04,179,98.45,193.32,148.57,204.06,1.88,170.05,4,3,1,109.0
Delhi,2023-04-04,109,59.95,117.72,90.47,124.26,1.14,103.55,4,4,0,135.0
Delhi,2023-05-04,135,74.25,145.8,112.05,153.9,1.42,128.25,4,5,0,142.0
Delhi,2023-06-04,142,78.1,153.36,117.86,161.88,1.49,134.9,4,6,1,142.0
Delhi,2023-07-04,142,78.1,153.36,117.86,161.88,1.49,134.9,4,7,0,172.0
Delhi,2023-08-04,172,94.6,185.76,142.76,196.08,1.81,163.4,4,8,0,217.0
Delhi,2023-09-04,217,119.35,234.36,180.11,247.38,2.28,206.15,4,9,0,195.0
Delhi,2023-10-04,195,107.25,210.6,161.85,222.3,2.05,185.25,4,10,0,260.0
Delhi,2023-11-04,260,143.0,280.8,215.8,296.4,2.73,247.0,4,11,1,213.0
Delhi,2023-12-04,213,117.15,230.04,176.79,242.82,2.24,202.35,4,12,0,91.0
Delhi,2023-01-05,91,50.05,98.28,75.53,103.74,0.96,86.45,5,1,0,76.0
Delhi,2023-02-05,76,41.8,82.08,63.08,86.64,0.8,72.2,5,2,1,107.0
Delhi,2023-03-05,107,58.85,115.56,88.81,121.98,1.12,101.65,5,3,1,113.0
Delhi,2023-04-05,113,62.15,122.04,93.79,128.82,1.19,107.35,5,4,0,183.0
Delhi,2023-05-05,183,100.65,197.64,151.89,208.62,1.92,173.85,5,5,0,234.0
Delhi,2023-06-05,234,128.7,252.72,194.22,266.76,2.46,222.3,5,6,0,173.0
Delhi,2023-07-05,173,95.15,186.84,143.59,197.22,1.82,164.35,5,7,0,131.0
Delhi,2023-08-05,131,72.05,141.48,108.73,149.34,1.38,124.45,5,8,1,197.0
Delhi,2023-09-05,197,108.35,212.76,163.51,224.58,2.07,187.15,5,9,0,203.0
Delhi,2023-10-05,203,111.65,219.24,168.49,231.42,2.13,192.85,5,10,0,274.0
Delhi,2023-11-05,274,150.7,295.92,227.42,312.36,2.88,260.3,5,11,1,227.0
Delhi,2023-12-05,227,124.85,245.16,188.41,258.78,2.38,215.65,5,12,0,96.0
Delhi,2023-01-06,96,52.8,103.68,79.68,109.44,1.01,91.2,6,1,0,120.0
Delhi,2023-02-06,120,66.0,129.6,99.6,136.8,1.26,114.0,6,2,0,121.0
Delhi,2023-03-06,121,66.55,130.68,100.43,137.94,1.27,114.95,6,3,0,171.0
Delhi,2023-04-06,171,94.05,184.68,141.93,194.94,1.8,162.45,6,4,0,166.0
Delhi,2023-05-06,166,91.3,179.28,137.78,189.24,1.74,157.7,6,5,1,139.0
Delhi,2023-06-06,139,76.45,150.12,115.37,158.46,1.46,132.05,6,6,0,239.0
Delhi,2023-07-06,239,131.45,258.12,198.37,272.46,2.51,227.05,6,7,0,161.0
Delhi,2023-08-06,161,88.55,173.88,133.63,183.54,1.69,152.95,6,8,1,152.0
Delhi,2023-09-06,152,83.6,164.16,126.16,173.28,1.6,144.4,6,9,0,134.0
Delhi,2023-10-06,134,73.7,144.72,111.22,152.76,1.41,127.3,6,10,0,130.0
Delhi,2023-11-06,130,71.5,140.4,107.9,148.2,1.37,123.5,6,11,0,169.0
Delhi,2023-12-06,169,92.95,182.52,140.27,192.66,1.77,160.55,6,12,0,69.0
Delhi,2023-01-07,69,37.95,74.52,57.27,78.66,0.72,65.55,7,1,1,71.0
Delhi,2023-02-07,71,39.05,76.68,58.93,80.94,0.75,67.45,7,2,0,118.0
Delhi,2023-03-07,118,64.9,127.44,97.94,134.52,1.24,112.1,7,3,0,144.0
Delhi,2023-04-07,144,79.2,155.52,119.52,164.16,1.51,136.8,7,4,0,96.0
Delhi,2023-05-07,96,52.8,103.68,79.68,109.44,1.01,91.2,7,5,1,72.0
Delhi,2023-06-07,72,39.6,77.76,59.76,82.08,0.76,68.4,7,6,0,77.0
Delhi,2023-07-07,77,42.35,83.16,63.91,87.78,0.81,73.15,7,7,0,71.0
Delhi,2023-08-07,71,39.05,76.68,58.93,80.94,0.75,67.45,7,8,0,64.0
Delhi,2023-09-07,64,35.2,69.12,53.12,72.96,0.67,60.8,7,9,0,65.0
Delhi,2023-10-07,65,35.75,70.2,53.95,74.1,0.68,61.75,7,10,1,69.0
Delhi,2023-11-07,69,37.95,74.52,57.27,78.66,0.72,65.55,7,11,0,77.0
Delhi,2023-12-07,77,42.35,83.16,63.91,87.78,0.81,73.15,7,12,0,92.0
Delhi,2023-01-08,92,50.6,99.36,76.36,104.88,0.97,87.4,8,1,1,91.0
Delhi,2023-02-08,91,50.05,98.28,75.53,103.74,0.96,86.45,8,2,0,75.0
Delhi,2023-03-08,75,41.25,81.0,62.25,85.5,0.79,71.25,8,3,0,105.0
Delhi,2023-04-08,105,57.75,113.4,87.15,119.7,1.1,99.75,8,4,1,85.0
Delhi,2023-05-08,85,46.75,91.8,70.55,96.9,0.89,80.75,8,5,0,101.0
Delhi,2023-06-08,101,55.55,109.08,83.83,115.14,1.06,95.95,8,6,0,102.0
Delhi,2023-07-08,102,56.1,110.16,84.66,116.28,1.07,96.9,8,7,1,110.0
Delhi,2023-08-08,110,60.5,118.8,91.3,125.4,1.16,104.5,8,8,0,118.0
Delhi,2023-09-08,118,64.9,127.44,97.94,134.52,1.24,112.1,8,9,0,133.0
Delhi,2023-10-08,133,73.15,143.64,110.39,151.62,1.4,126.35,8,10,1,123.0
Delhi,2023-11-08,123,67.65,132.84,102.09,140.22,1.29,116.85,8,11,0,126.0
Delhi,2023-12-08,126,69.3,136.08,104.58,143.64,1.32,119.7,8,12,0,140.0
Delhi,2023-01-09,140,77.0,151.2,116.2,159.6,1.47,133.0,9,1,0,136.0
Delhi,2023-02-09,136,74.8,146.88,112.88,155.04,1.43,129.2,9,2,0,136.0
Delhi,2023-03-09,136,74.8,146.88,112.88,155.04,1.43,129.2,9,3,0,136.0
Delhi,2023-04-09,136,74.8,146.88,112.88,155.04,1.43,129.2,9,4,1,121.0
Delhi,2023-05-09,121,66.55,130.68,100.43,137.94,1.27,114.95,9,5,0,106.0
Delhi,2023-06-09,106,58.3,114.48,87.98,120.84,1.11,100.7,9,6,0,104.0
Delhi,2023-07-09,104,57.2,112.32,86.32,118.56,1.09,98.8,9,7,1,83.0
Delhi,2023-08-09,83,45.65,89.64,68.89,94.62,0.87,78.85,9,8,0,54.0
Delhi,2023-09-09,54,29.7,58.32,44.82,61.56,0.57,51.3,9,9,1,45.0
Delhi,2023-10-09,45,24.75,48.6,37.35,51.3,0.47,42.75,9,10,0,54.0
Delhi,2023-11-09,54,29.7,58.32,44.82,61.56,0.57,51.3,9,11,0,89.0
Delhi,2023-12-09,89,48.95,96.12,73.87,101.46,0.93,84.55,9,12,1,147.0
Delhi,2023-01-10,147,80.85,158.76,122.01,167.58,1.54,139.65,10,1,0,146.0
Delhi,2023-02-10,146,80.3,157.68,121.18,166.44,1.53,138.7,10,2,0,155.0
Delhi,2023-03-10,155,85.25,167.4,128.65,176.7,1.63,147.25,10,3,0,176.0
Delhi,2023-04-10,176,96.8,190.08,146.08,200.64,1.85,167.2,10,4,0,177.0
Delhi,2023-05-10,177,97.35,191.16,146.91,201.78,1.86,168.15,10,5,0,212.0
Delhi,2023-06-10,212,116.6,228.96,175.96,241.68,2.23,201.4,10,6,1,216.0
Delhi,2023-07-10,216,118.8,233.28,179.28,246.24,2.27,205.2,10,7,0,164.0
Delhi,2023-08-10,164,90.2,177.12,136.12,186.96,1.72,155.8,10,8,0,175.0
Delhi,2023-09-10,175,96.25,189.0,145.25,199.5,1.84,166.25,10,9,1,180.0
Delhi,2023-10-10,180,99.0,194.4,149.4,205.2,1.89,171.0,10,10,0,193.0
Delhi,2023-11-10,193,106.15,208.44,160.19,220.02,2.03,183.35,10,11,0,220.0
Delhi,2023-12-10,220,121.0,237.6,182.6,250.8,2.31,209.0,10,12,1,366.0
Delhi,2023-01-11,366,201.3,395.28,303.78,417.24,3.84,347.7,11,1,0,392.0
Delhi,2023-02-11,392,215.6,423.36,325.36,446.88,4.12,372.4,11,2,1,468.0
Delhi,2023-03-11,468,257.4,505.44,388.44,533.52,4.91,444.6,11,3,1,415.0
Delhi,2023-04-11,415,228.25,448.2,344.45,473.1,4.36,394.25,11,4,0,454.0
Delhi,2023-05-11,454,249.7,490.32,376.82,517.56,4.77,431.3,11,5,0,421.0
Delhi,2023-06-11,421,231.55,454.68,349.43,479.94,4.42,399.95,11,6,1,395.0
Delhi,2023-07-11,395,217.25,426.6,327.85,450.3,4.15,375.25,11,7,0,426.0
Delhi,2023-08-11,426,234.3,460.08,353.58,485.64,4.47,404.7,11,8,0,437.0
Delhi,2023-09-11,437,240.35,471.96,362.71,498.18,4.59,415.15,11,9,0,279.0
Delhi,2023-10-11,279,153.45,301.32,231.57,318.06,2.93,265.05,11,10,0,220.0
Delhi,2023-11-11,220,121.0,237.6,182.6,250.8,2.31,209.0,11,11,1,218.0
Delhi,2023-12-11,218,119.9,235.44,180.94,248.52,2.29,207.1,11,12,0,372.0
Delhi,2023-01-12,372,204.6,401.76,308.76,424.08,3.91,353.4,12,1,0,353.0
Delhi,2023-02-12,353,194.15,381.24,292.99,402.42,3.71,335.35,12,2,1,314.0
Delhi,2023-03-12,314,172.7,339.12,260.62,357.96,3.3,298.3,12,3,1,311.0
Delhi,2023-04-12,311,171.05,335.88,258.13,354.54,3.27,295.45,12,4,0,297.0
Delhi,2023-05-12,297,163.35,320.76,246.51,338.58,3.12,282.15,12,5,0,286.0
Delhi,2023-06-12,286,157.3,308.88,237.38,326.04,3.0,271.7,12,6,0,320.0
Delhi,2023-07-12,320,176.0,345.6,265.6,364.8,3.36,304.0,12,7,0,324.0
Delhi,2023-08-12,324,178.2,349.92,268.92,369.36,3.4,307.8,12,8,1,321.0
Delhi,2023-09-12,321,176.55,346.68,266.43,365.94,3.37,304.95,12,9,0,314.0
Delhi,2023-10-12,314,172.7,339.12,260.62,357.96,3.3,298.3,12,10,0,317.0
Delhi,2023-11-12,317,174.35,342.36,263.11,361.38,3.33,301.15,12,11,1,355.0
Delhi,2023-12-12,355,195.25,383.4,294.65,404.7,3.73,337.25,12,12,0,346.0
Delhi,2024-01-01,346,190.3,373.68,287.18,394.44,3.63,328.7,1,1,0,340.0
Delhi,2024-02-01,340,187.0,367.2,282.2,387.6,3.57,323.0,1,2,0,341.0
Delhi,2024-03-01,341,187.55,368.28,283.03,388.74,3.58,323.95,1,3,0,377.0
Delhi,2024-04-01,377,207.35,407.16,312.91,429.78,3.96,358.15,1,4,0,333.0
Delhi,2024-05-01,333,183.15,359.64,276.39,379.62,3.5,316.35,1,5,0,319.0
Delhi,2024-06-01,319,175.45,344.52,264.77,363.66,3.35,303.05,1,6,1,333.0
Delhi,2024-07-01,333,183.15,359.64,276.39,379.62,3.5,316.35,1,7,0,345.0
Delhi,2024-08-01,345,189.75,372.6,286.35,393.3,3.62,327.75,1,8,0,343.0
Delhi,2024-09-01,343,188.65,370.44,284.69,391.02,3.6,325.85,1,9,1,273.0
Delhi,2024-10-01,273,150.15,294.84,226.59,311.22,2.87,259.35,1,10,0,348.0
Delhi,2024-11-01,348,191.4,375.84,288.84,396.72,3.65,330.6,1,11,0,340.0
Delhi,2024-12-01,340,187.0,367.2,282.2,387.6,3.57,323.0,1,12,1,176.0
Delhi,2024-01-02,176,96.8,190.08,146.08,200.64,1.85,167.2,2,1,0,215.0
Delhi,2024-02-02,215,118.25,232.2,178.45,245.1,2.26,204.25,2,2,0,199.0
Delhi,2024-03-02,199,109.45,214.92,165.17,226.86,2.09,189.05,2,3,1,274.0
Delhi,2024-04-02,274,150.7,295.92,227.42,312.36,2.88,260.3,2,4,0,177.0
Delhi,2024-05-02,177,97.35,191.16,146.91,201.78,1.86,168.15,2,5,0,140.0
Delhi,2024-06-02,140,77.0,151.2,116.2,159.6,1.47,133.0,2,6,1,174.0
Delhi,2024-07-02,174,95.7,187.92,144.42,198.36,1.83,165.3,2,7,0,161.0
Delhi,2024-08-02,161,88.55,173.88,133.63,183.54,1.69,152.95,2,8,0,146.0
Delhi,2024-09-02,146,80.3,157.68,121.18,166.44,1.53,138.7,2,9,0,295.0
Delhi,2024-10-02,295,162.25,318.6,244.85,336.3,3.1,280.25,2,10,0,313.0
Delhi,2024-11-02,313,172.15,338.04,259.79,356.82,3.29,297.35,2,11,1,300.0
Delhi,2024-12-02,300,165.0,324.0,249.0,342.0,3.15,285.0,2,12,0,208.0
Delhi,2024-01-03,208,114.4,224.64,172.64,237.12,2.18,197.6,3,1,0,117.0
Delhi,2024-02-03,117,64.35,126.36,97.11,133.38,1.23,111.15,3,2,1,126.0
Delhi,2024-03-03,126,69.3,136.08,104.58,143.64,1.32,119.7,3,3,1,141.0
Delhi,2024-04-03,141,77.55,152.28,117.03,160.74,1.48,133.95,3,4,0,125.0
Delhi,2024-05-03,125,68.75,135.0,103.75,142.5,1.31,118.75,3,5,0,138.0
Delhi,2024-06-03,138,75.9,149.04,114.54,157.32,1.45,131.1,3,6,0,181.0
Delhi,2024-07-03,181,99.55,195.48,150.23,206.34,1.9,171.95,3,7,0,157.0
Delhi,2024-08-03,157,86.35,169.56,130.31,178.98,1.65,149.15,3,8,1,145.0
Delhi,2024-09-03,145,79.75,156.6,120.35,165.3,1.52,137.75,3,9,0,182.0
Delhi,2024-10-03,182,100.1,196.56,151.06,207.48,1.91,172.9,3,10,0,201.0
Delhi,2024-11-03,201,110.55,217.08,166.83,229.14,2.11,190.95,3,11,1,190.0
Delhi,2024-12-03,190,104.5,205.2,157.7,216.6,2.0,180.5,3,12,0,133.0
Delhi,2024-01-04,133,73.15,143.64,110.39,151.62,1.4,126.35,4,1,0,144.0
Delhi,2024-02-04,144,79.2,155.52,119.52,164.16,1.51,136.8,4,2,1,167.0
Delhi,2024-03-04,167,91.85,180.36,138.61,190.38,1.75,158.65,4,3,0,173.0
Delhi,2024-04-04,173,95.15,186.84,143.59,197.22,1.82,164.35,4,4,0,174.0
Delhi,2024-05-04,174,95.7,187.92,144.42,198.36,1.83,165.3,4,5,1,168.0
Delhi,2024-06-04,168,92.4,181.44,139.44,191.52,1.76,159.6,4,6,0,179.0
Delhi,2024-07-04,179,98.45,193.32,148.57,204.06,1.88,170.05,4,7,0,191.0
Delhi,2024-08-04,191,105.05,206.28,158.53,217.74,2.01,181.45,4,8,1,203.0
Delhi,2024-09-04,203,111.65,219.24,168.49,231.42,2.13,192.85,4,9,0,222.0
Delhi,2024-10-04,222,122.1,239.76,184.26,253.08,2.33,210.9,4,10,0,240.0
Delhi,2024-11-04,240,132.0,259.2,199.2,273.6,2.52,228.0,4,11,0,232.0
Delhi,2024-12-04,232,127.6,250.56,192.56,264.48,2.44,220.4,4,12,0,200.0
Delhi,2024-01-05,200,110.0,216.0,166.0,228.0,2.1,190.0,5,1,0,197.0
Delhi,2024-02-05,197,108.35,212.76,163.51,224.58,2.07,187.15,5,2,0,264.0
Delhi,2024-03-05,264,145.2,285.12,219.12,300.96,2.77,250.8,5,3,0,282.0
Delhi,2024-04-05,282,155.1,304.56,234.06,321.48,2.96,267.9,5,4,0,292.0
Delhi,2024-05-05,292,160.6,315.36,242.36,332.88,3.07,277.4,5,5,1,248.0
Delhi,2024-06-05,248,136.4,267.84,205.84,282.72,2.6,235.6,5,6,0,303.0
Delhi,2024-07-05,303,166.65,327.24,251.49,345.42,3.18,287.85,5,7,0,225.0
Delhi,2024-08-05,225,123.75,243.0,186.75,256.5,2.36,213.75,5,8,0,179.0
Delhi,2024-09-05,179,98.45,193.32,148.57,204.06,1.88,170.05,5,9,0,180.0
Delhi,2024-10-05,180,99.0,194.4,149.4,205.2,1.89,171.0,5,10,1,242.0
Delhi,2024-11-05,242,133.1,261.36,200.86,275.88,2.54,229.9,5,11,0,184.0
Delhi,2024-12-05,184,101.2,198.72,152.72,209.76,1.93,174.8,5,12,0,245.0
Delhi,2024-01-06,245,134.75,264.6,203.35,279.3,2.57,232.75,6,1,1,173.0
Delhi,2024-02-06,173,95.15,186.84,143.59,197.22,1.82,164.35,6,2,0,155.0
Delhi,2024-03-06,155,85.25,167.4,128.65,176.7,1.63,147.25,6,3,0,211.0
Delhi,2024-04-06,211,116.05,227.88,175.13,240.54,2.22,200.45,6,4,1,251.0
Delhi,2024-05-06,251,138.05,271.08,208.33,286.14,2.64,238.45,6,5,0,183.0
Delhi,2024-06-06,183,100.65,197.64,151.89,208.62,1.92,173.85,6,6,0,231.0
Delhi,2024-07-06,231,127.05,249.48,191.73,263.34,2.43,219.45,6,7,1,237.0
Delhi,2024-08-06,237,130.35,255.96,196.71,270.18,2.49,225.15,6,8,0,182.0
Delhi,2024-09-06,182,100.1,196.56,151.06,207.48,1.91,172.9,6,9,0,172.0
Delhi,2024-10-06,172,94.6,185.76,142.76,196.08,1.81,163.4,6,10,1,223.0
Delhi,2024-11-06,223,122.65,240.84,185.09,254.22,2.34,211.85,6,11,0,213.0
Delhi,2024-12-06,213,117.15,230.04,176.79,242.82,2.24,202.35,6,12,0,105.0
Delhi,2024-01-07,105,57.75,113.4,87.15,119.7,1.1,99.75,7,1,1,118.0
Delhi,2024-02-07,118,64.9,127.44,97.94,134.52,1.24,112.1,7,2,0,108.0
Delhi,2024-03-07,108,59.4,116.64,89.64,123.12,1.13,102.6,7,3,0,61.0
Delhi,2024-04-07,61,33.55,65.88,50.63,69.54,0.64,57.95,7,4,1,77.0
Delhi,2024-05-07,77,42.35,83.16,63.91,87.78,0.81,73.15,7,5,0,65.0
Delhi,2024-06-07,65,35.75,70.2,53.95,74.1,0.68,61.75,7,6,0,56.0
Delhi,2024-07-07,56,30.8,60.48,46.48,63.84,0.59,53.2,7,7,1,56.0
Delhi,2024-08-07,56,30.8,60.48,46.48,63.84,0.59,53.2,7,8,0,84.0
Delhi,2024-09-07,84,46.2,90.72,69.72,95.76,0.88,79.8,7,9,1,138.0
Delhi,2024-10-07,138,75.9,149.04,114.54,157.32,1.45,131.1,7,10,0,113.0
Delhi,2024-11-07,113,62.15,122.04,93.79,128.82,1.19,107.35,7,11,0,107.0
Delhi,2024-12-07,107,58.85,115.56,88.81,121.98,1.12,101.65,7,12,1,64.0
Delhi,2024-01-08,64,35.2,69.12,53.12,72.96,0.67,60.8,8,1,0,76.0
Delhi,2024-02-08,76,41.8,82.08,63.08,86.64,0.8,72.2,8,2,0,68.0
Delhi,2024-03-08,68,37.4,73.44,56.44,77.52,0.71,64.6,8,3,0,64.0
Delhi,2024-04-08,64,35.2,69.12,53.12,72.96,0.67,60.8,8,4,0,59.0
Delhi,2024-05-08,59,32.45,63.72,48.97,67.26,0.62,56.05,8,5,0,61.0
Delhi,2024-06-08,61,33.55,65.88,50.63,69.54,0.64,57.95,8,6,1,61.0
Delhi,2024-07-08,61,33.55,65.88,50.63,69.54,0.64,57.95,8,7,0,54.0
Delhi,2024-08-08,54,29.7,58.32,44.82,61.56,0.57,51.3,8,8,0,61.0
Delhi,2024-09-08,61,33.55,65.88,50.63,69.54,0.64,57.95,8,9,1,71.0
Delhi,2024-10-08,71,39.05,76.68,58.93,80.94,0.75,67.45,8,10,0,69.0
Delhi,2024-11-08,69,37.95,74.52,57.27,78.66,0.72,65.55,8,11,0,56.0
Delhi,2024-12-08,56,30.8,60.48,46.48,63.84,0.59,53.2,8,12,1,101.0
Delhi,2024-01-09,101,55.55,109.08,83.83,115.14,1.06,95.95,9,1,0,87.0
Delhi,2024-02-09,87,47.85,93.96,72.21,99.18,0.91,82.65,9,2,0,89.0
Delhi,2024-03-09,89,48.95,96.12,73.87,101.46,0.93,84.55,9,3,1,69.0
Delhi,2024-04-09,69,37.95,74.52,57.27,78.66,0.72,65.55,9,4,0,83.0
Delhi,2024-05-09,83,45.65,89.64,68.89,94.62,0.87,78.85,9,5,0,95.0
Delhi,2024-06-09,95,52.25,102.6,78.85,108.3,1.0,90.25,9,6,1,71.0
Delhi,2024-07-09,71,39.05,76.68,58.93,80.94,0.75,67.45,9,7,0,91.0
Delhi,2024-08-09,91,50.05,98.28,75.53,103.74,0.96,86.45,9,8,0,114.0
Delhi,2024-09-09,114,62.7,123.12,94.62,129.96,1.2,108.3,9,9,0,106.0
Delhi,2024-10-09,106,58.3,114.48,87.98,120.84,1.11,100.7,9,10,0,71.0
Delhi,2024-11-09,71,39.05,76.68,58.93,80.94,0.75,67.45,9,11,1,64.0
Delhi,2024-12-09,64,35.2,69.12,53.12,72.96,0.67,60.8,9,12,0,149.0
Delhi,2024-01-10,149,81.95,160.92,123.67,169.86,1.56,141.55,10,1,0,173.0
Delhi,2024-02-10,173,95.15,186.84,143.59,197.22,1.82,164.35,10,2,1,162.0
Delhi,2024-03-10,162,89.1,174.96,134.46,184.68,1.7,153.9,10,3,1,184.0
Delhi,2024-04-10,184,101.2,198.72,152.72,209.76,1.93,174.8,10,4,0,145.0
Delhi,2024-05-10,145,79.75,156.6,120.35,165.3,1.52,137.75,10,5,0,143.0
Delhi,2024-06-10,143,78.65,154.44,118.69,163.02,1.5,135.85,10,6,0,126.0
Delhi,2024-07-10,126,69.3,136.08,104.58,143.64,1.32,119.7,10,7,0,167.0
Delhi,2024-08-10,167,91.85,180.36,138.61,190.38,1.75,158.65,10,8,1,164.0
Delhi,2024-09-10,164,90.2,177.12,136.12,186.96,1.72,155.8,10,9,0,132.0
Delhi,2024-10-10,132,72.6,142.56,109.56,150.48,1.39,125.4,10,10,0,141.0
Delhi,2024-11-10,141,77.55,152.28,117.03,160.74,1.48,133.95,10,11,1,155.0
Delhi,2024-12-10,155,85.25,167.4,128.65,176.7,1.63,147.25,10,12,0,339.0
Delhi,2024-01-11,339,186.45,366.12,281.37,386.46,3.56,322.05,11,1,0,318.0
Delhi,2024-02-11,318,174.9,343.44,263.94,362.52,3.34,302.1,11,2,1,381.0
Delhi,2024-03-11,381,209.55,411.48,316.23,434.34,4.0,361.95,11,3,0,380.0
Delhi,2024-04-11,380,209.0,410.4,315.4,433.2,3.99,361.0,11,4,0,372.0
Delhi,2024-05-11,372,204.6,401.76,308.76,424.08,3.91,353.4,11,5,1,351.0
Delhi,2024-06-11,351,193.05,379.08,291.33,400.14,3.69,333.45,11,6,0,377.0
Delhi,2024-07-11,377,207.35,407.16,312.91,429.78,3.96,358.15,11,7,0,379.0
Delhi,2024-08-11,379,208.45,409.32,314.57,432.06,3.98,360.05,11,8,1,350.0
Delhi,2024-09-11,350,192.5,378.0,290.5,399.0,3.68,332.5,11,9,0,334.0
Delhi,2024-10-11,334,183.7,360.72,277.22,380.76,3.51,317.3,11,10,0,352.0
Delhi,2024-11-11,352,193.6,380.16,292.16,401.28,3.7,334.4,11,11,0,334.0
Delhi,2024-12-11,334,183.7,360.72,277.22,380.76,3.51,317.3,11,12,0,285.0
Delhi,2024-01-12,285,156.75,307.8,236.55,324.9,2.99,270.75,12,1,0,280.0
Delhi,2024-02-12,280,154.0,302.4,232.4,319.2,2.94,266.0,12,2,0,268.0
Delhi,2024-03-12,268,147.4,289.44,222.44,305.52,2.81,254.6,12,3,0,178.0
Delhi,2024-04-12,178,97.9,192.24,147.74,202.92,1.87,169.1,12,4,0,165.0
Delhi,2024-05-12,165,90.75,178.2,136.95,188.1,1.73,156.75,12,5,1,197.0
Delhi,2024-06-12,197,108.35,212.76,163.51,224.58,2.07,187.15,12,6,0,233.0
Delhi,2024-07-12,233,128.15,251.64,193.39,265.62,2.45,221.35,12,7,0,302.0
Delhi,2024-08-12,302,166.1,326.16,250.66,344.28,3.17,286.9,12,8,0,186.0
Delhi,2024-09-12,186,102.3,200.88,154.38,212.04,1.95,176.7,12,9,0,234.0
Delhi,2024-10-12,234,128.7,252.72,194.22,266.76,2.46,222.3,12,10,1,199.0
Delhi,2024-11-12,199,109.45,214.92,165.17,226.86,2.09,189.05,12,11,0,288.0
Delhi,2024-12-12,288,158.4,311.04,239.04,328.32,3.02,273.6,12,12,0,119.0
Hyderabad,2018-01-01,119,65.45,128.52,98.77,135.66,1.25,113.05,1,1,0,117.0
Hyderabad,2018-02-01,117,64.35,126.36,97.11,133.38,1.23,111.15,1,2,0,156.0
Hyderabad,2018-03-01,156,85.8,168.48,129.48,177.84,1.64,148.2,1,3,0,169.0
Hyderabad,2018-04-01,169,92.95,182.52,140.27,192.66,1.77,160.55,1,4,1,148.0
Hyderabad,2018-05-01,148,81.4,159.84,122.84,168.72,1.55,140.6,1,5,0,146.0
Hyderabad,2018-06-01,146,80.3,157.68,121.18,166.44,1.53,138.7,1,6,0,139.0
Hyderabad,2018-07-01,139,76.45,150.12,115.37,158.46,1.46,132.05,1,7,1,142.0
Hyderabad,2018-08-01,142,78.1,153.36,117.86,161.88,1.49,134.9,1,8,0,153.0
Hyderabad,2018-09-01,153,84.15,165.24,126.99,174.42,1.61,145.35,1,9,1,155.0
Hyderabad,2018-10-01,155,85.25,167.4,128.65,176.7,1.63,147.25,1,10,0,152.0
Hyderabad,2018-11-01,152,83.6,164.16,126.16,173.28,1.6,144.4,1,11,0,151.0
Hyderabad,2018-12-01,151,83.05,163.08,125.33,172.14,1.59,143.45,1,12,1,117.0
Hyderabad,2018-01-02,117,64.35,126.36,97.11,133.38,1.23,111.15,2,1,0,115.0
Hyderabad,2018-02-02,115,63.25,124.2,95.45,131.1,1.21,109.25,2,2,0,107.0
Hyderabad,2018-03-02,107,58.85,115.56,88.81,121.98,1.12,101.65,2,3,0,103.0
Hyderabad,2018-04-02,103,56.65,111.24,85.49,117.42,1.08,97.85,2,4,0,122.0
Hyderabad,2018-05-02,122,67.1,131.76,101.26,139.08,1.28,115.9,2,5,0,116.0
Hyderabad,2018-06-02,116,63.8,125.28,96.28,132.24,1.22,110.2,2,6,1,138.0
Hyderabad,2018-07-02,138,75.9,149.04,114.54,157.32,1.45,131.1,2,7,0,104.0
Hyderabad,2018-08-02,104,57.2,112.32,86.32,118.56,1.09,98.8,2,8,0,105.0
Hyderabad,2018-09-02,105,57.75,113.4,87.15,119.7,1.1,99.75,2,9,1,115.0
Hyderabad,2018-10-02,115,63.25,124.2,95.45,131.1,1.21,109.25,2,10,0,102.0
Hyderabad,2018-11-02,102,56.1,110.16,84.66,116.28,1.07,96.9,2,11,0,100.0
Hyderabad,2018-12-02,100,55.0,108.0,83.0,114.0,1.05,95.0,2,12,1,121.0
Hyderabad,2018-01-03,121,66.55,130.68,100.43,137.94,1.27,114.95,3,1,0,116.0
Hyderabad,2018-02-03,116,63.8,125.28,96.28,132.24,1.22,110.2,3,2,1,109.0
Hyderabad,2018-03-03,109,59.95,117.72,90.47,124.26,1.14,103.55,3,3,1,118.0
Hyderabad,2018-04-03,118,64.9,127.44,97.94,134.52,1.24,112.1,3,4,0,105.0
Hyderabad,2018-05-03,105,57.75,113.4,87.15,119.7,1.1,99.75,3,5,0,101.0
Hyderabad,2018-06-03,101,55.55,109.08,83.83,115.14,1.06,95.95,3,6,1,101.0
Hyderabad,2018-07-03,101,55.55,109.08,83.83,115.14,1.06,95.95,3,7,0,107.0
Hyderabad,2018-08-03,107,58.85,115.56,88.81,121.98,1.12,101.65,3,8,0,117.0
Hyderabad,2018-09-03,117,64.35,126.36,97.11,133.38,1.23,111.15,3,9,0,118.0
Hyderabad,2018-10-03,118,64.9,127.44,97.94,134.52,1.24,112.1,3,10,0,117.0
Hyderabad,2018-11-03,117,64.35,126.36,97.11,133.38,1.23,111.15,3,11,1,92.0
Hyderabad,2018-12-03,92,50.6,99.36,76.36,104.88,0.97,87.4,3,12,0,94.0
Hyderabad,2018-01-04,94,51.7,101.52,78.02,107.16,0.99,89.3,4,1,0,72.0
Hyderabad,2018-02-04,72,39.6,77.76,59.76,82.08,0.76,68.4,4,2,1,97.0
Hyderabad,2018-03-04,97,53.35,104.76,80.51,110.58,1.02,92.15,4,3,1,93.0
Hyderabad,2018-04-04,93,51.15,100.44,77.19,106.02,0.98,88.35,4,4,0,86.0
Hyderabad,2018-05-04,86,47.3,92.88,71.38,98.04,0.9,81.7,4,5,0,97.0
Hyderabad,2018-06-04,97,53.35,104.76,80.51,110.58,1.02,92.15,4,6,0,77.0
Hyderabad,2018-07-04,77,42.35,83.16,63.91,87.78,0.81,73.15,4,7,0,73.0
Hyderabad,2018-08-04,73,40.15,78.84,60.59,83.22,0.77,69.35,4,8,1,101.0
Hyderabad,2018-09-04,101,55.55,109.08,83.83,115.14,1.06,95.95,4,9,0,84.0
Hyderabad,2018-10-04,84,46.2,90.72,69.72,95.76,0.88,79.8,4,10,0,70.0
Hyderabad,2018-11-04,70,38.5,75.6,58.1,79.8,0.74,66.5,4,11,1,72.0
Hyderabad,2018-12-04,72,39.6,77.76,59.76,82.08,0.76,68.4,4,12,0,117.0
Hyderabad,2018-01-05,117,64.35,126.36,97.11,133.38,1.23,111.15,5,1,0,81.0
Hyderabad,2018-02-05,81,44.55,87.48,67.23,92.34,0.85,76.95,5,2,0,100.0
Hyderabad,2018-03-05,100,55.0,108.0,83.0,114.0,1.05,95.0,5,3,0,68.0
Hyderabad,2018-04-05,68,37.4,73.44,56.44,77.52,0.71,64.6,5,4,0,68.0
Hyderabad,2018-05-05,68,37.4,73.44,56.44,77.52,0.71,64.6,5,5,1,80.0
Hyderabad,2018-06-05,80,44.0,86.4,66.4,91.2,0.84,76.0,5,6,0,86.0
Hyderabad,2018-07-05,86,47.3,92.88,71.38,98.04,0.9,81.7,5,7,0,96.0
Hyderabad,2018-08-05,96,52.8,103.68,79.68,109.44,1.01,91.2,5,8,1,105.0
Hyderabad,2018-09-05,105,57.75,113.4,87.15,119.7,1.1,99.75,5,9,0,73.0
Hyderabad,2018-10-05,73,40.15,78.84,60.59,83.22,0.77,69.35,5,10,0,78.0
Hyderabad,2018-11-05,78,42.9,84.24,64.74,88.92,0.82,74.1,5,11,0,86.0
Hyderabad,2018-12-05,86,47.3,92.88,71.38,98.04,0.9,81.7,5,12,0,108.0
Hyderabad,2018-01-06,108,59.4,116.64,89.64,123.12,1.13,102.6,6,1,1,72.0
Hyderabad,2018-02-06,72,39.6,77.76,59.76,82.08,0.76,68.4,6,2,0,85.0
Hyderabad,2018-03-06,85,46.75,91.8,70.55,96.9,0.89,80.75,6,3,0,78.0
Hyderabad,2018-04-06,78,42.9,84.24,64.74,88.92,0.82,74.1,6,4,0,74.0
Hyderabad,2018-05-06,74,40.7,79.92,61.42,84.36,0.78,70.3,6,5,1,76.0
Hyderabad,2018-06-06,76,41.8,82.08,63.08,86.64,0.8,72.2,6,6,0,60.0
Hyderabad,2018-07-06,60,33.0,64.8,49.8,68.4,0.63,57.0,6,7,0,62.0
Hyderabad,2018-08-06,62,34.1,66.96,51.46,70.68,0.65,58.9,6,8,0,55.0
Hyderabad,2018-09-06,55,30.25,59.4,45.65,62.7,0.58,52.25,6,9,0,47.0
Hyderabad,2018-10-06,47,25.85,50.76,39.01,53.58,0.49,44.65,6,10,1,52.0
Hyderabad,2018-11-06,52,28.6,56.16,43.16,59.28,0.55,49.4,6,11,0,73.0
Hyderabad,2018-12-06,73,40.15,78.84,60.59,83.22,0.77,69.35,6,12,0,52.0
Hyderabad,2018-01-07,52,28.6,56.16,43.16,59.28,0.55,49.4,7,1,1,52.0
Hyderabad,2018-02-07,52,28.6,56.16,43.16,59.28,0.55,49.4,7,2,0,48.0
Hyderabad,2018-03-07,48,26.4,51.84,39.84,54.72,0.5,45.6,7,3,0,58.0
Hyderabad,2018-04-07,58,31.9,62.64,48.14,66.12,0.61,55.1,7,4,1,58.0
Hyderabad,2018-05-07,58,31.9,62.64,48.14,66.12,0.61,55.1,7,5,0,44.0
Hyderabad,2018-06-07,44,24.2,47.52,36.52,50.16,0.46,41.8,7,6,0,62.0
Hyderabad,2018-07-07,62,34.1,66.96,51.46,70.68,0.65,58.9,7,7,1,50.0
Hyderabad,2018-08-07,50,27.5,54.0,41.5,57.0,0.53,47.5,7,8,0,48.0
Hyderabad,2018-09-07,48,26.4,51.84,39.84,54.72,0.5,45.6,7,9,0,50.0
Hyderabad,2018-10-07,50,27.5,54.0,41.5,57.0,0.53,47.5,7,10,1,46.0
Hyderabad,2018-11-07,46,25.3,49.68,38.18,52.44,0.48,43.7,7,11,0,41.0
Hyderabad,2018-12-07,41,22.55,44.28,34.03,46.74,0.43,38.95,7,12,0,77.0
Hyderabad,2018-01-08,77,42.35,83.16,63.91,87.78,0.81,73.15,8,1,0,75.0
Hyderabad,2018-02-08,75,41.25,81.0,62.25,85.5,0.79,71.25,8,2,0,95.0
Hyderabad,2018-03-08,95,52.25,102.6,78.85,108.3,1.0,90.25,8,3,0,90.0
Hyderabad,2018-04-08,90,49.5,97.2,74.7,102.6,0.95,85.5,8,4,1,64.0
Hyderabad,2018-05-08,64,35.2,69.12,53.12,72.96,0.67,60.8,8,5,0,81.0
Hyderabad,2018-06-08,81,44.55,87.48,67.23,92.34,0.85,76.95,8,6,0,55.0
Hyderabad,2018-07-08,55,30.25,59.4,45.65,62.7,0.58,52.25,8,7,1,60.0
Hyderabad,2018-08-08,60,33.0,64.8,49.8,68.4,0.63,57.0,8,8,0,50.0
Hyderabad,2018-09-08,50,27.5,54.0,41.5,57.0,0.53,47.5,8,9,1,50.0
Hyderabad,2018-10-08,50,27.5,54.0,41.5,57.0,0.53,47.5,8,10,0,46.0
Hyderabad,2018-11-08,46,25.3,49.68,38.18,52.44,0.48,43.7,8,11,0,39.0
Hyderabad,2018-12-08,39,21.45,42.12,32.37,44.46,0.41,37.05,8,12,1,69.0
Hyderabad,2018-01-09,69,37.95,74.52,57.27,78.66,0.72,65.55,9,1,0,49.0
Hyderabad,2018-02-09,49,26.95,52.92,40.67,55.86,0.51,46.55,9,2,0,48.0
Hyderabad,2018-03-09,48,26.4,51.84,39.84,54.72,0.5,45.6,9,3,0,52.0
Hyderabad,2018-04-09,52,28.6,56.16,43.16,59.28,0.55,49.4,9,4,0,71.0
Hyderabad,2018-05-09,71,39.05,76.68,58.93,80.94,0.75,67.45,9,5,0,73.0
Hyderabad,2018-06-09,73,40.15,78.84,60.59,83.22,0.77,69.35,9,6,1,83.0
Hyderabad,2018-07-09,83,45.65,89.64,68.89,94.62,0.87,78.85,9,7,0,46.0
Hyderabad,2018-08-09,46,25.3,49.68,38.18,52.44,0.48,43.7,9,8,0,83.0
Hyderabad,2018-09-09,83,45.65,89.64,68.89,94.62,0.87,78.85,9,9,1,87.0
Hyderabad,2018-10-09,87,47.85,93.96,72.21,99.18,0.91,82.65,9,10,0,77.0
Hyderabad,2018-11-09,77,42.35,83.16,63.91,87.78,0.81,73.15,9,11,0,70.0
Hyderabad,2018-12-09,70,38.5,75.6,58.1,79.8,0.74,66.5,9,12,1,128.0
Hyderabad,2018-01-10,128,70.4,138.24,106.24,145.92,1.34,121.6,10,1,0,82.0
Hyderabad,2018-02-10,82,45.1,88.56,68.06,93.48,0.86,77.9,10,2,1,75.0
Hyderabad,2018-03-10,75,41.25,81.0,62.25,85.5,0.79,71.25,10,3,1,82.0
Hyderabad,2018-04-10,82,45.1,88.56,68.06,93.48,0.86,77.9,10,4,0,84.0
Hyderabad,2018-05-10,84,46.2,90.72,69.72,95.76,0.88,79.8,10,5,0,116.0
Hyderabad,2018-06-10,116,63.8,125.28,96.28,132.24,1.22,110.2,10,6,1,118.0
Hyderabad,2018-07-10,118,64.9,127.44,97.94,134.52,1.24,112.1,10,7,0,126.0
Hyderabad,2018-08-10,126,69.3,136.08,104.58,143.64,1.32,119.7,10,8,0,126.0
Hyderabad,2018-09-10,126,69.3,136.08,104.58,143.64,1.32,119.7,10,9,0,131.0
Hyderabad,2018-10-10,131,72.05,141.48,108.73,149.34,1.38,124.45,10,10,0,117.0
Hyderabad,2018-11-10,117,64.35,126.36,97.11,133.38,1.23,111.15,10,11,1,117.0
Hyderabad,2018-12-10,117,64.35,126.36,97.11,133.38,1.23,111.15,10,12,0,106.0
Hyderabad,2018-01-11,106,58.3,114.48,87.98,120.84,1.11,100.7,11,1,0,76.0
Hyderabad,2018-02-11,76,41.8,82.08,63.08,86.64,0.8,72.2,11,2,1,55.0
Hyderabad,2018-03-11,55,30.25,59.4,45.65,62.7,0.58,52.25,11,3,1,54.0
Hyderabad,2018-04-11,54,29.7,58.32,44.82,61.56,0.57,51.3,11,4,0,63.0
Hyderabad,2018-05-11,63,34.65,68.04,52.29,71.82,0.66,59.85,11,5,0,83.0
Hyderabad,2018-06-11,83,45.65,89.64,68.89,94.62,0.87,78.85,11,6,0,97.0
Hyderabad,2018-07-11,97,53.35,104.76,80.51,110.58,1.02,92.15,11,7,0,112.0
Hyderabad,2018-08-11,112,61.6,120.96,92.96,127.68,1.18,106.4,11,8,1,120.0
Hyderabad,2018-09-11,120,66.0,129.6,99.6,136.8,1.26,114.0,11,9,0,135.0
Hyderabad,2018-10-11,135,74.25,145.8,112.05,153.9,1.42,128.25,11,10,0,128.0
Hyderabad,2018-11-11,128,70.4,138.24,106.24,145.92,1.34,121.6,11,11,1,130.0
Hyderabad,2018-12-11,130,71.5,140.4,107.9,148.2,1.37,123.5,11,12,0,137.0
Hyderabad,2018-01-12,137,75.35,147.96,113.71,156.18,1.44,130.15,12,1,0,142.0
Hyderabad,2018-02-12,142,78.1,153.36,117.86,161.88,1.49,134.9,12,2,0,144.0
Hyderabad,2018-03-12,144,79.2,155.52,119.52,164.16,1.51,136.8,12,3,0,158.0
Hyderabad,2018-04-12,158,86.9,170.64,131.14,180.12,1.66,150.1,12,4,0,140.0
Hyderabad,2018-05-12,140,77.0,151.2,116.2,159.6,1.47,133.0,12,5,1,122.0
Hyderabad,2018-06-12,122,67.1,131.76,101.26,139.08,1.28,115.9,12,6,0,108.0
Hyderabad,2018-07-12,108,59.4,116.64,89.64,123.12,1.13,102.6,12,7,0,147.0
Hyderabad,2018-08-12,147,80.85,158.76,122.01,167.58,1.54,139.65,12,8,1,160.0
Hyderabad,2018-09-12,160,88.0,172.8,132.8,182.4,1.68,152.0,12,9,0,162.0
Hyderabad,2018-10-12,162,89.1,174.96,134.46,184.68,1.7,153.9,12,10,0,156.0
Hyderabad,2018-11-12,156,85.8,168.48,129.48,177.84,1.64,148.2,12,11,0,155.0
Hyderabad,2018-12-12,155,85.25,167.4,128.65,176.7,1.63,147.25,12,12,0,132.0
Hyderabad,2019-01-01,132,72.6,142.56,109.56,150.48,1.39,125.4,1,1,0,141.0
Hyderabad,2019-02-01,141,77.55,152.28,117.03,160.74,1.48,133.95,1,2,0,144.0
Hyderabad,2019-03-01,144,79.2,155.52,119.52,164.16,1.51,136.8,1,3,0,147.0
Hyderabad,2019-04-01,147,80.85,158.76,122.01,167.58,1.54,139.65,1,4,0,145.0
Hyderabad,2019-05-01,145,79.75,156.6,120.35,165.3,1.52,137.75,1,5,0,155.0
Hyderabad,2019-06-01,155,85.25,167.4,128.65,176.7,1.63,147.25,1,6,1,153.0
Hyderabad,2019-07-01,153,84.15,165.24,126.99,174.42,1.61,145.35,1,7,0,151.0
Hyderabad,2019-08-01,151,83.05,163.08,125.33,172.14,1.59,143.45,1,8,0,148.0
Hyderabad,2019-09-01,148,81.4,159.84,122.84,168.72,1.55,140.6,1,9,1,146.0
Hyderabad,2019-10-01,146,80.3,157.68,121.18,166.44,1.53,138.7,1,10,0,152.0
Hyderabad,2019-11-01,152,83.6,164.16,126.16,173.28,1.6,144.4,1,11,0,158.0
Hyderabad,2019-12-01,158,86.9,170.64,131.14,180.12,1.66,150.1,1,12,1,130.0
Hyderabad,2019-01-02,130,71.5,140.4,107.9,148.2,1.37,123.5,2,1,0,119.0
Hyderabad,2019-02-02,119,65.45,128.52,98.77,135.66,1.25,113.05,2,2,1,122.0
Hyderabad,2019-03-02,122,67.1,131.76,101.26,139.08,1.28,115.9,2,3,1,116.0
Hyderabad,2019-04-02,116,63.8,125.28,96.28,132.24,1.22,110.2,2,4,0,117.0
Hyderabad,2019-05-02,117,64.35,126.36,97.11,133.38,1.23,111.15,2,5,0,134.0
Hyderabad,2019-06-02,134,73.7,144.72,111.22,152.76,1.41,127.3,2,6,1,118.0
Hyderabad,2019-07-02,118,64.9,127.44,97.94,134.52,1.24,112.1,2,7,0,117.0
Hyderabad,2019-08-02,117,64.35,126.36,97.11,133.38,1.23,111.15,2,8,0,132.0
Hyderabad,2019-09-02,132,72.6,142.56,109.56,150.48,1.39,125.4,2,9,0,130.0
Hyderabad,2019-10-02,130,71.5,140.4,107.9,148.2,1.37,123.5,2,10,0,114.0
Hyderabad,2019-11-02,114,62.7,123.12,94.62,129.96,1.2,108.3,2,11,1,128.0
Hyderabad,2019-12-02,128,70.4,138.24,106.24,145.92,1.34,121.6,2,12,0,119.0
Hyderabad,2019-01-03,119,65.45,128.52,98.77,135.66,1.25,113.05,3,1,0,74.0
Hyderabad,2019-02-03,74,40.7,79.92,61.42,84.36,0.78,70.3,3,2,1,68.0
Hyderabad,2019-03-03,68,37.4,73.44,56.44,77.52,0.71,64.6,3,3,1,77.0
Hyderabad,2019-04-03,77,42.35,83.16,63.91,87.78,0.81,73.15,3,4,0,126.0
Hyderabad,2019-05-03,126,69.3,136.08,104.58,143.64,1.32,119.7,3,5,0,135.0
Hyderabad,2019-06-03,135,74.25,145.8,112.05,153.9,1.42,128.25,3,6,0,139.0
Hyderabad,2019-07-03,139,76.45,150.12,115.37,158.46,1.46,132.05,3,7,0,144.0
Hyderabad,2019-08-03,144,79.2,155.52,119.52,164.16,1.51,136.8,3,8,1,114.0
Hyderabad,2019-09-03,114,62.7,123.12,94.62,129.96,1.2,108.3,3,9,0,101.0
Hyderabad,2019-10-03,101,55.55,109.08,83.83,115.14,1.06,95.95,3,10,0,87.0
Hyderabad,2019-11-03,87,47.85,93.96,72.21,99.18,0.91,82.65,3,11,1,96.0
Hyderabad,2019-12-03,96,52.8,103.68,79.68,109.44,1.01,91.2,3,12,0,99.0
Hyderabad,2019-01-04,99,54.45,106.92,82.17,112.86,1.04,94.05,4,1,0,113.0
Hyderabad,2019-02-04,113,62.15,122.04,93.79,128.82,1.19,107.35,4,2,0,104.0
Hyderabad,2019-03-04,104,57.2,112.32,86.32,118.56,1.09,98.8,4,3,0,98.0
Hyderabad,2019-04-04,98,53.9,105.84,81.34,111.72,1.03,93.1,4,4,0,85.0
Hyderabad,2019-05-04,85,46.75,91.8,70.55,96.9,0.89,80.75,4,5,1,85.0
Hyderabad,2019-06-04,85,46.75,91.8,70.55,96.9,0.89,80.75,4,6,0,73.0
Hyderabad,2019-07-04,73,40.15,78.84,60.59,83.22,0.77,69.35,4,7,0,77.0
Hyderabad,2019-08-04,77,42.35,83.16,63.91,87.78,0.81,73.15,4,8,1,88.0
Hyderabad,2019-09-04,88,48.4,95.04,73.04,100.32,0.92,83.6,4,9,0,98.0
Hyderabad,2019-10-04,98,53.9,105.84,81.34,111.72,1.03,93.1,4,10,0,77.0
Hyderabad,2019-11-04,77,42.35,83.16,63.91,87.78,0.81,73.15,4,11,0,83.0
Hyderabad,2019-12-04,83,45.65,89.64,68.89,94.62,0.87,78.85,4,12,0,94.0
Hyderabad,2019-01-05,94,51.7,101.52,78.02,107.16,0.99,89.3,5,1,1,115.0
Hyderabad,2019-02-05,115,63.25,124.2,95.45,131.1,1.21,109.25,5,2,0,118.0
Hyderabad,2019-03-05,118,64.9,127.44,97.94,134.52,1.24,112.1,5,3,0,108.0
Hyderabad,2019-04-05,108,59.4,116.64,89.64,123.12,1.13,102.6,5,4,0,102.0
Hyderabad,2019-05-05,102,56.1,110.16,84.66,116.28,1.07,96.9,5,5,1,114.0
Hyderabad,2019-06-05,114,62.7,123.12,94.62,129.96,1.2,108.3,5,6,0,130.0
Hyderabad,2019-07-05,130,71.5,140.4,107.9,148.2,1.37,123.5,5,7,0,133.0
Hyderabad,2019-08-05,133,73.15,143.64,110.39,151.62,1.4,126.35,5,8,0,127.0
Hyderabad,2019-09-05,127,69.85,137.16,105.41,144.78,1.33,120.65,5,9,0,125.0
Hyderabad,2019-10-05,125,68.75,135.0,103.75,142.5,1.31,118.75,5,10,1,120.0
Hyderabad,2019-11-05,120,66.0,129.6,99.6,136.8,1.26,114.0,5,11,0,91.0
Hyderabad,2019-12-05,91,50.05,98.28,75.53,103.74,0.96,86.45,5,12,0,86.0
Hyderabad,2019-01-06,86,47.3,92.88,71.38,98.04,0.9,81.7,6,1,1,112.0
Hyderabad,2019-02-06,112,61.6,120.96,92.96,127.68,1.18,106.4,6,2,0,79.0
Hyderabad,2019-03-06,79,43.45,85.32,65.57,90.06,0.83,75.05,6,3,0,64.0
Hyderabad,2019-04-06,64,35.2,69.12,53.12,72.96,0.67,60.8,6,4,1,76.0
Hyderabad,2019-05-06,76,41.8,82.08,63.08,86.64,0.8,72.2,6,5,0,102.0
Hyderabad,2019-06-06,102,56.1,110.16,84.66,116.28,1.07,96.9,6,6,0,75.0
Hyderabad,2019-07-06,75,41.25,81.0,62.25,85.5,0.79,71.25,6,7,1,63.0
Hyderabad,2019-08-06,63,34.65,68.04,52.29,71.82,0.66,59.85,6,8,0,76.0
Hyderabad,2019-09-06,76,41.8,82.08,63.08,86.64,0.8,72.2,6,9,0,67.0
Hyderabad,2019-10-06,67,36.85,72.36,55.61,76.38,0.7,63.65,6,10,1,48.0
Hyderabad,2019-11-06,48,26.4,51.84,39.84,54.72,0.5,45.6,6,11,0,44.0
Hyderabad,2019-12-06,44,24.2,47.52,36.52,50.16,0.46,41.8,6,12,0,42.0
Hyderabad,2019-01-07,42,23.1,45.36,34.86,47.88,0.44,39.9,7,1,0,31.0
Hyderabad,2019-02-07,31,17.05,33.48,25.73,35.34,0.33,29.45,7,2,0,41.0
Hyderabad,2019-03-07,41,22.55,44.28,34.03,46.74,0.43,38.95,7,3,0,43.0
Hyderabad,2019-04-07,43,23.65,46.44,35.69,49.02,0.45,40.85,7,4,1,36.0
Hyderabad,2019-05-07,36,19.8,38.88,29.88,41.04,0.38,34.2,7,5,0,32.0
Hyderabad,2019-06-07,32,17.6,34.56,26.56,36.48,0.34,30.4,7,6,0,42.0
Hyderabad,2019-07-07,42,23.1,45.36,34.86,47.88,0.44,39.9,7,7,1,34.0
Hyderabad,2019-08-07,34,18.7,36.72,28.22,38.76,0.36,32.3,7,8,0,39.0
Hyderabad,2019-09-07,39,21.45,42.12,32.37,44.46,0.41,37.05,7,9,1,29.0
Hyderabad,2019-10-07,29,15.95,31.32,24.07,33.06,0.3,27.55,7,10,0,38.0
Hyderabad,2019-11-07,38,20.9,41.04,31.54,43.32,0.4,36.1,7,11,0,37.0
Hyderabad,2019-12-07,37,20.35,39.96,30.71,42.18,0.39,35.15,7,12,1,30.0
Hyderabad,2019-01-08,30,16.5,32.4,24.9,34.2,0.32,28.5,8,1,0,25.0
Hyderabad,2019-02-08,25,13.75,27.0,20.75,28.5,0.26,23.75,8,2,0,20.0
Hyderabad,2019-03-08,20,11.0,21.6,16.6,22.8,0.21,19.0,8,3,0,27.0
Hyderabad,2019-04-08,27,14.85,29.16,22.41,30.78,0.28,25.65,8,4,0,27.0
Hyderabad,2019-05-08,27,14.85,29.16,22.41,30.78,0.28,25.65,8,5,0,38.0
Hyderabad,2019-06-08,38,20.9,41.04,31.54,43.32,0.4,36.1,8,6,1,26.0
Hyderabad,2019-07-08,26,14.3,28.08,21.58,29.64,0.27,24.7,8,7,0,40.0
Hyderabad,2019-08-08,40,22.0,43.2,33.2,45.6,0.42,38.0,8,8,0,35.0
Hyderabad,2019-09-08,35,19.25,37.8,29.05,39.9,0.37,33.25,8,9,1,32.0
Hyderabad,2019-10-08,32,17.6,34.56,26.56,36.48,0.34,30.4,8,10,0,44.0
Hyderabad,2019-11-08,44,24.2,47.52,36.52,50.16,0.46,41.8,8,11,0,58.0
Hyderabad,2019-12-08,58,31.9,62.64,48.14,66.12,0.61,55.1,8,12,1,27.0
Hyderabad,2019-01-09,27,14.85,29.16,22.41,30.78,0.28,25.65,9,1,0,26.0
Hyderabad,2019-02-09,26,14.3,28.08,21.58,29.64,0.27,24.7,9,2,1,30.0
Hyderabad,2019-03-09,30,16.5,32.4,24.9,34.2,0.32,28.5,9,3,1,25.0
Hyderabad,2019-04-09,25,13.75,27.0,20.75,28.5,0.26,23.75,9,4,0,26.0
Hyderabad,2019-05-09,26,14.3,28.08,21.58,29.64,0.27,24.7,9,5,0,28.0
Hyderabad,2019-06-09,28,15.4,30.24,23.24,31.92,0.29,26.6,9,6,1,27.0
Hyderabad,2019-07-09,27,14.85,29.16,22.41,30.78,0.28,25.65,9,7,0,25.0
Hyderabad,2019-08-09,25,13.75,27.0,20.75,28.5,0.26,23.75,9,8,0,34.0
Hyderabad,2019-09-09,34,18.7,36.72,28.22,38.76,0.36,32.3,9,9,0,32.0
Hyderabad,2019-10-09,32,17.6,34.56,26.56,36.48,0.34,30.4,9,10,0,50.0
Hyderabad,2019-11-09,50,27.5,54.0,41.5,57.0,0.53,47.5,9,11,1,53.0
Hyderabad,2019-12-09,53,29.15,57.24,43.99,60.42,0.56,50.35,9,12,0,76.0
Hyderabad,2019-01-10,76,41.8,82.08,63.08,86.64,0.8,72.2,10,1,0,68.0
Hyderabad,2019-02-10,68,37.4,73.44,56.44,77.52,0.71,64.6,10,2,1,80.0
Hyderabad,2019-03-10,80,44.0,86.4,66.4,91.2,0.84,76.0,10,3,1,78.0
Hyderabad,2019-04-10,78,42.9,84.24,64.74,88.92,0.82,74.1,10,4,0,72.0
Hyderabad,2019-05-10,72,39.6,77.76,59.76,82.08,0.76,68.4,10,5,0,81.0
Hyderabad,2019-06-10,81,44.55,87.48,67.23,92.34,0.85,76.95,10,6,0,92.0
Hyderabad,2019-07-10,92,50.6,99.36,76.36,104.88,0.97,87.4,10,7,0,99.0
Hyderabad,2019-08-10,99,54.45,106.92,82.17,112.86,1.04,94.05,10,8,1,95.0
Hyderabad,2019-09-10,95,52.25,102.6,78.85,108.3,1.0,90.25,10,9,0,78.0
Hyderabad,2019-10-10,78,42.9,84.24,64.74,88.92,0.82,74.1,10,10,0,62.0
Hyderabad,2019-11-10,62,34.1,66.96,51.46,70.68,0.65,58.9,10,11,1,63.0
Hyderabad,2019-12-10,63,34.65,68.04,52.29,71.82,0.66,59.85,10,12,0,52.0
Hyderabad,2019-01-11,52,28.6,56.16,43.16,59.28,0.55,49.4,11,1,0,60.0
Hyderabad,2019-02-11,60,33.0,64.8,49.8,68.4,0.63,57.0,11,2,0,84.0
Hyderabad,2019-03-11,84,46.2,90.72,69.72,95.76,0.88,79.8,11,3,0,99.0
Hyderabad,2019-04-11,99,54.45,106.92,82.17,112.86,1.04,94.05,11,4,0,169.0
Hyderabad,2019-05-11,169,92.95,182.52,140.27,192.66,1.77,160.55,11,5,1,172.0
Hyderabad,2019-06-11,172,94.6,185.76,142.76,196.08,1.81,163.4,11,6,0,153.0
Hyderabad,2019-07-11,153,84.15,165.24,126.99,174.42,1.61,145.35,11,7,0,129.0
Hyderabad,2019-08-11,129,70.95,139.32,107.07,147.06,1.35,122.55,11,8,1,158.0
Hyderabad,2019-09-11,158,86.9,170.64,131.14,180.12,1.66,150.1,11,9,0,162.0
Hyderabad,2019-10-11,162,89.1,174.96,134.46,184.68,1.7,153.9,11,10,0,121.0
Hyderabad,2019-11-11,121,66.55,130.68,100.43,137.94,1.27,114.95,11,11,0,101.0
Hyderabad,2019-12-11,101,55.55,109.08,83.83,115.14,1.06,95.95,11,12,0,128.0
Hyderabad,2019-01-12,128,70.4,138.24,106.24,145.92,1.34,121.6,12,1,1,90.0
Hyderabad,2019-02-12,90,49.5,97.2,74.7,102.6,0.95,85.5,12,2,0,68.0
Hyderabad,2019-03-12,68,37.4,73.44,56.44,77.52,0.71,64.6,12,3,0,157.0
Hyderabad,2019-04-12,157,86.35,169.56,130.31,178.98,1.65,149.15,12,4,0,175.0
Hyderabad,2019-05-12,175,96.25,189.0,145.25,199.5,1.84,166.25,12,5,1,180.0
Hyderabad,2019-06-12,180,99.0,194.4,149.4,205.2,1.89,171.0,12,6,0,181.0
Hyderabad,2019-07-12,181,99.55,195.48,150.23,206.34,1.9,171.95,12,7,0,148.0
Hyderabad,2019-08-12,148,81.4,159.84,122.84,168.72,1.55,140.6,12,8,0,114.0
Hyderabad,2019-09-12,114,62.7,123.12,94.62,129.96,1.2,108.3,12,9,0,118.0
Hyderabad,2019-10-12,118,64.9,127.44,97.94,134.52,1.24,112.1,12,10,1,127.0
Hyderabad,2019-11-12,127,69.85,137.16,105.41,144.78,1.33,120.65,12,11,0,126.0
Hyderabad,2019-12-12,126,69.3,136.08,104.58,143.64,1.32,119.7,12,12,0,81.0
Hyderabad,2020-01-01,81,44.55,87.48,67.23,92.34,0.85,76.95,1,1,0,59.0
Hyderabad,2020-02-01,59,32.45,63.72,48.97,67.26,0.62,56.05,1,2,1,61.0
Hyderabad,2020-03-01,61,33.55,65.88,50.63,69.54,0.64,57.95,1,3,1,98.0
Hyderabad,2020-04-01,98,53.9,105.84,81.34,111.72,1.03,93.1,1,4,0,115.0
Hyderabad,2020-05-01,115,63.25,124.2,95.45,131.1,1.21,109.25,1,5,0,116.0
Hyderabad,2020-06-01,116,63.8,125.28,96.28,132.24,1.22,110.2,1,6,0,93.0
Hyderabad,2020-07-01,93,51.15,100.44,77.19,106.02,0.98,88.35,1,7,0,79.0
Hyderabad,2020-08-01,79,43.45,85.32,65.57,90.06,0.83,75.05,1,8,1,82.0
Hyderabad,2020-09-01,82,45.1,88.56,68.06,93.48,0.86,77.9,1,9,0,142.0
Hyderabad,2020-10-01,142,78.1,153.36,117.86,161.88,1.49,134.9,1,10,0,152.0
Hyderabad,2020-11-01,152,83.6,164.16,126.16,173.28,1.6,144.4,1,11,1,142.0
Hyderabad,2020-12-01,142,78.1,153.36,117.86,161.88,1.49,134.9,1,12,0,91.0
Hyderabad,2020-01-02,91,50.05,98.28,75.53,103.74,0.96,86.45,2,1,0,74.0
Hyderabad,2020-02-02,74,40.7,79.92,61.42,84.36,0.78,70.3,2,2,1,77.0
Hyderabad,2020-03-02,77,42.35,83.16,63.91,87.78,0.81,73.15,2,3,0,68.0
Hyderabad,2020-04-02,68,37.4,73.44,56.44,77.52,0.71,64.6,2,4,0,70.0
Hyderabad,2020-05-02,70,38.5,75.6,58.1,79.8,0.74,66.5,2,5,1,80.0
Hyderabad,2020-06-02,80,44.0,86.4,66.4,91.2,0.84,76.0,2,6,0,80.0
Hyderabad,2020-07-02,80,44.0,86.4,66.4,91.2,0.84,76.0,2,7,0,79.0
Hyderabad,2020-08-02,79,43.45,85.32,65.57,90.06,0.83,75.05,2,8,1,82.0
Hyderabad,2020-09-02,82,45.1,88.56,68.06,93.48,0.86,77.9,2,9,0,66.0
Hyderabad,2020-10-02,66,36.3,71.28,54.78,75.24,0.69,62.7,2,10,0,75.0
Hyderabad,2020-11-02,75,41.25,81.0,62.25,85.5,0.79,71.25,2,11,0,96.0
Hyderabad,2020-12-02,96,52.8,103.68,79.68,109.44,1.01,91.2,2,12,0,92.0
Hyderabad,2020-01-03,92,50.6,99.36,76.36,104.88,0.97,87.4,3,1,0,97.0
Hyderabad,2020-02-03,97,53.35,104.76,80.51,110.58,1.02,92.15,3,2,0,97.0
Hyderabad,2020-03-03,97,53.35,104.76,80.51,110.58,1.02,92.15,3,3,0,112.0
Hyderabad,2020-04-03,112,61.6,120.96,92.96,127.68,1.18,106.4,3,4,0,118.0
Hyderabad,2020-05-03,118,64.9,127.44,97.94,134.52,1.24,112.1,3,5,1,90.0
Hyderabad,2020-06-03,90,49.5,97.2,74.7,102.6,0.95,85.5,3,6,0,83.0
Hyderabad,2020-07-03,83,45.65,89.64,68.89,94.62,0.87,78.85,3,7,0,72.0
Hyderabad,2020-08-03,72,39.6,77.76,59.76,82.08,0.76,68.4,3,8,0,71.0
Hyderabad,2020-09-03,71,39.05,76.68,58.93,80.94,0.75,67.45,3,9,0,60.0
Hyderabad,2020-10-03,60,33.0,64.8,49.8,68.4,0.63,57.0,3,10,1,63.0
Hyderabad,2020-11-03,63,34.65,68.04,52.29,71.82,0.66,59.85,3,11,0,75.0
Hyderabad,2020-12-03,75,41.25,81.0,62.25,85.5,0.79,71.25,3,12,0,84.0
Hyderabad,2020-01-04,84,46.2,90.72,69.72,95.76,0.88,79.8,4,1,1,98.0
Hyderabad,2020-02-04,98,53.9,105.84,81.34,111.72,1.03,93.1,4,2,0,73.0
Hyderabad,2020-03-04,73,40.15,78.84,60.59,83.22,0.77,69.35,4,3,0,67.0
Hyderabad,2020-04-04,67,36.85,72.36,55.61,76.38,0.7,63.65,4,4,1,66.0
Hyderabad,2020-05-04,66,36.3,71.28,54.78,75.24,0.69,62.7,4,5,0,62.0
Hyderabad,2020-06-04,62,34.1,66.96,51.46,70.68,0.65,58.9,4,6,0,47.0
Hyderabad,2020-07-04,47,25.85,50.76,39.01,53.58,0.49,44.65,4,7,1,41.0
Hyderabad,2020-08-04,41,22.55,44.28,34.03,46.74,0.43,38.95,4,8,0,63.0
Hyderabad,2020-09-04,63,34.65,68.04,52.29,71.82,0.66,59.85,4,9,0,52.0
Hyderabad,2020-10-04,52,28.6,56.16,43.16,59.28,0.55,49.4,4,10,1,65.0
Hyderabad,2020-11-04,65,35.75,70.2,53.95,74.1,0.68,61.75,4,11,0,58.0
Hyderabad,2020-12-04,58,31.9,62.64,48.14,66.12,0.61,55.1,4,12,0,58.0
Hyderabad,2020-01-05,58,31.9,62.64,48.14,66.12,0.61,55.1,5,1,1,51.0
Hyderabad,2020-02-05,51,28.05,55.08,42.33,58.14,0.54,48.45,5,2,0,73.0
Hyderabad,2020-03-05,73,40.15,78.84,60.59,83.22,0.77,69.35,5,3,0,73.0
Hyderabad,2020-04-05,73,40.15,78.84,60.59,83.22,0.77,69.35,5,4,1,68.0
Hyderabad,2020-05-05,68,37.4,73.44,56.44,77.52,0.71,64.6,5,5,0,67.0
Hyderabad,2020-06-05,67,36.85,72.36,55.61,76.38,0.7,63.65,5,6,0,54.0
Hyderabad,2020-07-05,54,29.7,58.32,44.82,61.56,0.57,51.3,5,7,1,60.0
Hyderabad,2020-08-05,60,33.0,64.8,49.8,68.4,0.63,57.0,5,8,0,65.0
Hyderabad,2020-09-05,65,35.75,70.2,53.95,74.1,0.68,61.75,5,9,1,59.0
Hyderabad,2020-10-05,59,32.45,63.72,48.97,67.26,0.62,56.05,5,10,0,78.0
Hyderabad,2020-11-05,78,42.9,84.24,64.74,88.92,0.82,74.1,5,11,0,69.0
Hyderabad,2020-12-05,69,37.95,74.52,57.27,78.66,0.72,65.55,5,12,1,46.0
Hyderabad,2020-01-06,46,25.3,49.68,38.18,52.44,0.48,43.7,6,1,0,56.0
Hyderabad,2020-02-06,56,30.8,60.48,46.48,63.84,0.59,53.2,6,2,0,34.0
Hyderabad,2020-03-06,34,18.7,36.72,28.22,38.76,0.36,32.3,6,3,0,32.0
Hyderabad,2020-04-06,32,17.6,34.56,26.56,36.48,0.34,30.4,6,4,0,42.0
Hyderabad,2020-05-06,42,23.1,45.36,34.86,47.88,0.44,39.9,6,5,0,62.0
Hyderabad,2020-06-06,62,34.1,66.96,51.46,70.68,0.65,58.9,6,6,1,60.0
Hyderabad,2020-07-06,60,33.0,64.8,49.8,68.4,0.63,57.0,6,7,0,53.0
Hyderabad,2020-08-06,53,29.15,57.24,43.99,60.42,0.56,50.35,6,8,0,53.0
Hyderabad,2020-09-06,53,29.15,57.24,43.99,60.42,0.56,50.35,6,9,1,47.0
Hyderabad,2020-10-06,47,25.85,50.76,39.01,53.58,0.49,44.65,6,10,0,41.0
Hyderabad,2020-11-06,41,22.55,44.28,34.03,46.74,0.43,38.95,6,11,0,42.0
Hyderabad,2020-12-06,42,23.1,45.36,34.86,47.88,0.44,39.9,6,12,1,39.0
Hyderabad,2020-01-07,39,21.45,42.12,32.37,44.46,0.41,37.05,7,1,0,33.0
Hyderabad,2020-02-07,33,18.15,35.64,27.39,37.62,0.35,31.35,7,2,0,31.0
Hyderabad,2020-03-07,31,17.05,33.48,25.73,35.34,0.33,29.45,7,3,1,30.0
Hyderabad,2020-04-07,30,16.5,32.4,24.9,34.2,0.32,28.5,7,4,0,32.0
Hyderabad,2020-05-07,32,17.6,34.56,26.56,36.48,0.34,30.4,7,5,0,40.0
Hyderabad,2020-06-07,40,22.0,43.2,33.2,45.6,0.42,38.0,7,6,1,37.0
Hyderabad,2020-07-07,37,20.35,39.96,30.71,42.18,0.39,35.15,7,7,0,30.0
Hyderabad,2020-08-07,30,16.5,32.4,24.9,34.2,0.32,28.5,7,8,0,33.0
Hyderabad,2020-09-07,33,18.15,35.64,27.39,37.62,0.35,31.35,7,9,0,34.0
Hyderabad,2020-10-07,34,18.7,36.72,28.22,38.76,0.36,32.3,7,10,0,33.0
Hyderabad,2020-11-07,33,18.15,35.64,27.39,37.62,0.35,31.35,7,11,1,41.0
Hyderabad,2020-12-07,41,22.55,44.28,34.03,46.74,0.43,38.95,7,12,0,60.0
Hyderabad,2020-01-08,60,33.0,64.8,49.8,68.4,0.63,57.0,8,1,0,40.0
Hyderabad,2020-02-08,40,22.0,43.2,33.2,45.6,0.42,38.0,8,2,1,26.0
Hyderabad,2020-03-08,26,14.3,28.08,21.58,29.64,0.27,24.7,8,3,1,26.0
Hyderabad,2020-04-08,26,14.3,28.08,21.58,29.64,0.27,24.7,8,4,0,27.0
Hyderabad,2020-05-08,27,14.85,29.16,22.41,30.78,0.28,25.65,8,5,0,28.0
Hyderabad,2020-06-08,28,15.4,30.24,23.24,31.92,0.29,26.6,8,6,0,30.0
Hyderabad,2020-07-08,30,16.5,32.4,24.9,34.2,0.32,28.5,8,7,0,31.0
Hyderabad,2020-08-08,31,17.05,33.48,25.73,35.34,0.33,29.45,8,8,1,45.0
Hyderabad,2020-09-08,45,24.75,48.6,37.35,51.3,0.47,42.75,8,9,0,36.0
Hyderabad,2020-10-08,36,19.8,38.88,29.88,41.04,0.38,34.2,8,10,0,32.0
Hyderabad,2020-11-08,32,17.6,34.56,26.56,36.48,0.34,30.4,8,11,1,35.0
Hyderabad,2020-12-08,35,19.25,37.8,29.05,39.9,0.37,33.25,8,12,0,63.0
Hyderabad,2020-01-09,63,34.65,68.04,52.29,71.82,0.66,59.85,9,1,0,59.0
Hyderabad,2020-02-09,59,32.45,63.72,48.97,67.26,0.62,56.05,9,2,1,60.0
Hyderabad,2020-03-09,60,33.0,64.8,49.8,68.4,0.63,57.0,9,3,0,46.0
Hyderabad,2020-04-09,46,25.3,49.68,38.18,52.44,0.48,43.7,9,4,0,47.0
Hyderabad,2020-05-09,47,25.85,50.76,39.01,53.58,0.49,44.65,9,5,1,50.0
Hyderabad,2020-06-09,50,27.5,54.0,41.5,57.0,0.53,47.5,9,6,0,48.0
Hyderabad,2020-07-09,48,26.4,51.84,39.84,54.72,0.5,45.6,9,7,0,82.0
Hyderabad,2020-08-09,82,45.1,88.56,68.06,93.48,0.86,77.9,9,8,1,83.0
Hyderabad,2020-09-09,83,45.65,89.64,68.89,94.62,0.87,78.85,9,9,0,55.0
Hyderabad,2020-10-09,55,30.25,59.4,45.65,62.7,0.58,52.25,9,10,0,52.0
Hyderabad,2020-11-09,52,28.6,56.16,43.16,59.28,0.55,49.4,9,11,0,46.0
Hyderabad,2020-12-09,46,25.3,49.68,38.18,52.44,0.48,43.7,9,12,0,70.0
Hyderabad,2020-01-10,70,38.5,75.6,58.1,79.8,0.74,66.5,10,1,0,86.0
Hyderabad,2020-02-10,86,47.3,92.88,71.38,98.04,0.9,81.7,10,2,0,94.0
Hyderabad,2020-03-10,94,51.7,101.52,78.02,107.16,0.99,89.3,10,3,0,94.0
Hyderabad,2020-04-10,94,51.7,101.52,78.02,107.16,0.99,89.3,10,4,0,87.0
Hyderabad,2020-05-10,87,47.85,93.96,72.21,99.18,0.91,82.65,10,5,1,103.0
Hyderabad,2020-06-10,103,56.65,111.24,85.49,117.42,1.08,97.85,10,6,0,107.0
Hyderabad,2020-07-10,107,58.85,115.56,88.81,121.98,1.12,101.65,10,7,0,102.0
Hyderabad,2020-08-10,102,56.1,110.16,84.66,116.28,1.07,96.9,10,8,0,104.0
Hyderabad,2020-09-10,104,57.2,112.32,86.32,118.56,1.09,98.8,10,9,0,62.0
Hyderabad,2020-10-10,62,34.1,66.96,51.46,70.68,0.65,58.9,10,10,1,68.0
Hyderabad,2020-11-10,68,37.4,73.44,56.44,77.52,0.71,64.6,10,11,0,45.0
Hyderabad,2020-12-10,45,24.75,48.6,37.35,51.3,0.47,42.75,10,12,0,162.0
Hyderabad,2020-01-11,162,89.1,174.96,134.46,184.68,1.7,153.9,11,1,1,163.0
Hyderabad,2020-02-11,163,89.65,176.04,135.29,185.82,1.71,154.85,11,2,0,167.0
Hyderabad,2020-03-11,167,91.85,180.36,138.61,190.38,1.75,158.65,11,3,0,155.0
Hyderabad,2020-04-11,155,85.25,167.4,128.65,176.7,1.63,147.25,11,4,1,150.0
Hyderabad,2020-05-11,150,82.5,162.0,124.5,171.0,1.58,142.5,11,5,0,141.0
Hyderabad,2020-06-11,141,77.55,152.28,117.03,160.74,1.48,133.95,11,6,0,161.0
Hyderabad,2020-07-11,161,88.55,173.88,133.63,183.54,1.69,152.95,11,7,1,143.0
Hyderabad,2020-08-11,143,78.65,154.44,118.69,163.02,1.5,135.85,11,8,0,149.0
Hyderabad,2020-09-11,149,81.95,160.92,123.67,169.86,1.56,141.55,11,9,0,170.0
Hyderabad,2020-10-11,170,93.5,183.6,141.1,193.8,1.79,161.5,11,10,1,151.0
Hyderabad,2020-11-11,151,83.05,163.08,125.33,172.14,1.59,143.45,11,11,0,87.0
Hyderabad,2020-12-11,87,47.85,93.96,72.21,99.18,0.91,82.65,11,12,0,96.0
Hyderabad,2020-01-12,96,52.8,103.68,79.68,109.44,1.01,91.2,12,1,1,97.0
Hyderabad,2020-02-12,97,53.35,104.76,80.51,110.58,1.02,92.15,12,2,0,98.0
Hyderabad,2020-03-12,98,53.9,105.84,81.34,111.72,1.03,93.1,12,3,0,99.0
Hyderabad,2020-04-12,99,54.45,106.92,82.17,112.86,1.04,94.05,12,4,1,100.0
Hyderabad,2020-05-12,100,55.0,108.0,83.0,114.0,1.05,95.0,12,5,0,101.0
Hyderabad,2020-06-12,101,55.55,109.08,83.83,115.14,1.06,95.95,12,6,0,102.0
Hyderabad,2020-07-12,102,56.1,110.16,84.66,116.28,1.07,96.9,12,7,1,103.0
Hyderabad,2020-08-12,103,56.65,111.24,85.49,117.42,1.08,97.85,12,8,0,104.0
Hyderabad,2020-09-12,104,57.2,112.32,86.32,118.56,1.09,98.8,12,9,1,105.0
Hyderabad,2020-10-12,105,57.75,113.4,87.15,119.7,1.1,99.75,12,10,0,106.0
Hyderabad,2020-11-12,106,58.3,114.48,87.98,120.84,1.11,100.7,12,11,0,107.0
Hyderabad,2020-12-12,107,58.85,115.56,88.81,121.98,1.12,101.65,12,12,1,188.0
Hyderabad,2021-01-01,188,103.4,203.04,156.04,214.32,1.97,178.6,1,1,0,184.0
Hyderabad,2021-02-01,184,101.2,198.72,152.72,209.76,1.93,174.8,1,2,0,192.0
Hyderabad,2021-03-01,192,105.6,207.36,159.36,218.88,2.02,182.4,1,3,0,142.0
Hyderabad,2021-04-01,142,78.1,153.36,117.86,161.88,1.49,134.9,1,4,0,106.0
Hyderabad,2021-05-01,106,58.3,114.48,87.98,120.84,1.11,100.7,1,5,1,102.0
Hyderabad,2021-06-01,102,56.1,110.16,84.66,116.28,1.07,96.9,1,6,0,86.0
Hyderabad,2021-07-01,86,47.3,92.88,71.38,98.04,0.9,81.7,1,7,0,141.0
Hyderabad,2021-08-01,141,77.55,152.28,117.03,160.74,1.48,133.95,1,8,1,68.0
Hyderabad,2021-09-01,68,37.4,73.44,56.44,77.52,0.71,64.6,1,9,0,85.0
Hyderabad,2021-10-01,85,46.75,91.8,70.55,96.9,0.89,80.75,1,10,0,144.0
Hyderabad,2021-11-01,144,79.2,155.52,119.52,164.16,1.51,136.8,1,11,0,163.0
Hyderabad,2021-12-01,163,89.65,176.04,135.29,185.82,1.71,154.85,1,12,0,149.0
Hyderabad,2021-01-02,149,81.95,160.92,123.67,169.86,1.56,141.55,2,1,1,142.0
Hyderabad,2021-02-02,142,78.1,153.36,117.86,161.88,1.49,134.9,2,2,0,144.0
Hyderabad,2021-03-02,144,79.2,155.52,119.52,164.16,1.51,136.8,2,3,0,125.0
Hyderabad,2021-04-02,125,68.75,135.0,103.75,142.5,1.31,118.75,2,4,0,114.0
Hyderabad,2021-05-02,114,62.7,123.12,94.62,129.96,1.2,108.3,2,5,1,114.0
Hyderabad,2021-06-02,114,62.7,123.12,94.62,129.96,1.2,108.3,2,6,0,149.0
Hyderabad,2021-07-02,149,81.95,160.92,123.67,169.86,1.56,141.55,2,7,0,131.0
Hyderabad,2021-08-02,131,72.05,141.48,108.73,149.34,1.38,124.45,2,8,0,152.0
Hyderabad,2021-09-02,152,83.6,164.16,126.16,173.28,1.6,144.4,2,9,0,154.0
Hyderabad,2021-10-02,154,84.7,166.32,127.82,175.56,1.62,146.3,2,10,1,129.0
Hyderabad,2021-11-02,129,70.95,139.32,107.07,147.06,1.35,122.55,2,11,0,99.0
Hyderabad,2021-12-02,99,54.45,106.92,82.17,112.86,1.04,94.05,2,12,0,128.0
Hyderabad,2021-01-03,128,70.4,138.24,106.24,145.92,1.34,121.6,3,1,1,121.0
Hyderabad,2021-02-03,121,66.55,130.68,100.43,137.94,1.27,114.95,3,2,0,131.0
Hyderabad,2021-03-03,131,72.05,141.48,108.73,149.34,1.38,124.45,3,3,0,143.0
Hyderabad,2021-04-03,143,78.65,154.44,118.69,163.02,1.5,135.85,3,4,1,103.0
Hyderabad,2021-05-03,103,56.65,111.24,85.49,117.42,1.08,97.85,3,5,0,105.0
Hyderabad,2021-06-03,105,57.75,113.4,87.15,119.7,1.1,99.75,3,6,0,122.0
Hyderabad,2021-07-03,122,67.1,131.76,101.26,139.08,1.28,115.9,3,7,1,115.0
Hyderabad,2021-08-03,115,63.25,124.2,95.45,131.1,1.21,109.25,3,8,0,106.0
Hyderabad,2021-09-03,106,58.3,114.48,87.98,120.84,1.11,100.7,3,9,0,111.0
Hyderabad,2021-10-03,111,61.05,119.88,92.13,126.54,1.17,105.45,3,10,1,109.0
Hyderabad,2021-11-03,109,59.95,117.72,90.47,124.26,1.14,103.55,3,11,0,68.0
Hyderabad,2021-12-03,68,37.4,73.44,56.44,77.52,0.71,64.6,3,12,0,140.0
Hyderabad,2021-01-04,140,77.0,151.2,116.2,159.6,1.47,133.0,4,1,0,152.0
Hyderabad,2021-02-04,152,83.6,164.16,126.16,173.28,1.6,144.4,4,2,0,150.0
Hyderabad,2021-03-04,150,82.5,162.0,124.5,171.0,1.58,142.5,4,3,0,141.0
Hyderabad,2021-04-04,141,77.55,152.28,117.03,160.74,1.48,133.95,4,4,1,154.0
Hyderabad,2021-05-04,154,84.7,166.32,127.82,175.56,1.62,146.3,4,5,0,125.0
Hyderabad,2021-06-04,125,68.75,135.0,103.75,142.5,1.31,118.75,4,6,0,111.0
Hyderabad,2021-07-04,111,61.05,119.88,92.13,126.54,1.17,105.45,4,7,1,121.0
Hyderabad,2021-08-04,121,66.55,130.68,100.43,137.94,1.27,114.95,4,8,0,132.0
Hyderabad,2021-09-04,132,72.6,142.56,109.56,150.48,1.39,125.4,4,9,1,110.0
Hyderabad,2021-10-04,110,60.5,118.8,91.3,125.4,1.16,104.5,4,10,0,76.0
Hyderabad,2021-11-04,76,41.8,82.08,63.08,86.64,0.8,72.2,4,11,0,91.0
Hyderabad,2021-12-04,91,50.05,98.28,75.53,103.74,0.96,86.45,4,12,1,98.0
Hyderabad,2021-01-05,98,53.9,105.84,81.34,111.72,1.03,93.1,5,1,0,77.0
Hyderabad,2021-02-05,77,42.35,83.16,63.91,87.78,0.81,73.15,5,2,0,69.0
Hyderabad,2021-03-05,69,37.95,74.52,57.27,78.66,0.72,65.55,5,3,0,76.0
Hyderabad,2021-04-05,76,41.8,82.08,63.08,86.64,0.8,72.2,5,4,0,69.0
Hyderabad,2021-05-05,69,37.95,74.52,57.27,78.66,0.72,65.55,5,5,0,57.0
Hyderabad,2021-06-05,57,31.35,61.56,47.31,64.98,0.6,54.15,5,6,1,52.0
Hyderabad,2021-07-05,52,28.6,56.16,43.16,59.28,0.55,49.4,5,7,0,51.0
Hyderabad,2021-08-05,51,28.05,55.08,42.33,58.14,0.54,48.45,5,8,0,51.0
Hyderabad,2021-09-05,51,28.05,55.08,42.33,58.14,0.54,48.45,5,9,1,50.0
Hyderabad,2021-10-05,50,27.5,54.0,41.5,57.0,0.53,47.5,5,10,0,67.0
Hyderabad,2021-11-05,67,36.85,72.36,55.61,76.38,0.7,63.65,5,11,0,55.0
Hyderabad,2021-12-05,55,30.25,59.4,45.65,62.7,0.58,52.25,5,12,1,45.0
Hyderabad,2021-01-06,45,24.75,48.6,37.35,51.3,0.47,42.75,6,1,0,46.0
Hyderabad,2021-02-06,46,25.3,49.68,38.18,52.44,0.48,43.7,6,2,1,48.0
Hyderabad,2021-03-06,48,26.4,51.84,39.84,54.72,0.5,45.6,6,3,1,48.0
Hyderabad,2021-04-06,48,26.4,51.84,39.84,54.72,0.5,45.6,6,4,0,46.0
Hyderabad,2021-05-06,46,25.3,49.68,38.18,52.44,0.48,43.7,6,5,0,37.0
Hyderabad,2021-06-06,37,20.35,39.96,30.71,42.18,0.39,35.15,6,6,1,40.0
Hyderabad,2021-07-06,40,22.0,43.2,33.2,45.6,0.42,38.0,6,7,0,46.0
Hyderabad,2021-08-06,46,25.3,49.68,38.18,52.44,0.48,43.7,6,8,0,37.0
Hyderabad,2021-09-06,37,20.35,39.96,30.71,42.18,0.39,35.15,6,9,0,34.0
Hyderabad,2021-10-06,34,18.7,36.72,28.22,38.76,0.36,32.3,6,10,0,31.0
Hyderabad,2021-11-06,31,17.05,33.48,25.73,35.34,0.33,29.45,6,11,1,30.0
Hyderabad,2021-12-06,30,16.5,32.4,24.9,34.2,0.32,28.5,6,12,0,46.0
Hyderabad,2021-01-07,46,25.3,49.68,38.18,52.44,0.48,43.7,7,1,0,38.0
Hyderabad,2021-02-07,38,20.9,41.04,31.54,43.32,0.4,36.1,7,2,1,49.0
Hyderabad,2021-03-07,49,26.95,52.92,40.67,55.86,0.51,46.55,7,3,1,72.0
Hyderabad,2021-04-07,72,39.6,77.76,59.76,82.08,0.76,68.4,7,4,0,63.0
Hyderabad,2021-05-07,63,34.65,68.04,52.29,71.82,0.66,59.85,7,5,0,76.0
Hyderabad,2021-06-07,76,41.8,82.08,63.08,86.64,0.8,72.2,7,6,0,64.0
Hyderabad,2021-07-07,64,35.2,69.12,53.12,72.96,0.67,60.8,7,7,0,44.0
Hyderabad,2021-08-07,44,24.2,47.52,36.52,50.16,0.46,41.8,7,8,1,40.0
Hyderabad,2021-09-07,40,22.0,43.2,33.2,45.6,0.42,38.0,7,9,0,37.0
Hyderabad,2021-10-07,37,20.35,39.96,30.71,42.18,0.39,35.15,7,10,0,38.0
Hyderabad,2021-11-07,38,20.9,41.04,31.54,43.32,0.4,36.1,7,11,1,33.0
Hyderabad,2021-12-07,33,18.15,35.64,27.39,37.62,0.35,31.35,7,12,0,42.0
Hyderabad,2021-01-08,42,23.1,45.36,34.86,47.88,0.44,39.9,8,1,0,36.0
Hyderabad,2021-02-08,36,19.8,38.88,29.88,41.04,0.38,34.2,8,2,0,39.0
Hyderabad,2021-03-08,39,21.45,42.12,32.37,44.46,0.41,37.05,8,3,0,44.0
Hyderabad,2021-04-08,44,24.2,47.52,36.52,50.16,0.46,41.8,8,4,0,41.0
Hyderabad,2021-05-08,41,22.55,44.28,34.03,46.74,0.43,38.95,8,5,1,43.0
Hyderabad,2021-06-08,43,23.65,46.44,35.69,49.02,0.45,40.85,8,6,0,71.0
Hyderabad,2021-07-08,71,39.05,76.68,58.93,80.94,0.75,67.45,8,7,0,54.0
Hyderabad,2021-08-08,54,29.7,58.32,44.82,61.56,0.57,51.3,8,8,1,55.0
Hyderabad,2021-09-08,55,30.25,59.4,45.65,62.7,0.58,52.25,8,9,0,62.0
Hyderabad,2021-10-08,62,34.1,66.96,51.46,70.68,0.65,58.9,8,10,0,56.0
Hyderabad,2021-11-08,56,30.8,60.48,46.48,63.84,0.59,53.2,8,11,0,49.0
Hyderabad,2021-12-08,49,26.95,52.92,40.67,55.86,0.51,46.55,8,12,0,43.0
Hyderabad,2021-01-09,43,23.65,46.44,35.69,49.02,0.45,40.85,9,1,1,60.0
Hyderabad,2021-02-09,60,33.0,64.8,49.8,68.4,0.63,57.0,9,2,0,45.0
Hyderabad,2021-03-09,45,24.75,48.6,37.35,51.3,0.47,42.75,9,3,0,38.0
Hyderabad,2021-04-09,38,20.9,41.04,31.54,43.32,0.4,36.1,9,4,0,38.0
Hyderabad,2021-05-09,38,20.9,41.04,31.54,43.32,0.4,36.1,9,5,1,38.0
Hyderabad,2021-06-09,38,20.9,41.04,31.54,43.32,0.4,36.1,9,6,0,38.0
Hyderabad,2021-07-09,38,20.9,41.04,31.54,43.32,0.4,36.1,9,7,0,33.0
Hyderabad,2021-08-09,33,18.15,35.64,27.39,37.62,0.35,31.35,9,8,0,34.0
Hyderabad,2021-09-09,34,18.7,36.72,28.22,38.76,0.36,32.3,9,9,0,41.0
Hyderabad,2021-10-09,41,22.55,44.28,34.03,46.74,0.43,38.95,9,10,1,38.0
Hyderabad,2021-11-09,38,20.9,41.04,31.54,43.32,0.4,36.1,9,11,0,34.0
Hyderabad,2021-12-09,34,18.7,36.72,28.22,38.76,0.36,32.3,9,12,0,54.0
Hyderabad,2021-01-10,54,29.7,58.32,44.82,61.56,0.57,51.3,10,1,1,52.0
Hyderabad,2021-02-10,52,28.6,56.16,43.16,59.28,0.55,49.4,10,2,0,60.0
Hyderabad,2021-03-10,60,33.0,64.8,49.8,68.4,0.63,57.0,10,3,0,55.0
Hyderabad,2021-04-10,55,30.25,59.4,45.65,62.7,0.58,52.25,10,4,1,62.0
Hyderabad,2021-05-10,62,34.1,66.96,51.46,70.68,0.65,58.9,10,5,0,59.0
Hyderabad,2021-06-10,59,32.45,63.72,48.97,67.26,0.62,56.05,10,6,0,46.0
Hyderabad,2021-07-10,46,25.3,49.68,38.18,52.44,0.48,43.7,10,7,1,54.0
Hyderabad,2021-08-10,54,29.7,58.32,44.82,61.56,0.57,51.3,10,8,0,42.0
Hyderabad,2021-09-10,42,23.1,45.36,34.86,47.88,0.44,39.9,10,9,0,60.0
Hyderabad,2021-10-10,60,33.0,64.8,49.8,68.4,0.63,57.0,10,10,1,89.0
Hyderabad,2021-11-10,89,48.95,96.12,73.87,101.46,0.93,84.55,10,11,0,123.0
Hyderabad,2021-12-10,123,67.65,132.84,102.09,140.22,1.29,116.85,10,12,0,127.0
Hyderabad,2021-01-11,127,69.85,137.16,105.41,144.78,1.33,120.65,11,1,0,121.0
Hyderabad,2021-02-11,121,66.55,130.68,100.43,137.94,1.27,114.95,11,2,0,46.0
Hyderabad,2021-03-11,46,25.3,49.68,38.18,52.44,0.48,43.7,11,3,0,57.0
Hyderabad,2021-04-11,57,31.35,61.56,47.31,64.98,0.6,54.15,11,4,1,78.0
Hyderabad,2021-05-11,78,42.9,84.24,64.74,88.92,0.82,74.1,11,5,0,104.0
Hyderabad,2021-06-11,104,57.2,112.32,86.32,118.56,1.09,98.8,11,6,0,142.0
Hyderabad,2021-07-11,142,78.1,153.36,117.86,161.88,1.49,134.9,11,7,1,134.0
Hyderabad,2021-08-11,134,73.7,144.72,111.22,152.76,1.41,127.3,11,8,0,145.0
Hyderabad,2021-09-11,145,79.75,156.6,120.35,165.3,1.52,137.75,11,9,1,179.0
Hyderabad,2021-10-11,179,98.45,193.32,148.57,204.06,1.88,170.05,11,10,0,169.0
Hyderabad,2021-11-11,169,92.95,182.52,140.27,192.66,1.77,160.55,11,11,0,146.0
Hyderabad,2021-12-11,146,80.3,157.68,121.18,166.44,1.53,138.7,11,12,1,131.0
Hyderabad,2021-01-12,131,72.05,141.48,108.73,149.34,1.38,124.45,12,1,0,156.0
Hyderabad,2021-02-12,156,85.8,168.48,129.48,177.84,1.64,148.2,12,2,0,170.0
Hyderabad,2021-03-12,170,93.5,183.6,141.1,193.8,1.79,161.5,12,3,0,162.0
Hyderabad,2021-04-12,162,89.1,174.96,134.46,184.68,1.7,153.9,12,4,0,162.0
Hyderabad,2021-05-12,162,89.1,174.96,134.46,184.68,1.7,153.9,12,5,0,125.0
Hyderabad,2021-06-12,125,68.75,135.0,103.75,142.5,1.31,118.75,12,6,1,109.0
Hyderabad,2021-07-12,109,59.95,117.72,90.47,124.26,1.14,103.55,12,7,0,123.0
Hyderabad,2021-08-12,123,67.65,132.84,102.09,140.22,1.29,116.85,12,8,0,102.0
Hyderabad,2021-09-12,102,56.1,110.16,84.66,116.28,1.07,96.9,12,9,1,84.0
Hyderabad,2021-10-12,84,46.2,90.72,69.72,95.76,0.88,79.8,12,10,0,101.0
Hyderabad,2021-11-12,101,55.55,109.08,83.83,115.14,1.06,95.95,12,11,0,136.0
Hyderabad,2021-12-12,136,74.8,146.88,112.88,155.04,1.43,129.2,12,12,1,126.0
Hyderabad,2022-01-01,126,69.3,136.08,104.58,143.64,1.32,119.7,1,1,1,143.0
Hyderabad,2022-02-01,143,78.65,154.44,118.69,163.02,1.5,135.85,1,2,0,136.0
Hyderabad,2022-03-01,136,74.8,146.88,112.88,155.04,1.43,129.2,1,3,0,145.0
Hyderabad,2022-04-01,145,79.75,156.6,120.35,165.3,1.52,137.75,1,4,0,151.0
Hyderabad,2022-05-01,151,83.05,163.08,125.33,172.14,1.59,143.45,1,5,1,119.0
Hyderabad,2022-06-01,119,65.45,128.52,98.77,135.66,1.25,113.05,1,6,0,84.0
Hyderabad,2022-07-01,84,46.2,90.72,69.72,95.76,0.88,79.8,1,7,0,65.0
Hyderabad,2022-08-01,65,35.75,70.2,53.95,74.1,0.68,61.75,1,8,0,72.0
Hyderabad,2022-09-01,72,39.6,77.76,59.76,82.08,0.76,68.4,1,9,0,73.0
Hyderabad,2022-10-01,73,40.15,78.84,60.59,83.22,0.77,69.35,1,10,1,64.0
Hyderabad,2022-11-01,64,35.2,69.12,53.12,72.96,0.67,60.8,1,11,0,79.0
Hyderabad,2022-12-01,79,43.45,85.32,65.57,90.06,0.83,75.05,1,12,0,173.0
Hyderabad,2022-01-02,173,95.15,186.84,143.59,197.22,1.82,164.35,2,1,1,162.0
Hyderabad,2022-02-02,162,89.1,174.96,134.46,184.68,1.7,153.9,2,2,0,110.0
Hyderabad,2022-03-02,110,60.5,118.8,91.3,125.4,1.16,104.5,2,3,0,118.0
Hyderabad,2022-04-02,118,64.9,127.44,97.94,134.52,1.24,112.1,2,4,1,152.0
Hyderabad,2022-05-02,152,83.6,164.16,126.16,173.28,1.6,144.4,2,5,0,138.0
Hyderabad,2022-06-02,138,75.9,149.04,114.54,157.32,1.45,131.1,2,6,0,124.0
Hyderabad,2022-07-02,124,68.2,133.92,102.92,141.36,1.3,117.8,2,7,1,128.0
Hyderabad,2022-08-02,128,70.4,138.24,106.24,145.92,1.34,121.6,2,8,0,108.0
Hyderabad,2022-09-02,108,59.4,116.64,89.64,123.12,1.13,102.6,2,9,0,108.0
Hyderabad,2022-10-02,108,59.4,116.64,89.64,123.12,1.13,102.6,2,10,1,142.0
Hyderabad,2022-11-02,142,78.1,153.36,117.86,161.88,1.49,134.9,2,11,0,131.0
Hyderabad,2022-12-02,131,72.05,141.48,108.73,149.34,1.38,124.45,2,12,0,73.0
Hyderabad,2022-01-03,73,40.15,78.84,60.59,83.22,0.77,69.35,3,1,0,76.0
Hyderabad,2022-02-03,76,41.8,82.08,63.08,86.64,0.8,72.2,3,2,0,93.0
Hyderabad,2022-03-03,93,51.15,100.44,77.19,106.02,0.98,88.35,3,3,0,86.0
Hyderabad,2022-04-03,86,47.3,92.88,71.38,98.04,0.9,81.7,3,4,1,94.0
Hyderabad,2022-05-03,94,51.7,101.52,78.02,107.16,0.99,89.3,3,5,0,96.0
Hyderabad,2022-06-03,96,52.8,103.68,79.68,109.44,1.01,91.2,3,6,0,83.0
Hyderabad,2022-07-03,83,45.65,89.64,68.89,94.62,0.87,78.85,3,7,1,99.0
Hyderabad,2022-08-03,99,54.45,106.92,82.17,112.86,1.04,94.05,3,8,0,130.0
Hyderabad,2022-09-03,130,71.5,140.4,107.9,148.2,1.37,123.5,3,9,1,144.0
Hyderabad,2022-10-03,144,79.2,155.52,119.52,164.16,1.51,136.8,3,10,0,140.0
Hyderabad,2022-11-03,140,77.0,151.2,116.2,159.6,1.47,133.0,3,11,0,132.0
Hyderabad,2022-12-03,132,72.6,142.56,109.56,150.48,1.39,125.4,3,12,1,137.0
Hyderabad,2022-01-04,137,75.35,147.96,113.71,156.18,1.44,130.15,4,1,0,105.0
Hyderabad,2022-02-04,105,57.75,113.4,87.15,119.7,1.1,99.75,4,2,0,120.0
Hyderabad,2022-03-04,120,66.0,129.6,99.6,136.8,1.26,114.0,4,3,0,96.0
Hyderabad,2022-04-04,96,52.8,103.68,79.68,109.44,1.01,91.2,4,4,0,92.0
Hyderabad,2022-05-04,92,50.6,99.36,76.36,104.88,0.97,87.4,4,5,0,97.0
Hyderabad,2022-06-04,97,53.35,104.76,80.51,110.58,1.02,92.15,4,6,1,108.0
Hyderabad,2022-07-04,108,59.4,116.64,89.64,123.12,1.13,102.6,4,7,0,104.0
Hyderabad,2022-08-04,104,57.2,112.32,86.32,118.56,1.09,98.8,4,8,0,84.0
Hyderabad,2022-09-04,84,46.2,90.72,69.72,95.76,0.88,79.8,4,9,1,111.0
Hyderabad,2022-10-04,111,61.05,119.88,92.13,126.54,1.17,105.45,4,10,0,78.0
Hyderabad,2022-11-04,78,42.9,84.24,64.74,88.92,0.82,74.1,4,11,0,116.0
Hyderabad,2022-12-04,116,63.8,125.28,96.28,132.24,1.22,110.2,4,12,1,127.0
Hyderabad,2022-01-05,127,69.85,137.16,105.41,144.78,1.33,120.65,5,1,0,101.0
Hyderabad,2022-02-05,101,55.55,109.08,83.83,115.14,1.06,95.95,5,2,1,133.0
Hyderabad,2022-03-05,133,73.15,143.64,110.39,151.62,1.4,126.35,5,3,1,93.0
Hyderabad,2022-04-05,93,51.15,100.44,77.19,106.02,0.98,88.35,5,4,0,91.0
Hyderabad,2022-05-05,91,50.05,98.28,75.53,103.74,0.96,86.45,5,5,0,110.0
Hyderabad,2022-06-05,110,60.5,118.8,91.3,125.4,1.16,104.5,5,6,1,109.0
Hyderabad,2022-07-05,109,59.95,117.72,90.47,124.26,1.14,103.55,5,7,0,117.0
Hyderabad,2022-08-05,117,64.35,126.36,97.11,133.38,1.23,111.15,5,8,0,136.0
Hyderabad,2022-09-05,136,74.8,146.88,112.88,155.04,1.43,129.2,5,9,0,143.0
Hyderabad,2022-10-05,143,78.65,154.44,118.69,163.02,1.5,135.85,5,10,0,86.0
Hyderabad,2022-11-05,86,47.3,92.88,71.38,98.04,0.9,81.7,5,11,1,72.0
Hyderabad,2022-12-05,72,39.6,77.76,59.76,82.08,0.76,68.4,5,12,0,100.0
Hyderabad,2022-01-06,100,55.0,108.0,83.0,114.0,1.05,95.0,6,1,0,119.0
Hyderabad,2022-02-06,119,65.45,128.52,98.77,135.66,1.25,113.05,6,2,1,96.0
Hyderabad,2022-03-06,96,52.8,103.68,79.68,109.44,1.01,91.2,6,3,1,117.0
Hyderabad,2022-04-06,117,64.35,126.36,97.11,133.38,1.23,111.15,6,4,0,128.0
Hyderabad,2022-05-06,128,70.4,138.24,106.24,145.92,1.34,121.6,6,5,0,94.0
Hyderabad,2022-06-06,94,51.7,101.52,78.02,107.16,0.99,89.3,6,6,0,90.0
Hyderabad,2022-07-06,90,49.5,97.2,74.7,102.6,0.95,85.5,6,7,0,88.0
Hyderabad,2022-08-06,88,48.4,95.04,73.04,100.32,0.92,83.6,6,8,1,86.0
Hyderabad,2022-09-06,86,47.3,92.88,71.38,98.04,0.9,81.7,6,9,0,68.0
Hyderabad,2022-10-06,68,37.4,73.44,56.44,77.52,0.71,64.6,6,10,0,63.0
Hyderabad,2022-11-06,63,34.65,68.04,52.29,71.82,0.66,59.85,6,11,1,60.0
Hyderabad,2022-12-06,60,33.0,64.8,49.8,68.4,0.63,57.0,6,12,0,54.0
Hyderabad,2022-01-07,54,29.7,58.32,44.82,61.56,0.57,51.3,7,1,0,56.0
Hyderabad,2022-02-07,56,30.8,60.48,46.48,63.84,0.59,53.2,7,2,0,57.0
Hyderabad,2022-03-07,57,31.35,61.56,47.31,64.98,0.6,54.15,7,3,0,53.0
Hyderabad,2022-04-07,53,29.15,57.24,43.99,60.42,0.56,50.35,7,4,0,51.0
Hyderabad,2022-05-07,51,28.05,55.08,42.33,58.14,0.54,48.45,7,5,1,45.0
Hyderabad,2022-06-07,45,24.75,48.6,37.35,51.3,0.47,42.75,7,6,0,49.0
Hyderabad,2022-07-07,49,26.95,52.92,40.67,55.86,0.51,46.55,7,7,0,45.0
Hyderabad,2022-08-07,45,24.75,48.6,37.35,51.3,0.47,42.75,7,8,1,43.0
Hyderabad,2022-09-07,43,23.65,46.44,35.69,49.02,0.45,40.85,7,9,0,41.0
Hyderabad,2022-10-07,41,22.55,44.28,34.03,46.74,0.43,38.95,7,10,0,52.0
Hyderabad,2022-11-07,52,28.6,56.16,43.16,59.28,0.55,49.4,7,11,0,59.0
Hyderabad,2022-12-07,59,32.45,63.72,48.97,67.26,0.62,56.05,7,12,0,57.0
Hyderabad,2022-01-08,57,31.35,61.56,47.31,64.98,0.6,54.15,8,1,1,59.0
Hyderabad,2022-02-08,59,32.45,63.72,48.97,67.26,0.62,56.05,8,2,0,61.0
Hyderabad,2022-03-08,61,33.55,65.88,50.63,69.54,0.64,57.95,8,3,0,53.0
Hyderabad,2022-04-08,53,29.15,57.24,43.99,60.42,0.56,50.35,8,4,0,52.0
Hyderabad,2022-05-08,52,28.6,56.16,43.16,59.28,0.55,49.4,8,5,1,46.0
Hyderabad,2022-06-08,46,25.3,49.68,38.18,52.44,0.48,43.7,8,6,0,52.0
Hyderabad,2022-07-08,52,28.6,56.16,43.16,59.28,0.55,49.4,8,7,0,42.0
Hyderabad,2022-08-08,42,23.1,45.36,34.86,47.88,0.44,39.9,8,8,0,38.0
Hyderabad,2022-09-08,38,20.9,41.04,31.54,43.32,0.4,36.1,8,9,0,48.0
Hyderabad,2022-10-08,48,26.4,51.84,39.84,54.72,0.5,45.6,8,10,1,54.0
Hyderabad,2022-11-08,54,29.7,58.32,44.82,61.56,0.57,51.3,8,11,0,42.0
Hyderabad,2022-12-08,42,23.1,45.36,34.86,47.88,0.44,39.9,8,12,0,50.0
Hyderabad,2022-01-09,50,27.5,54.0,41.5,57.0,0.53,47.5,9,1,1,48.0
Hyderabad,2022-02-09,48,26.4,51.84,39.84,54.72,0.5,45.6,9,2,0,48.0
Hyderabad,2022-03-09,48,26.4,51.84,39.84,54.72,0.5,45.6,9,3,0,54.0
Hyderabad,2022-04-09,54,29.7,58.32,44.82,61.56,0.57,51.3,9,4,1,51.0
Hyderabad,2022-05-09,51,28.05,55.08,42.33,58.14,0.54,48.45,9,5,0,63.0
Hyderabad,2022-06-09,63,34.65,68.04,52.29,71.82,0.66,59.85,9,6,0,59.0
Hyderabad,2022-07-09,59,32.45,63.72,48.97,67.26,0.62,56.05,9,7,1,53.0
Hyderabad,2022-08-09,53,29.15,57.24,43.99,60.42,0.56,50.35,9,8,0,47.0
Hyderabad,2022-09-09,47,25.85,50.76,39.01,53.58,0.49,44.65,9,9,0,42.0
Hyderabad,2022-10-09,42,23.1,45.36,34.86,47.88,0.44,39.9,9,10,1,44.0
Hyderabad,2022-11-09,44,24.2,47.52,36.52,50.16,0.46,41.8,9,11,0,43.0
Hyderabad,2022-12-09,43,23.65,46.44,35.69,49.02,0.45,40.85,9,12,0,71.0
Hyderabad,2022-01-10,71,39.05,76.68,58.93,80.94,0.75,67.45,10,1,0,60.0
Hyderabad,2022-02-10,60,33.0,64.8,49.8,68.4,0.63,57.0,10,2,0,62.0
Hyderabad,2022-03-10,62,34.1,66.96,51.46,70.68,0.65,58.9,10,3,0,68.0
Hyderabad,2022-04-10,68,37.4,73.44,56.44,77.52,0.71,64.6,10,4,1,74.0
Hyderabad,2022-05-10,74,40.7,79.92,61.42,84.36,0.78,70.3,10,5,0,55.0
Hyderabad,2022-06-10,55,30.25,59.4,45.65,62.7,0.58,52.25,10,6,0,48.0
Hyderabad,2022-07-10,48,26.4,51.84,39.84,54.72,0.5,45.6,10,7,1,53.0
Hyderabad,2022-08-10,53,29.15,57.24,43.99,60.42,0.56,50.35,10,8,0,51.0
Hyderabad,2022-09-10,51,28.05,55.08,42.33,58.14,0.54,48.45,10,9,1,43.0
Hyderabad,2022-10-10,43,23.65,46.44,35.69,49.02,0.45,40.85,10,10,0,44.0
Hyderabad,2022-11-10,44,24.2,47.52,36.52,50.16,0.46,41.8,10,11,0,49.0
Hyderabad,2022-12-10,49,26.95,52.92,40.67,55.86,0.51,46.55,10,12,1,103.0
Hyderabad,2022-01-11,103,56.65,111.24,85.49,117.42,1.08,97.85,11,1,0,95.0
Hyderabad,2022-02-11,95,52.25,102.6,78.85,108.3,1.0,90.25,11,2,0,94.0
Hyderabad,2022-03-11,94,51.7,101.52,78.02,107.16,0.99,89.3,11,3,0,91.0
Hyderabad,2022-04-11,91,50.05,98.28,75.53,103.74,0.96,86.45,11,4,0,92.0
Hyderabad,2022-05-11,92,50.6,99.36,76.36,104.88,0.97,87.4,11,5,0,91.0
Hyderabad,2022-06-11,91,50.05,98.28,75.53,103.74,0.96,86.45,11,6,1,100.0
Hyderabad,2022-07-11,100,55.0,108.0,83.0,114.0,1.05,95.0,11,7,0,93.0
Hyderabad,2022-08-11,93,51.15,100.44,77.19,106.02,0.98,88.35,11,8,0,90.0
Hyderabad,2022-09-11,90,49.5,97.2,74.7,102.6,0.95,85.5,11,9,1,86.0
Hyderabad,2022-10-11,86,47.3,92.88,71.38,98.04,0.9,81.7,11,10,0,102.0
Hyderabad,2022-11-11,102,56.1,110.16,84.66,116.28,1.07,96.9,11,11,0,83.0
Hyderabad,2022-12-11,83,45.65,89.64,68.89,94.62,0.87,78.85,11,12,1,123.0
Hyderabad,2022-01-12,123,67.65,132.84,102.09,140.22,1.29,116.85,12,1,0,119.0
Hyderabad,2022-02-12,119,65.45,128.52,98.77,135.66,1.25,113.05,12,2,1,96.0
Hyderabad,2022-03-12,96,52.8,103.68,79.68,109.44,1.01,91.2,12,3,1,98.0
Hyderabad,2022-04-12,98,53.9,105.84,81.34,111.72,1.03,93.1,12,4,0,124.0
Hyderabad,2022-05-12,124,68.2,133.92,102.92,141.36,1.3,117.8,12,5,0,113.0
Hyderabad,2022-06-12,113,62.15,122.04,93.79,128.82,1.19,107.35,12,6,1,117.0
Hyderabad,2022-07-12,117,64.35,126.36,97.11,133.38,1.23,111.15,12,7,0,111.0
Hyderabad,2022-08-12,111,61.05,119.88,92.13,126.54,1.17,105.45,12,8,0,107.0
Hyderabad,2022-09-12,107,58.85,115.56,88.81,121.98,1.12,101.65,12,9,0,98.0
Hyderabad,2022-10-12,98,53.9,105.84,81.34,111.72,1.03,93.1,12,10,0,81.0
Hyderabad,2022-11-12,81,44.55,87.48,67.23,92.34,0.85,76.95,12,11,1,55.0
Hyderabad,2022-12-12,55,30.25,59.4,45.65,62.7,0.58,52.25,12,12,0,97.0
Hyderabad,2023-01-01,97,53.35,104.76,80.51,110.58,1.02,92.15,1,1,1,88.0
Hyderabad,2023-02-01,88,48.4,95.04,73.04,100.32,0.92,83.6,1,2,0,95.0
Hyderabad,2023-03-01,95,52.25,102.6,78.85,108.3,1.0,90.25,1,3,0,87.0
Hyderabad,2023-04-01,87,47.85,93.96,72.21,99.18,0.91,82.65,1,4,1,102.0
Hyderabad,2023-05-01,102,56.1,110.16,84.66,116.28,1.07,96.9,1,5,0,134.0
Hyderabad,2023-06-01,134,73.7,144.72,111.22,152.76,1.41,127.3,1,6,0,128.0
Hyderabad,2023-07-01,128,70.4,138.24,106.24,145.92,1.34,121.6,1,7,1,117.0
Hyderabad,2023-08-01,117,64.35,126.36,97.11,133.38,1.23,111.15,1,8,0,103.0
Hyderabad,2023-09-01,103,56.65,111.24,85.49,117.42,1.08,97.85,1,9,0,112.0
Hyderabad,2023-10-01,112,61.6,120.96,92.96,127.68,1.18,106.4,1,10,1,130.0
Hyderabad,2023-11-01,130,71.5,140.4,107.9,148.2,1.37,123.5,1,11,0,114.0
Hyderabad,2023-12-01,114,62.7,123.12,94.62,129.96,1.2,108.3,1,12,0,121.0
Hyderabad,2023-01-02,121,66.55,130.68,100.43,137.94,1.27,114.95,2,1,0,112.0
Hyderabad,2023-02-02,112,61.6,120.96,92.96,127.68,1.18,106.4,2,2,0,91.0
Hyderabad,2023-03-02,91,50.05,98.28,75.53,103.74,0.96,86.45,2,3,0,116.0
Hyderabad,2023-04-02,116,63.8,125.28,96.28,132.24,1.22,110.2,2,4,1,113.0
Hyderabad,2023-05-02,113,62.15,122.04,93.79,128.82,1.19,107.35,2,5,0,112.0
Hyderabad,2023-06-02,112,61.6,120.96,92.96,127.68,1.18,106.4,2,6,0,104.0
Hyderabad,2023-07-02,104,57.2,112.32,86.32,118.56,1.09,98.8,2,7,1,102.0
Hyderabad,2023-08-02,102,56.1,110.16,84.66,116.28,1.07,96.9,2,8,0,112.0
Hyderabad,2023-09-02,112,61.6,120.96,92.96,127.68,1.18,106.4,2,9,1,114.0
Hyderabad,2023-10-02,114,62.7,123.12,94.62,129.96,1.2,108.3,2,10,0,111.0
Hyderabad,2023-11-02,111,61.05,119.88,92.13,126.54,1.17,105.45,2,11,0,116.0
Hyderabad,2023-12-02,116,63.8,125.28,96.28,132.24,1.22,110.2,2,12,1,82.0
Hyderabad,2023-01-03,82,45.1,88.56,68.06,93.48,0.86,77.9,3,1,0,94.0
Hyderabad,2023-02-03,94,51.7,101.52,78.02,107.16,0.99,89.3,3,2,0,105.0
Hyderabad,2023-03-03,105,57.75,113.4,87.15,119.7,1.1,99.75,3,3,0,103.0
Hyderabad,2023-04-03,103,56.65,111.24,85.49,117.42,1.08,97.85,3,4,0,111.0
Hyderabad,2023-05-03,111,61.05,119.88,92.13,126.54,1.17,105.45,3,5,0,108.0
Hyderabad,2023-06-03,108,59.4,116.64,89.64,123.12,1.13,102.6,3,6,1,96.0
Hyderabad,2023-07-03,96,52.8,103.68,79.68,109.44,1.01,91.2,3,7,0,80.0
Hyderabad,2023-08-03,80,44.0,86.4,66.4,91.2,0.84,76.0,3,8,0,99.0
Hyderabad,2023-09-03,99,54.45,106.92,82.17,112.86,1.04,94.05,3,9,1,89.0
Hyderabad,2023-10-03,89,48.95,96.12,73.87,101.46,0.93,84.55,3,10,0,101.0
Hyderabad,2023-11-03,101,55.55,109.08,83.83,115.14,1.06,95.95,3,11,0,90.0
Hyderabad,2023-12-03,90,49.5,97.2,74.7,102.6,0.95,85.5,3,12,1,90.0
Hyderabad,2023-01-04,90,49.5,97.2,74.7,102.6,0.95,85.5,4,1,0,90.0
Hyderabad,2023-02-04,90,49.5,97.2,74.7,102.6,0.95,85.5,4,2,1,74.0
Hyderabad,2023-03-04,74,40.7,79.92,61.42,84.36,0.78,70.3,4,3,1,74.0
Hyderabad,2023-04-04,74,40.7,79.92,61.42,84.36,0.78,70.3,4,4,0,78.0
Hyderabad,2023-05-04,78,42.9,84.24,64.74,88.92,0.82,74.1,4,5,0,95.0
Hyderabad,2023-06-04,95,52.25,102.6,78.85,108.3,1.0,90.25,4,6,1,93.0
Hyderabad,2023-07-04,93,51.15,100.44,77.19,106.02,0.98,88.35,4,7,0,89.0
Hyderabad,2023-08-04,89,48.95,96.12,73.87,101.46,0.93,84.55,4,8,0,95.0
Hyderabad,2023-09-04,95,52.25,102.6,78.85,108.3,1.0,90.25,4,9,0,95.0
Hyderabad,2023-10-04,95,52.25,102.6,78.85,108.3,1.0,90.25,4,10,0,95.0
Hyderabad,2023-11-04,95,52.25,102.6,78.85,108.3,1.0,90.25,4,11,1,96.0
Hyderabad,2023-12-04,96,52.8,103.68,79.68,109.44,1.01,91.2,4,12,0,52.0
Hyderabad,2023-01-05,52,28.6,56.16,43.16,59.28,0.55,49.4,5,1,0,66.0
Hyderabad,2023-02-05,66,36.3,71.28,54.78,75.24,0.69,62.7,5,2,1,62.0
Hyderabad,2023-03-05,62,34.1,66.96,51.46,70.68,0.65,58.9,5,3,1,68.0
Hyderabad,2023-04-05,68,37.4,73.44,56.44,77.52,0.71,64.6,5,4,0,67.0
Hyderabad,2023-05-05,67,36.85,72.36,55.61,76.38,0.7,63.65,5,5,0,81.0
Hyderabad,2023-06-05,81,44.55,87.48,67.23,92.34,0.85,76.95,5,6,0,72.0
Hyderabad,2023-07-05,72,39.6,77.76,59.76,82.08,0.76,68.4,5,7,0,77.0
Hyderabad,2023-08-05,77,42.35,83.16,63.91,87.78,0.81,73.15,5,8,1,77.0
Hyderabad,2023-09-05,77,42.35,83.16,63.91,87.78,0.81,73.15,5,9,0,80.0
Hyderabad,2023-10-05,80,44.0,86.4,66.4,91.2,0.84,76.0,5,10,0,109.0
Hyderabad,2023-11-05,109,59.95,117.72,90.47,124.26,1.14,103.55,5,11,1,95.0
Hyderabad,2023-12-05,95,52.25,102.6,78.85,108.3,1.0,90.25,5,12,0,87.0
Hyderabad,2023-01-06,87,47.85,93.96,72.21,99.18,0.91,82.65,6,1,0,96.0
Hyderabad,2023-02-06,96,52.8,103.68,79.68,109.44,1.01,91.2,6,2,0,88.0
Hyderabad,2023-03-06,88,48.4,95.04,73.04,100.32,0.92,83.6,6,3,0,79.0
Hyderabad,2023-04-06,79,43.45,85.32,65.57,90.06,0.83,75.05,6,4,0,61.0
Hyderabad,2023-05-06,61,33.55,65.88,50.63,69.54,0.64,57.95,6,5,1,89.0
Hyderabad,2023-06-06,89,48.95,96.12,73.87,101.46,0.93,84.55,6,6,0,79.0
Hyderabad,2023-07-06,79,43.45,85.32,65.57,90.06,0.83,75.05,6,7,0,62.0
Hyderabad,2023-08-06,62,34.1,66.96,51.46,70.68,0.65,58.9,6,8,1,72.0
Hyderabad,2023-09-06,72,39.6,77.76,59.76,82.08,0.76,68.4,6,9,0,70.0
Hyderabad,2023-10-06,70,38.5,75.6,58.1,79.8,0.74,66.5,6,10,0,57.0
Hyderabad,2023-11-06,57,31.35,61.56,47.31,64.98,0.6,54.15,6,11,0,56.0
Hyderabad,2023-12-06,56,30.8,60.48,46.48,63.84,0.59,53.2,6,12,0,55.0
Hyderabad,2023-01-07,55,30.25,59.4,45.65,62.7,0.58,52.25,7,1,1,58.0
Hyderabad,2023-02-07,58,31.9,62.64,48.14,66.12,0.61,55.1,7,2,0,59.0
Hyderabad,2023-03-07,59,32.45,63.72,48.97,67.26,0.62,56.05,7,3,0,53.0
Hyderabad,2023-04-07,53,29.15,57.24,43.99,60.42,0.56,50.35,7,4,0,57.0
Hyderabad,2023-05-07,57,31.35,61.56,47.31,64.98,0.6,54.15,7,5,1,54.0
Hyderabad,2023-06-07,54,29.7,58.32,44.82,61.56,0.57,51.3,7,6,0,50.0
Hyderabad,2023-07-07,50,27.5,54.0,41.5,57.0,0.53,47.5,7,7,0,63.0
Hyderabad,2023-08-07,63,34.65,68.04,52.29,71.82,0.66,59.85,7,8,0,51.0
Hyderabad,2023-09-07,51,28.05,55.08,42.33,58.14,0.54,48.45,7,9,0,60.0
Hyderabad,2023-10-07,60,33.0,64.8,49.8,68.4,0.63,57.0,7,10,1,74.0
Hyderabad,2023-11-07,74,40.7,79.92,61.42,84.36,0.78,70.3,7,11,0,73.0
Hyderabad,2023-12-07,73,40.15,78.84,60.59,83.22,0.77,69.35,7,12,0,54.0
Hyderabad,2023-01-08,54,29.7,58.32,44.82,61.56,0.57,51.3,8,1,1,60.0
Hyderabad,2023-02-08,60,33.0,64.8,49.8,68.4,0.63,57.0,8,2,0,63.0
Hyderabad,2023-03-08,63,34.65,68.04,52.29,71.82,0.66,59.85,8,3,0,64.0
Hyderabad,2023-04-08,64,35.2,69.12,53.12,72.96,0.67,60.8,8,4,1,62.0
Hyderabad,2023-05-08,62,34.1,66.96,51.46,70.68,0.65,58.9,8,5,0,61.0
Hyderabad,2023-06-08,61,33.55,65.88,50.63,69.54,0.64,57.95,8,6,0,61.0
Hyderabad,2023-07-08,61,33.55,65.88,50.63,69.54,0.64,57.95,8,7,1,70.0
Hyderabad,2023-08-08,70,38.5,75.6,58.1,79.8,0.74,66.5,8,8,0,68.0
Hyderabad,2023-09-08,68,37.4,73.44,56.44,77.52,0.71,64.6,8,9,0,86.0
Hyderabad,2023-10-08,86,47.3,92.88,71.38,98.04,0.9,81.7,8,10,1,81.0
Hyderabad,2023-11-08,81,44.55,87.48,67.23,92.34,0.85,76.95,8,11,0,80.0
Hyderabad,2023-12-08,80,44.0,86.4,66.4,91.2,0.84,76.0,8,12,0,98.0
Hyderabad,2023-01-09,98,53.9,105.84,81.34,111.72,1.03,93.1,9,1,0,85.0
Hyderabad,2023-02-09,85,46.75,91.8,70.55,96.9,0.89,80.75,9,2,0,68.0
Hyderabad,2023-03-09,68,37.4,73.44,56.44,77.52,0.71,64.6,9,3,0,58.0
Hyderabad,2023-04-09,58,31.9,62.64,48.14,66.12,0.61,55.1,9,4,1,63.0
Hyderabad,2023-05-09,63,34.65,68.04,52.29,71.82,0.66,59.85,9,5,0,60.0
Hyderabad,2023-06-09,60,33.0,64.8,49.8,68.4,0.63,57.0,9,6,0,82.0
Hyderabad,2023-07-09,82,45.1,88.56,68.06,93.48,0.86,77.9,9,7,1,53.0
Hyderabad,2023-08-09,53,29.15,57.24,43.99,60.42,0.56,50.35,9,8,0,52.0
Hyderabad,2023-09-09,52,28.6,56.16,43.16,59.28,0.55,49.4,9,9,1,53.0
Hyderabad,2023-10-09,53,29.15,57.24,43.99,60.42,0.56,50.35,9,10,0,66.0
Hyderabad,2023-11-09,66,36.3,71.28,54.78,75.24,0.69,62.7,9,11,0,69.0
Hyderabad,2023-12-09,69,37.95,74.52,57.27,78.66,0.72,65.55,9,12,1,57.0
Hyderabad,2023-01-10,57,31.35,61.56,47.31,64.98,0.6,54.15,10,1,0,61.0
Hyderabad,2023-02-10,61,33.55,65.88,50.63,69.54,0.64,57.95,10,2,0,83.0
Hyderabad,2023-03-10,83,45.65,89.64,68.89,94.62,0.87,78.85,10,3,0,94.0
Hyderabad,2023-04-10,94,51.7,101.52,78.02,107.16,0.99,89.3,10,4,0,97.0
Hyderabad,2023-05-10,97,53.35,104.76,80.51,110.58,1.02,92.15,10,5,0,94.0
Hyderabad,2023-06-10,94,51.7,101.52,78.02,107.16,0.99,89.3,10,6,1,88.0
Hyderabad,2023-07-10,88,48.4,95.04,73.04,100.32,0.92,83.6,10,7,0,92.0
Hyderabad,2023-08-10,92,50.6,99.36,76.36,104.88,0.97,87.4,10,8,0,96.0
Hyderabad,2023-09-10,96,52.8,103.68,79.68,109.44,1.01,91.2,10,9,1,105.0
Hyderabad,2023-10-10,105,57.75,113.4,87.15,119.7,1.1,99.75,10,10,0,104.0
Hyderabad,2023-11-10,104,57.2,112.32,86.32,118.56,1.09,98.8,10,11,0,102.0
Hyderabad,2023-12-10,102,56.1,110.16,84.66,116.28,1.07,96.9,10,12,1,96.0
Hyderabad,2023-01-11,96,52.8,103.68,79.68,109.44,1.01,91.2,11,1,0,92.0
Hyderabad,2023-02-11,92,50.6,99.36,76.36,104.88,0.97,87.4,11,2,1,73.0
Hyderabad,2023-03-11,73,40.15,78.84,60.59,83.22,0.77,69.35,11,3,1,75.0
Hyderabad,2023-04-11,75,41.25,81.0,62.25,85.5,0.79,71.25,11,4,0,98.0
Hyderabad,2023-05-11,98,53.9,105.84,81.34,111.72,1.03,93.1,11,5,0,89.0
Hyderabad,2023-06-11,89,48.95,96.12,73.87,101.46,0.93,84.55,11,6,1,66.0
Hyderabad,2023-07-11,66,36.3,71.28,54.78,75.24,0.69,62.7,11,7,0,58.0
Hyderabad,2023-08-11,58,31.9,62.64,48.14,66.12,0.61,55.1,11,8,0,69.0
Hyderabad,2023-09-11,69,37.95,74.52,57.27,78.66,0.72,65.55,11,9,0,97.0
Hyderabad,2023-10-11,97,53.35,104.76,80.51,110.58,1.02,92.15,11,10,0,94.0
Hyderabad,2023-11-11,94,51.7,101.52,78.02,107.16,0.99,89.3,11,11,1,125.0
Hyderabad,2023-12-11,125,68.75,135.0,103.75,142.5,1.31,118.75,11,12,0,71.0
Hyderabad,2023-01-12,71,39.05,76.68,58.93,80.94,0.75,67.45,12,1,0,85.0
Hyderabad,2023-02-12,85,46.75,91.8,70.55,96.9,0.89,80.75,12,2,1,69.0
Hyderabad,2023-03-12,69,37.95,74.52,57.27,78.66,0.72,65.55,12,3,1,69.0
Hyderabad,2023-04-12,69,37.95,74.52,57.27,78.66,0.72,65.55,12,4,0,72.0
Hyderabad,2023-05-12,72,39.6,77.76,59.76,82.08,0.76,68.4,12,5,0,61.0
Hyderabad,2023-06-12,61,33.55,65.88,50.63,69.54,0.64,57.95,12,6,0,58.0
Hyderabad,2023-07-12,58,31.9,62.64,48.14,66.12,0.61,55.1,12,7,0,62.0
Hyderabad,2023-08-12,62,34.1,66.96,51.46,70.68,0.65,58.9,12,8,1,74.0
Hyderabad,2023-09-12,74,40.7,79.92,61.42,84.36,0.78,70.3,12,9,0,79.0
Hyderabad,2023-10-12,79,43.45,85.32,65.57,90.06,0.83,75.05,12,10,0,92.0
Hyderabad,2023-11-12,92,50.6,99.36,76.36,104.88,0.97,87.4,12,11,1,82.0
Hyderabad,2023-12-12,82,45.1,88.56,68.06,93.48,0.86,77.9,12,12,0,108.0
Hyderabad,2024-01-01,108,59.4,116.64,89.64,123.12,1.13,102.6,1,1,0,109.0
Hyderabad,2024-02-01,109,59.95,117.72,90.47,124.26,1.14,103.55,1,2,0,111.0
Hyderabad,2024-03-01,111,61.05,119.88,92.13,126.54,1.17,105.45,1,3,0,124.0
Hyderabad,2024-04-01,124,68.2,133.92,102.92,141.36,1.3,117.8,1,4,0,88.0
Hyderabad,2024-05-01,88,48.4,95.04,73.04,100.32,0.92,83.6,1,5,0,74.0
Hyderabad,2024-06-01,74,40.7,79.92,61.42,84.36,0.78,70.3,1,6,1,74.0
Hyderabad,2024-07-01,74,40.7,79.92,61.42,84.36,0.78,70.3,1,7,0,85.0
Hyderabad,2024-08-01,85,46.75,91.8,70.55,96.9,0.89,80.75,1,8,0,90.0
Hyderabad,2024-09-01,90,49.5,97.2,74.7,102.6,0.95,85.5,1,9,1,100.0
Hyderabad,2024-10-01,100,55.0,108.0,83.0,114.0,1.05,95.0,1,10,0,109.0
Hyderabad,2024-11-01,109,59.95,117.72,90.47,124.26,1.14,103.55,1,11,0,102.0
Hyderabad,2024-12-01,102,56.1,110.16,84.66,116.28,1.07,96.9,1,12,1,73.0
Hyderabad,2024-01-02,73,40.15,78.84,60.59,83.22,0.77,69.35,2,1,0,96.0
Hyderabad,2024-02-02,96,52.8,103.68,79.68,109.44,1.01,91.2,2,2,0,79.0
Hyderabad,2024-03-02,79,43.45,85.32,65.57,90.06,0.83,75.05,2,3,1,90.0
Hyderabad,2024-04-02,90,49.5,97.2,74.7,102.6,0.95,85.5,2,4,0,79.0
Hyderabad,2024-05-02,79,43.45,85.32,65.57,90.06,0.83,75.05,2,5,0,78.0
Hyderabad,2024-06-02,78,42.9,84.24,64.74,88.92,0.82,74.1,2,6,1,79.0
Hyderabad,2024-07-02,79,43.45,85.32,65.57,90.06,0.83,75.05,2,7,0,100.0
Hyderabad,2024-08-02,100,55.0,108.0,83.0,114.0,1.05,95.0,2,8,0,89.0
Hyderabad,2024-09-02,89,48.95,96.12,73.87,101.46,0.93,84.55,2,9,0,78.0
Hyderabad,2024-10-02,78,42.9,84.24,64.74,88.92,0.82,74.1,2,10,0,84.0
Hyderabad,2024-11-02,84,46.2,90.72,69.72,95.76,0.88,79.8,2,11,1,75.0
Hyderabad,2024-12-02,75,41.25,81.0,62.25,85.5,0.79,71.25,2,12,0,84.0
Hyderabad,2024-01-03,84,46.2,90.72,69.72,95.76,0.88,79.8,3,1,0,77.0
Hyderabad,2024-02-03,77,42.35,83.16,63.91,87.78,0.81,73.15,3,2,1,80.0
Hyderabad,2024-03-03,80,44.0,86.4,66.4,91.2,0.84,76.0,3,3,1,84.0
Hyderabad,2024-04-03,84,46.2,90.72,69.72,95.76,0.88,79.8,3,4,0,89.0
Hyderabad,2024-05-03,89,48.95,96.12,73.87,101.46,0.93,84.55,3,5,0,91.0
Hyderabad,2024-06-03,91,50.05,98.28,75.53,103.74,0.96,86.45,3,6,0,83.0
Hyderabad,2024-07-03,83,45.65,89.64,68.89,94.62,0.87,78.85,3,7,0,86.0
Hyderabad,2024-08-03,86,47.3,92.88,71.38,98.04,0.9,81.7,3,8,1,87.0
Hyderabad,2024-09-03,87,47.85,93.96,72.21,99.18,0.91,82.65,3,9,0,80.0
Hyderabad,2024-10-03,80,44.0,86.4,66.4,91.2,0.84,76.0,3,10,0,69.0
Hyderabad,2024-11-03,69,37.95,74.52,57.27,78.66,0.72,65.55,3,11,1,83.0
Hyderabad,2024-12-03,83,45.65,89.64,68.89,94.62,0.87,78.85,3,12,0,88.0
Hyderabad,2024-01-04,88,48.4,95.04,73.04,100.32,0.92,83.6,4,1,0,95.0
Hyderabad,2024-02-04,95,52.25,102.6,78.85,108.3,1.0,90.25,4,2,1,86.0
Hyderabad,2024-03-04,86,47.3,92.88,71.38,98.04,0.9,81.7,4,3,0,86.0
Hyderabad,2024-04-04,86,47.3,92.88,71.38,98.04,0.9,81.7,4,4,0,86.0
Hyderabad,2024-05-04,86,47.3,92.88,71.38,98.04,0.9,81.7,4,5,1,95.0
Hyderabad,2024-06-04,95,52.25,102.6,78.85,108.3,1.0,90.25,4,6,0,90.0
Hyderabad,2024-07-04,90,49.5,97.2,74.7,102.6,0.95,85.5,4,7,0,89.0
Hyderabad,2024-08-04,89,48.95,96.12,73.87,101.46,0.93,84.55,4,8,1,84.0
Hyderabad,2024-09-04,84,46.2,90.72,69.72,95.76,0.88,79.8,4,9,0,78.0
Hyderabad,2024-10-04,78,42.9,84.24,64.74,88.92,0.82,74.1,4,10,0,73.0
Hyderabad,2024-11-04,73,40.15,78.84,60.59,83.22,0.77,69.35,4,11,0,75.0
Hyderabad,2024-12-04,75,41.25,81.0,62.25,85.5,0.79,71.25,4,12,0,88.0
Hyderabad,2024-01-05,88,48.4,95.04,73.04,100.32,0.92,83.6,5,1,0,90.0
Hyderabad,2024-02-05,90,49.5,97.2,74.7,102.6,0.95,85.5,5,2,0,93.0
Hyderabad,2024-03-05,93,51.15,100.44,77.19,106.02,0.98,88.35,5,3,0,95.0
Hyderabad,2024-04-05,95,52.25,102.6,78.85,108.3,1.0,90.25,5,4,0,95.0
Hyderabad,2024-05-05,95,52.25,102.6,78.85,108.3,1.0,90.25,5,5,1,87.0
Hyderabad,2024-06-05,87,47.85,93.96,72.21,99.18,0.91,82.65,5,6,0,81.0
Hyderabad,2024-07-05,81,44.55,87.48,67.23,92.34,0.85,76.95,5,7,0,59.0
Hyderabad,2024-08-05,59,32.45,63.72,48.97,67.26,0.62,56.05,5,8,0,64.0
Hyderabad,2024-09-05,64,35.2,69.12,53.12,72.96,0.67,60.8,5,9,0,64.0
Hyderabad,2024-10-05,64,35.2,69.12,53.12,72.96,0.67,60.8,5,10,1,75.0
Hyderabad,2024-11-05,75,41.25,81.0,62.25,85.5,0.79,71.25,5,11,0,73.0
Hyderabad,2024-12-05,73,40.15,78.84,60.59,83.22,0.77,69.35,5,12,0,94.0
Hyderabad,2024-01-06,94,51.7,101.52,78.02,107.16,0.99,89.3,6,1,1,85.0
Hyderabad,2024-02-06,85,46.75,91.8,70.55,96.9,0.89,80.75,6,2,0,66.0
Hyderabad,2024-03-06,66,36.3,71.28,54.78,75.24,0.69,62.7,6,3,0,58.0
Hyderabad,2024-04-06,58,31.9,62.64,48.14,66.12,0.61,55.1,6,4,1,63.0
Hyderabad,2024-05-06,63,34.65,68.04,52.29,71.82,0.66,59.85,6,5,0,63.0
Hyderabad,2024-06-06,63,34.65,68.04,52.29,71.82,0.66,59.85,6,6,0,58.0
Hyderabad,2024-07-06,58,31.9,62.64,48.14,66.12,0.61,55.1,6,7,1,66.0
Hyderabad,2024-08-06,66,36.3,71.28,54.78,75.24,0.69,62.7,6,8,0,70.0
Hyderabad,2024-09-06,70,38.5,75.6,58.1,79.8,0.74,66.5,6,9,0,63.0
Hyderabad,2024-10-06,63,34.65,68.04,52.29,71.82,0.66,59.85,6,10,1,70.0
Hyderabad,2024-11-06,70,38.5,75.6,58.1,79.8,0.74,66.5,6,11,0,58.0
Hyderabad,2024-12-06,58,31.9,62.64,48.14,66.12,0.61,55.1,6,12,0,65.0
Hyderabad,2024-01-07,65,35.75,70.2,53.95,74.1,0.68,61.75,7,1,1,92.0
Hyderabad,2024-02-07,92,50.6,99.36,76.36,104.88,0.97,87.4,7,2,0,37.0
Hyderabad,2024-03-07,37,20.35,39.96,30.71,42.18,0.39,35.15,7,3,0,50.0
Hyderabad,2024-04-07,50,27.5,54.0,41.5,57.0,0.53,47.5,7,4,1,54.0
Hyderabad,2024-05-07,54,29.7,58.32,44.82,61.56,0.57,51.3,7,5,0,57.0
Hyderabad,2024-06-07,57,31.35,61.56,47.31,64.98,0.6,54.15,7,6,0,54.0
Hyderabad,2024-07-07,54,29.7,58.32,44.82,61.56,0.57,51.3,7,7,1,50.0
Hyderabad,2024-08-07,50,27.5,54.0,41.5,57.0,0.53,47.5,7,8,0,57.0
Hyderabad,2024-09-07,57,31.35,61.56,47.31,64.98,0.6,54.15,7,9,1,66.0
Hyderabad,2024-10-07,66,36.3,71.28,54.78,75.24,0.69,62.7,7,10,0,54.0
Hyderabad,2024-11-07,54,29.7,58.32,44.82,61.56,0.57,51.3,7,11,0,56.0
Hyderabad,2024-12-07,56,30.8,60.48,46.48,63.84,0.59,53.2,7,12,1,52.0
Hyderabad,2024-01-08,52,28.6,56.16,43.16,59.28,0.55,49.4,8,1,0,45.0
Hyderabad,2024-02-08,45,24.75,48.6,37.35,51.3,0.47,42.75,8,2,0,46.0
Hyderabad,2024-03-08,46,25.3,49.68,38.18,52.44,0.48,43.7,8,3,0,55.0
Hyderabad,2024-04-08,55,30.25,59.4,45.65,62.7,0.58,52.25,8,4,0,44.0
Hyderabad,2024-05-08,44,24.2,47.52,36.52,50.16,0.46,41.8,8,5,0,55.0
Hyderabad,2024-06-08,55,30.25,59.4,45.65,62.7,0.58,52.25,8,6,1,48.0
Hyderabad,2024-07-08,48,26.4,51.84,39.84,54.72,0.5,45.6,8,7,0,56.0
Hyderabad,2024-08-08,56,30.8,60.48,46.48,63.84,0.59,53.2,8,8,0,59.0
Hyderabad,2024-09-08,59,32.45,63.72,48.97,67.26,0.62,56.05,8,9,1,55.0
Hyderabad,2024-10-08,55,30.25,59.4,45.65,62.7,0.58,52.25,8,10,0,57.0
Hyderabad,2024-11-08,57,31.35,61.56,47.31,64.98,0.6,54.15,8,11,0,56.0
Hyderabad,2024-12-08,56,30.8,60.48,46.48,63.84,0.59,53.2,8,12,1,48.0
Hyderabad,2024-01-09,48,26.4,51.84,39.84,54.72,0.5,45.6,9,1,0,122.0
Hyderabad,2024-02-09,122,67.1,131.76,101.26,139.08,1.28,115.9,9,2,0,53.0
Hyderabad,2024-03-09,53,29.15,57.24,43.99,60.42,0.56,50.35,9,3,1,47.0
Hyderabad,2024-04-09,47,25.85,50.76,39.01,53.58,0.49,44.65,9,4,0,51.0
Hyderabad,2024-05-09,51,28.05,55.08,42.33,58.14,0.54,48.45,9,5,0,50.0
Hyderabad,2024-06-09,50,27.5,54.0,41.5,57.0,0.53,47.5,9,6,1,52.0
Hyderabad,2024-07-09,52,28.6,56.16,43.16,59.28,0.55,49.4,9,7,0,52.0
Hyderabad,2024-08-09,52,28.6,56.16,43.16,59.28,0.55,49.4,9,8,0,57.0
Hyderabad,2024-09-09,57,31.35,61.56,47.31,64.98,0.6,54.15,9,9,0,55.0
Hyderabad,2024-10-09,55,30.25,59.4,45.65,62.7,0.58,52.25,9,10,0,51.0
Hyderabad,2024-11-09,51,28.05,55.08,42.33,58.14,0.54,48.45,9,11,1,56.0
Hyderabad,2024-12-09,56,30.8,60.48,46.48,63.84,0.59,53.2,9,12,0,76.0
Hyderabad,2024-01-10,76,41.8,82.08,63.08,86.64,0.8,72.2,10,1,0,61.0
Hyderabad,2024-02-10,61,33.55,65.88,50.63,69.54,0.64,57.95,10,2,1,65.0
Hyderabad,2024-03-10,65,35.75,70.2,53.95,74.1,0.68,61.75,10,3,1,68.0
Hyderabad,2024-04-10,68,37.4,73.44,56.44,77.52,0.71,64.6,10,4,0,67.0
Hyderabad,2024-05-10,67,36.85,72.36,55.61,76.38,0.7,63.65,10,5,0,88.0
Hyderabad,2024-06-10,88,48.4,95.04,73.04,100.32,0.92,83.6,10,6,0,89.0
Hyderabad,2024-07-10,89,48.95,96.12,73.87,101.46,0.93,84.55,10,7,0,88.0
Hyderabad,2024-08-10,88,48.4,95.04,73.04,100.32,0.92,83.6,10,8,1,62.0
Hyderabad,2024-09-10,62,34.1,66.96,51.46,70.68,0.65,58.9,10,9,0,68.0
Hyderabad,2024-10-10,68,37.4,73.44,56.44,77.52,0.71,64.6,10,10,0,54.0
Hyderabad,2024-11-10,54,29.7,58.32,44.82,61.56,0.57,51.3,10,11,1,55.0
Hyderabad,2024-12-10,55,30.25,59.4,45.65,62.7,0.58,52.25,10,12,0,135.0
Hyderabad,2024-01-11,135,74.25,145.8,112.05,153.9,1.42,128.25,11,1,0,117.0
Hyderabad,2024-02-11,117,64.35,126.36,97.11,133.38,1.23,111.15,11,2,1,108.0
Hyderabad,2024-03-11,108,59.4,116.64,89.64,123.12,1.13,102.6,11,3,0,102.0
Hyderabad,2024-04-11,102,56.1,110.16,84.66,116.28,1.07,96.9,11,4,0,103.0
Hyderabad,2024-05-11,103,56.65,111.24,85.49,117.42,1.08,97.85,11,5,1,111.0
Hyderabad,2024-06-11,111,61.05,119.88,92.13,126.54,1.17,105.45,11,6,0,104.0
Hyderabad,2024-07-11,104,57.2,112.32,86.32,118.56,1.09,98.8,11,7,0,110.0
Hyderabad,2024-08-11,110,60.5,118.8,91.3,125.4,1.16,104.5,11,8,1,102.0
Hyderabad,2024-09-11,102,56.1,110.16,84.66,116.28,1.07,96.9,11,9,0,104.0
Hyderabad,2024-10-11,104,57.2,112.32,86.32,118.56,1.09,98.8,11,10,0,113.0
Hyderabad,2024-11-11,113,62.15,122.04,93.79,128.82,1.19,107.35,11,11,0,117.0
Hyderabad,2024-12-11,117,64.35,126.36,97.11,133.38,1.23,111.15,11,12,0,84.0
Hyderabad,2024-01-12,84,46.2,90.72,69.72,95.76,0.88,79.8,12,1,0,79.0
Hyderabad,2024-02-12,79,43.45,85.32,65.57,90.06,0.83,75.05,12,2,0,65.0
Hyderabad,2024-03-12,65,35.75,70.2,53.95,74.1,0.68,61.75,12,3,0,61.0
Hyderabad,2024-04-12,61,33.55,65.88,50.63,69.54,0.64,57.95,12,4,0,83.0
Hyderabad,2024-05-12,83,45.65,89.64,68.89,94.62,0.87,78.85,12,5,1,77.0
Hyderabad,2024-06-12,77,42.35,83.16,63.91,87.78,0.81,73.15,12,6,0,78.0
Hyderabad,2024-07-12,78,42.9,84.24,64.74,88.92,0.82,74.1,12,7,0,67.0
Hyderabad,2024-08-12,67,36.85,72.36,55.61,76.38,0.7,63.65,12,8,0,67.0
Hyderabad,2024-09-12,67,36.85,72.36,55.61,76.38,0.7,63.65,12,9,0,87.0
Hyderabad,2024-10-12,87,47.85,93.96,72.21,99.18,0.91,82.65,12,10,1,96.0
Hyderabad,2024-11-12,96,52.8,103.68,79.68,109.44,1.01,91.2,12,11,0,95.0
Hyderabad,2024-12-12,95,52.25,102.6,78.85,108.3,1.0,90.25,12,12,0,68.0
Bangalore,2018-01-01,68,37.4,73.44,56.44,77.52,0.71,64.6,1,1,0,76.0
Bangalore,2018-02-01,76,41.8,82.08,63.08,86.64,0.8,72.2,1,2,0,70.0
Bangalore,2018-03-01,70,38.5,75.6,58.1,79.8,0.74,66.5,1,3,0,78.0
Bangalore,2018-04-01,78,42.9,84.24,64.74,88.92,0.82,74.1,1,4,1,82.0
Bangalore,2018-05-01,82,45.1,88.56,68.06,93.48,0.86,77.9,1,5,0,90.0
Bangalore,2018-06-01,90,49.5,97.2,74.7,102.6,0.95,85.5,1,6,0,91.0
Bangalore,2018-07-01,91,50.05,98.28,75.53,103.74,0.96,86.45,1,7,1,82.0
Bangalore,2018-08-01,82,45.1,88.56,68.06,93.48,0.86,77.9,1,8,0,76.0
Bangalore,2018-09-01,76,41.8,82.08,63.08,86.64,0.8,72.2,1,9,1,76.0
Bangalore,2018-10-01,76,41.8,82.08,63.08,86.64,0.8,72.2,1,10,0,75.0
Bangalore,2018-11-01,75,41.25,81.0,62.25,85.5,0.79,71.25,1,11,0,81.0
Bangalore,2018-12-01,81,44.55,87.48,67.23,92.34,0.85,76.95,1,12,1,89.0
Bangalore,2018-01-02,89,48.95,96.12,73.87,101.46,0.93,84.55,2,1,0,89.0
Bangalore,2018-02-02,89,48.95,96.12,73.87,101.46,0.93,84.55,2,2,0,78.0
Bangalore,2018-03-02,78,42.9,84.24,64.74,88.92,0.82,74.1,2,3,0,80.0
Bangalore,2018-04-02,80,44.0,86.4,66.4,91.2,0.84,76.0,2,4,0,69.0
Bangalore,2018-05-02,69,37.95,74.52,57.27,78.66,0.72,65.55,2,5,0,82.0
Bangalore,2018-06-02,82,45.1,88.56,68.06,93.48,0.86,77.9,2,6,1,74.0
Bangalore,2018-07-02,74,40.7,79.92,61.42,84.36,0.78,70.3,2,7,0,68.0
Bangalore,2018-08-02,68,37.4,73.44,56.44,77.52,0.71,64.6,2,8,0,92.0
Bangalore,2018-09-02,92,50.6,99.36,76.36,104.88,0.97,87.4,2,9,1,84.0
Bangalore,2018-10-02,84,46.2,90.72,69.72,95.76,0.88,79.8,2,10,0,88.0
Bangalore,2018-11-02,88,48.4,95.04,73.04,100.32,0.92,83.6,2,11,0,72.0
Bangalore,2018-12-02,72,39.6,77.76,59.76,82.08,0.76,68.4,2,12,1,72.0
Bangalore,2018-01-03,72,39.6,77.76,59.76,82.08,0.76,68.4,3,1,0,88.0
Bangalore,2018-02-03,88,48.4,95.04,73.04,100.32,0.92,83.6,3,2,1,84.0
Bangalore,2018-03-03,84,46.2,90.72,69.72,95.76,0.88,79.8,3,3,1,86.0
Bangalore,2018-04-03,86,47.3,92.88,71.38,98.04,0.9,81.7,3,4,0,111.0
Bangalore,2018-05-03,111,61.05,119.88,92.13,126.54,1.17,105.45,3,5,0,89.0
Bangalore,2018-06-03,89,48.95,96.12,73.87,101.46,0.93,84.55,3,6,1,91.0
Bangalore,2018-07-03,91,50.05,98.28,75.53,103.74,0.96,86.45,3,7,0,103.0
Bangalore,2018-08-03,103,56.65,111.24,85.49,117.42,1.08,97.85,3,8,0,122.0
Bangalore,2018-09-03,122,67.1,131.76,101.26,139.08,1.28,115.9,3,9,0,127.0
Bangalore,2018-10-03,127,69.85,137.16,105.41,144.78,1.33,120.65,3,10,0,119.0
Bangalore,2018-11-03,119,65.45,128.52,98.77,135.66,1.25,113.05,3,11,1,94.0
Bangalore,2018-12-03,94,51.7,101.52,78.02,107.16,0.99,89.3,3,12,0,112.0
Bangalore,2018-01-04,112,61.6,120.96,92.96,127.68,1.18,106.4,4,1,0,92.0
Bangalore,2018-02-04,92,50.6,99.36,76.36,104.88,0.97,87.4,4,2,1,97.0
Bangalore,2018-03-04,97,53.35,104.76,80.51,110.58,1.02,92.15,4,3,1,106.0
Bangalore,2018-04-04,106,58.3,114.48,87.98,120.84,1.11,100.7,4,4,0,118.0
Bangalore,2018-05-04,118,64.9,127.44,97.94,134.52,1.24,112.1,4,5,0,116.0
Bangalore,2018-06-04,116,63.8,125.28,96.28,132.24,1.22,110.2,4,6,0,128.0
Bangalore,2018-07-04,128,70.4,138.24,106.24,145.92,1.34,121.6,4,7,0,108.0
Bangalore,2018-08-04,108,59.4,116.64,89.64,123.12,1.13,102.6,4,8,1,57.0
Bangalore,2018-09-04,57,31.35,61.56,47.31,64.98,0.6,54.15,4,9,0,66.0
Bangalore,2018-10-04,66,36.3,71.28,54.78,75.24,0.69,62.7,4,10,0,81.0
Bangalore,2018-11-04,81,44.55,87.48,67.23,92.34,0.85,76.95,4,11,1,90.0
Bangalore,2018-12-04,90,49.5,97.2,74.7,102.6,0.95,85.5,4,12,0,108.0
Bangalore,2018-01-05,108,59.4,116.64,89.64,123.12,1.13,102.6,5,1,0,87.0
Bangalore,2018-02-05,87,47.85,93.96,72.21,99.18,0.91,82.65,5,2,0,85.0
Bangalore,2018-03-05,85,46.75,91.8,70.55,96.9,0.89,80.75,5,3,0,96.0
Bangalore,2018-04-05,96,52.8,103.68,79.68,109.44,1.01,91.2,5,4,0,115.0
Bangalore,2018-05-05,115,63.25,124.2,95.45,131.1,1.21,109.25,5,5,1,84.0
Bangalore,2018-06-05,84,46.2,90.72,69.72,95.76,0.88,79.8,5,6,0,108.0
Bangalore,2018-07-05,108,59.4,116.64,89.64,123.12,1.13,102.6,5,7,0,110.0
Bangalore,2018-08-05,110,60.5,118.8,91.3,125.4,1.16,104.5,5,8,1,67.0
Bangalore,2018-09-05,67,36.85,72.36,55.61,76.38,0.7,63.65,5,9,0,64.0
Bangalore,2018-10-05,64,35.2,69.12,53.12,72.96,0.67,60.8,5,10,0,53.0
Bangalore,2018-11-05,53,29.15,57.24,43.99,60.42,0.56,50.35,5,11,0,65.0
Bangalore,2018-12-05,65,35.75,70.2,53.95,74.1,0.68,61.75,5,12,0,70.0
Bangalore,2018-01-06,70,38.5,75.6,58.1,79.8,0.74,66.5,6,1,1,79.0
Bangalore,2018-02-06,79,43.45,85.32,65.57,90.06,0.83,75.05,6,2,0,78.0
Bangalore,2018-03-06,78,42.9,84.24,64.74,88.92,0.82,74.1,6,3,0,59.0
Bangalore,2018-04-06,59,32.45,63.72,48.97,67.26,0.62,56.05,6,4,0,56.0
Bangalore,2018-05-06,56,30.8,60.48,46.48,63.84,0.59,53.2,6,5,1,57.0
Bangalore,2018-06-06,57,31.35,61.56,47.31,64.98,0.6,54.15,6,6,0,64.0
Bangalore,2018-07-06,64,35.2,69.12,53.12,72.96,0.67,60.8,6,7,0,55.0
Bangalore,2018-08-06,55,30.25,59.4,45.65,62.7,0.58,52.25,6,8,0,58.0
Bangalore,2018-09-06,58,31.9,62.64,48.14,66.12,0.61,55.1,6,9,0,53.0
Bangalore,2018-10-06,53,29.15,57.24,43.99,60.42,0.56,50.35,6,10,1,88.0
Bangalore,2018-11-06,88,48.4,95.04,73.04,100.32,0.92,83.6,6,11,0,57.0
Bangalore,2018-12-06,57,31.35,61.56,47.31,64.98,0.6,54.15,6,12,0,52.0
Bangalore,2018-01-07,52,28.6,56.16,43.16,59.28,0.55,49.4,7,1,1,62.0
Bangalore,2018-02-07,62,34.1,66.96,51.46,70.68,0.65,58.9,7,2,0,54.0
Bangalore,2018-03-07,54,29.7,58.32,44.82,61.56,0.57,51.3,7,3,0,56.0
Bangalore,2018-04-07,56,30.8,60.48,46.48,63.84,0.59,53.2,7,4,1,56.0
Bangalore,2018-05-07,56,30.8,60.48,46.48,63.84,0.59,53.2,7,5,0,62.0
Bangalore,2018-06-07,62,34.1,66.96,51.46,70.68,0.65,58.9,7,6,0,44.0
Bangalore,2018-07-07,44,24.2,47.52,36.52,50.16,0.46,41.8,7,7,1,53.0
Bangalore,2018-08-07,53,29.15,57.24,43.99,60.42,0.56,50.35,7,8,0,56.0
Bangalore,2018-09-07,56,30.8,60.48,46.48,63.84,0.59,53.2,7,9,0,56.0
Bangalore,2018-10-07,56,30.8,60.48,46.48,63.84,0.59,53.2,7,10,1,68.0
Bangalore,2018-11-07,68,37.4,73.44,56.44,77.52,0.71,64.6,7,11,0,50.0
Bangalore,2018-12-07,50,27.5,54.0,41.5,57.0,0.53,47.5,7,12,0,56.0
Bangalore,2018-01-08,56,30.8,60.48,46.48,63.84,0.59,53.2,8,1,0,52.0
Bangalore,2018-02-08,52,28.6,56.16,43.16,59.28,0.55,49.4,8,2,0,46.0
Bangalore,2018-03-08,46,25.3,49.68,38.18,52.44,0.48,43.7,8,3,0,75.0
Bangalore,2018-04-08,75,41.25,81.0,62.25,85.5,0.79,71.25,8,4,1,73.0
Bangalore,2018-05-08,73,40.15,78.84,60.59,83.22,0.77,69.35,8,5,0,56.0
Bangalore,2018-06-08,56,30.8,60.48,46.48,63.84,0.59,53.2,8,6,0,59.0
Bangalore,2018-07-08,59,32.45,63.72,48.97,67.26,0.62,56.05,8,7,1,51.0
Bangalore,2018-08-08,51,28.05,55.08,42.33,58.14,0.54,48.45,8,8,0,50.0
Bangalore,2018-09-08,50,27.5,54.0,41.5,57.0,0.53,47.5,8,9,1,58.0
Bangalore,2018-10-08,58,31.9,62.64,48.14,66.12,0.61,55.1,8,10,0,48.0
Bangalore,2018-11-08,48,26.4,51.84,39.84,54.72,0.5,45.6,8,11,0,48.0
Bangalore,2018-12-08,48,26.4,51.84,39.84,54.72,0.5,45.6,8,12,1,68.0
Bangalore,2018-01-09,68,37.4,73.44,56.44,77.52,0.71,64.6,9,1,0,55.0
Bangalore,2018-02-09,55,30.25,59.4,45.65,62.7,0.58,52.25,9,2,0,55.0
Bangalore,2018-03-09,55,30.25,59.4,45.65,62.7,0.58,52.25,9,3,0,69.0
Bangalore,2018-04-09,69,37.95,74.52,57.27,78.66,0.72,65.55,9,4,0,69.0
Bangalore,2018-05-09,69,37.95,74.52,57.27,78.66,0.72,65.55,9,5,0,64.0
Bangalore,2018-06-09,64,35.2,69.12,53.12,72.96,0.67,60.8,9,6,1,71.0
Bangalore,2018-07-09,71,39.05,76.68,58.93,80.94,0.75,67.45,9,7,0,45.0
Bangalore,2018-08-09,45,24.75,48.6,37.35,51.3,0.47,42.75,9,8,0,56.0
Bangalore,2018-09-09,56,30.8,60.48,46.48,63.84,0.59,53.2,9,9,1,68.0
Bangalore,2018-10-09,68,37.4,73.44,56.44,77.52,0.71,64.6,9,10,0,81.0
Bangalore,2018-11-09,81,44.55,87.48,67.23,92.34,0.85,76.95,9,11,0,78.0
Bangalore,2018-12-09,78,42.9,84.24,64.74,88.92,0.82,74.1,9,12,1,61.0
Bangalore,2018-01-10,61,33.55,65.88,50.63,69.54,0.64,57.95,10,1,0,46.0
Bangalore,2018-02-10,46,25.3,49.68,38.18,52.44,0.48,43.7,10,2,1,50.0
Bangalore,2018-03-10,50,27.5,54.0,41.5,57.0,0.53,47.5,10,3,1,49.0
Bangalore,2018-04-10,49,26.95,52.92,40.67,55.86,0.51,46.55,10,4,0,44.0
Bangalore,2018-05-10,44,24.2,47.52,36.52,50.16,0.46,41.8,10,5,0,41.0
Bangalore,2018-06-10,41,22.55,44.28,34.03,46.74,0.43,38.95,10,6,1,51.0
Bangalore,2018-07-10,51,28.05,55.08,42.33,58.14,0.54,48.45,10,7,0,82.0
Bangalore,2018-08-10,82,45.1,88.56,68.06,93.48,0.86,77.9,10,8,0,72.0
Bangalore,2018-09-10,72,39.6,77.76,59.76,82.08,0.76,68.4,10,9,0,88.0
Bangalore,2018-10-10,88,48.4,95.04,73.04,100.32,0.92,83.6,10,10,0,111.0
Bangalore,2018-11-10,111,61.05,119.88,92.13,126.54,1.17,105.45,10,11,1,115.0
Bangalore,2018-12-10,115,63.25,124.2,95.45,131.1,1.21,109.25,10,12,0,69.0
Bangalore,2018-01-11,69,37.95,74.52,57.27,78.66,0.72,65.55,11,1,0,62.0
Bangalore,2018-02-11,62,34.1,66.96,51.46,70.68,0.65,58.9,11,2,1,58.0
Bangalore,2018-03-11,58,31.9,62.64,48.14,66.12,0.61,55.1,11,3,1,60.0
Bangalore,2018-04-11,60,33.0,64.8,49.8,68.4,0.63,57.0,11,4,0,66.0
Bangalore,2018-05-11,66,36.3,71.28,54.78,75.24,0.69,62.7,11,5,0,87.0
Bangalore,2018-06-11,87,47.85,93.96,72.21,99.18,0.91,82.65,11,6,0,84.0
Bangalore,2018-07-11,84,46.2,90.72,69.72,95.76,0.88,79.8,11,7,0,132.0
Bangalore,2018-08-11,132,72.6,142.56,109.56,150.48,1.39,125.4,11,8,1,93.0
Bangalore,2018-09-11,93,51.15,100.44,77.19,106.02,0.98,88.35,11,9,0,92.0
Bangalore,2018-10-11,92,50.6,99.36,76.36,104.88,0.97,87.4,11,10,0,102.0
Bangalore,2018-11-11,102,56.1,110.16,84.66,116.28,1.07,96.9,11,11,1,105.0
Bangalore,2018-12-11,105,57.75,113.4,87.15,119.7,1.1,99.75,11,12,0,75.0
Bangalore,2018-01-12,75,41.25,81.0,62.25,85.5,0.79,71.25,12,1,0,84.0
Bangalore,2018-02-12,84,46.2,90.72,69.72,95.76,0.88,79.8,12,2,0,57.0
Bangalore,2018-03-12,57,31.35,61.56,47.31,64.98,0.6,54.15,12,3,0,68.0
Bangalore,2018-04-12,68,37.4,73.44,56.44,77.52,0.71,64.6,12,4,0,68.0
Bangalore,2018-05-12,68,37.4,73.44,56.44,77.52,0.71,64.6,12,5,1,60.0
Bangalore,2018-06-12,60,33.0,64.8,49.8,68.4,0.63,57.0,12,6,0,68.0
Bangalore,2018-07-12,68,37.4,73.44,56.44,77.52,0.71,64.6,12,7,0,100.0
Bangalore,2018-08-12,100,55.0,108.0,83.0,114.0,1.05,95.0,12,8,1,118.0
Bangalore,2018-09-12,118,64.9,127.44,97.94,134.52,1.24,112.1,12,9,0,162.0
Bangalore,2018-10-12,162,89.1,174.96,134.46,184.68,1.7,153.9,12,10,0,176.0
Bangalore,2018-11-12,176,96.8,190.08,146.08,200.64,1.85,167.2,12,11,0,179.0
Bangalore,2018-12-12,179,98.45,193.32,148.57,204.06,1.88,170.05,12,12,0,118.0
Bangalore,2019-01-01,118,64.9,127.44,97.94,134.52,1.24,112.1,1,1,0,92.0
Bangalore,2019-02-01,92,50.6,99.36,76.36,104.88,0.97,87.4,1,2,0,93.0
Bangalore,2019-03-01,93,51.15,100.44,77.19,106.02,0.98,88.35,1,3,0,104.0
Bangalore,2019-04-01,104,57.2,112.32,86.32,118.56,1.09,98.8,1,4,0,102.0
Bangalore,2019-05-01,102,56.1,110.16,84.66,116.28,1.07,96.9,1,5,0,115.0
Bangalore,2019-06-01,115,63.25,124.2,95.45,131.1,1.21,109.25,1,6,1,113.0
Bangalore,2019-07-01,113,62.15,122.04,93.79,128.82,1.19,107.35,1,7,0,108.0
Bangalore,2019-08-01,108,59.4,116.64,89.64,123.12,1.13,102.6,1,8,0,133.0
Bangalore,2019-09-01,133,73.15,143.64,110.39,151.62,1.4,126.35,1,9,1,125.0
Bangalore,2019-10-01,125,68.75,135.0,103.75,142.5,1.31,118.75,1,10,0,135.0
Bangalore,2019-11-01,135,74.25,145.8,112.05,153.9,1.42,128.25,1,11,0,133.0
Bangalore,2019-12-01,133,73.15,143.64,110.39,151.62,1.4,126.35,1,12,1,93.0
Bangalore,2019-01-02,93,51.15,100.44,77.19,106.02,0.98,88.35,2,1,0,101.0
Bangalore,2019-02-02,101,55.55,109.08,83.83,115.14,1.06,95.95,2,2,1,95.0
Bangalore,2019-03-02,95,52.25,102.6,78.85,108.3,1.0,90.25,2,3,1,67.0
Bangalore,2019-04-02,67,36.85,72.36,55.61,76.38,0.7,63.65,2,4,0,81.0
Bangalore,2019-05-02,81,44.55,87.48,67.23,92.34,0.85,76.95,2,5,0,107.0
Bangalore,2019-06-02,107,58.85,115.56,88.81,121.98,1.12,101.65,2,6,1,152.0
Bangalore,2019-07-02,152,83.6,164.16,126.16,173.28,1.6,144.4,2,7,0,106.0
Bangalore,2019-08-02,106,58.3,114.48,87.98,120.84,1.11,100.7,2,8,0,165.0
Bangalore,2019-09-02,165,90.75,178.2,136.95,188.1,1.73,156.75,2,9,0,107.0
Bangalore,2019-10-02,107,58.85,115.56,88.81,121.98,1.12,101.65,2,10,0,72.0
Bangalore,2019-11-02,72,39.6,77.76,59.76,82.08,0.76,68.4,2,11,1,83.0
Bangalore,2019-12-02,83,45.65,89.64,68.89,94.62,0.87,78.85,2,12,0,149.0
Bangalore,2019-01-03,149,81.95,160.92,123.67,169.86,1.56,141.55,3,1,0,104.0
Bangalore,2019-02-03,104,57.2,112.32,86.32,118.56,1.09,98.8,3,2,1,141.0
Bangalore,2019-03-03,141,77.55,152.28,117.03,160.74,1.48,133.95,3,3,1,130.0
Bangalore,2019-04-03,130,71.5,140.4,107.9,148.2,1.37,123.5,3,4,0,110.0
Bangalore,2019-05-03,110,60.5,118.8,91.3,125.4,1.16,104.5,3,5,0,116.0
Bangalore,2019-06-03,116,63.8,125.28,96.28,132.24,1.22,110.2,3,6,0,143.0
Bangalore,2019-07-03,143,78.65,154.44,118.69,163.02,1.5,135.85,3,7,0,164.0
Bangalore,2019-08-03,164,90.2,177.12,136.12,186.96,1.72,155.8,3,8,1,144.0
Bangalore,2019-09-03,144,79.2,155.52,119.52,164.16,1.51,136.8,3,9,0,95.0
Bangalore,2019-10-03,95,52.25,102.6,78.85,108.3,1.0,90.25,3,10,0,81.0
Bangalore,2019-11-03,81,44.55,87.48,67.23,92.34,0.85,76.95,3,11,1,103.0
Bangalore,2019-12-03,103,56.65,111.24,85.49,117.42,1.08,97.85,3,12,0,126.0
Bangalore,2019-01-04,126,69.3,136.08,104.58,143.64,1.32,119.7,4,1,0,151.0
Bangalore,2019-02-04,151,83.05,163.08,125.33,172.14,1.59,143.45,4,2,0,122.0
Bangalore,2019-03-04,122,67.1,131.76,101.26,139.08,1.28,115.9,4,3,0,120.0
Bangalore,2019-04-04,120,66.0,129.6,99.6,136.8,1.26,114.0,4,4,0,113.0
Bangalore,2019-05-04,113,62.15,122.04,93.79,128.82,1.19,107.35,4,5,1,120.0
Bangalore,2019-06-04,120,66.0,129.6,99.6,136.8,1.26,114.0,4,6,0,120.0
Bangalore,2019-07-04,120,66.0,129.6,99.6,136.8,1.26,114.0,4,7,0,109.0
Bangalore,2019-08-04,109,59.95,117.72,90.47,124.26,1.14,103.55,4,8,1,122.0
Bangalore,2019-09-04,122,67.1,131.76,101.26,139.08,1.28,115.9,4,9,0,119.0
Bangalore,2019-10-04,119,65.45,128.52,98.77,135.66,1.25,113.05,4,10,0,103.0
Bangalore,2019-11-04,103,56.65,111.24,85.49,117.42,1.08,97.85,4,11,0,118.0
Bangalore,2019-12-04,118,64.9,127.44,97.94,134.52,1.24,112.1,4,12,0,95.0
Bangalore,2019-01-05,95,52.25,102.6,78.85,108.3,1.0,90.25,5,1,1,102.0
Bangalore,2019-02-05,102,56.1,110.16,84.66,116.28,1.07,96.9,5,2,0,112.0
Bangalore,2019-03-05,112,61.6,120.96,92.96,127.68,1.18,106.4,5,3,0,131.0
Bangalore,2019-04-05,131,72.05,141.48,108.73,149.34,1.38,124.45,5,4,0,135.0
Bangalore,2019-05-05,135,74.25,145.8,112.05,153.9,1.42,128.25,5,5,1,146.0
Bangalore,2019-06-05,146,80.3,157.68,121.18,166.44,1.53,138.7,5,6,0,101.0
Bangalore,2019-07-05,101,55.55,109.08,83.83,115.14,1.06,95.95,5,7,0,69.0
Bangalore,2019-08-05,69,37.95,74.52,57.27,78.66,0.72,65.55,5,8,0,80.0
Bangalore,2019-09-05,80,44.0,86.4,66.4,91.2,0.84,76.0,5,9,0,97.0
Bangalore,2019-10-05,97,53.35,104.76,80.51,110.58,1.02,92.15,5,10,1,95.0
Bangalore,2019-11-05,95,52.25,102.6,78.85,108.3,1.0,90.25,5,11,0,80.0
Bangalore,2019-12-05,80,44.0,86.4,66.4,91.2,0.84,76.0,5,12,0,58.0
Bangalore,2019-01-06,58,31.9,62.64,48.14,66.12,0.61,55.1,6,1,1,79.0
Bangalore,2019-02-06,79,43.45,85.32,65.57,90.06,0.83,75.05,6,2,0,69.0
Bangalore,2019-03-06,69,37.95,74.52,57.27,78.66,0.72,65.55,6,3,0,58.0
Bangalore,2019-04-06,58,31.9,62.64,48.14,66.12,0.61,55.1,6,4,1,65.0
Bangalore,2019-05-06,65,35.75,70.2,53.95,74.1,0.68,61.75,6,5,0,58.0
Bangalore,2019-06-06,58,31.9,62.64,48.14,66.12,0.61,55.1,6,6,0,80.0
Bangalore,2019-07-06,80,44.0,86.4,66.4,91.2,0.84,76.0,6,7,1,53.0
Bangalore,2019-08-06,53,29.15,57.24,43.99,60.42,0.56,50.35,6,8,0,55.0
Bangalore,2019-09-06,55,30.25,59.4,45.65,62.7,0.58,52.25,6,9,0,43.0
Bangalore,2019-10-06,43,23.65,46.44,35.69,49.02,0.45,40.85,6,10,1,41.0
Bangalore,2019-11-06,41,22.55,44.28,34.03,46.74,0.43,38.95,6,11,0,47.0
Bangalore,2019-12-06,47,25.85,50.76,39.01,53.58,0.49,44.65,6,12,0,62.0
Bangalore,2019-01-07,62,34.1,66.96,51.46,70.68,0.65,58.9,7,1,0,62.0
Bangalore,2019-02-07,62,34.1,66.96,51.46,70.68,0.65,58.9,7,2,0,57.0
Bangalore,2019-03-07,57,31.35,61.56,47.31,64.98,0.6,54.15,7,3,0,54.0
Bangalore,2019-04-07,54,29.7,58.32,44.82,61.56,0.57,51.3,7,4,1,60.0
Bangalore,2019-05-07,60,33.0,64.8,49.8,68.4,0.63,57.0,7,5,0,53.0
Bangalore,2019-06-07,53,29.15,57.24,43.99,60.42,0.56,50.35,7,6,0,62.0
Bangalore,2019-07-07,62,34.1,66.96,51.46,70.68,0.65,58.9,7,7,1,57.0
Bangalore,2019-08-07,57,31.35,61.56,47.31,64.98,0.6,54.15,7,8,0,58.0
Bangalore,2019-09-07,58,31.9,62.64,48.14,66.12,0.61,55.1,7,9,1,54.0
Bangalore,2019-10-07,54,29.7,58.32,44.82,61.56,0.57,51.3,7,10,0,70.0
Bangalore,2019-11-07,70,38.5,75.6,58.1,79.8,0.74,66.5,7,11,0,63.0
Bangalore,2019-12-07,63,34.65,68.04,52.29,71.82,0.66,59.85,7,12,1,54.0
Bangalore,2019-01-08,54,29.7,58.32,44.82,61.56,0.57,51.3,8,1,0,51.0
Bangalore,2019-02-08,51,28.05,55.08,42.33,58.14,0.54,48.45,8,2,0,44.0
Bangalore,2019-03-08,44,24.2,47.52,36.52,50.16,0.46,41.8,8,3,0,47.0
Bangalore,2019-04-08,47,25.85,50.76,39.01,53.58,0.49,44.65,8,4,0,38.0
Bangalore,2019-05-08,38,20.9,41.04,31.54,43.32,0.4,36.1,8,5,0,42.0
Bangalore,2019-06-08,42,23.1,45.36,34.86,47.88,0.44,39.9,8,6,1,45.0
Bangalore,2019-07-08,45,24.75,48.6,37.35,51.3,0.47,42.75,8,7,0,36.0
Bangalore,2019-08-08,36,19.8,38.88,29.88,41.04,0.38,34.2,8,8,0,38.0
Bangalore,2019-09-08,38,20.9,41.04,31.54,43.32,0.4,36.1,8,9,1,42.0
Bangalore,2019-10-08,42,23.1,45.36,34.86,47.88,0.44,39.9,8,10,0,43.0
Bangalore,2019-11-08,43,23.65,46.44,35.69,49.02,0.45,40.85,8,11,0,41.0
Bangalore,2019-12-08,41,22.55,44.28,34.03,46.74,0.43,38.95,8,12,1,57.0
Bangalore,2019-01-09,57,31.35,61.56,47.31,64.98,0.6,54.15,9,1,0,42.0
Bangalore,2019-02-09,42,23.1,45.36,34.86,47.88,0.44,39.9,9,2,1,42.0
Bangalore,2019-03-09,42,23.1,45.36,34.86,47.88,0.44,39.9,9,3,1,40.0
Bangalore,2019-04-09,40,22.0,43.2,33.2,45.6,0.42,38.0,9,4,0,46.0
Bangalore,2019-05-09,46,25.3,49.68,38.18,52.44,0.48,43.7,9,5,0,48.0
Bangalore,2019-06-09,48,26.4,51.84,39.84,54.72,0.5,45.6,9,6,1,48.0
Bangalore,2019-07-09,48,26.4,51.84,39.84,54.72,0.5,45.6,9,7,0,50.0
Bangalore,2019-08-09,50,27.5,54.0,41.5,57.0,0.53,47.5,9,8,0,46.0
Bangalore,2019-09-09,46,25.3,49.68,38.18,52.44,0.48,43.7,9,9,0,59.0
Bangalore,2019-10-09,59,32.45,63.72,48.97,67.26,0.62,56.05,9,10,0,52.0
Bangalore,2019-11-09,52,28.6,56.16,43.16,59.28,0.55,49.4,9,11,1,59.0
Bangalore,2019-12-09,59,32.45,63.72,48.97,67.26,0.62,56.05,9,12,0,68.0
Bangalore,2019-01-10,68,37.4,73.44,56.44,77.52,0.71,64.6,10,1,0,55.0
Bangalore,2019-02-10,55,30.25,59.4,45.65,62.7,0.58,52.25,10,2,1,61.0
Bangalore,2019-03-10,61,33.55,65.88,50.63,69.54,0.64,57.95,10,3,1,73.0
Bangalore,2019-04-10,73,40.15,78.84,60.59,83.22,0.77,69.35,10,4,0,78.0
Bangalore,2019-05-10,78,42.9,84.24,64.74,88.92,0.82,74.1,10,5,0,68.0
Bangalore,2019-06-10,68,37.4,73.44,56.44,77.52,0.71,64.6,10,6,0,71.0
Bangalore,2019-07-10,71,39.05,76.68,58.93,80.94,0.75,67.45,10,7,0,76.0
Bangalore,2019-08-10,76,41.8,82.08,63.08,86.64,0.8,72.2,10,8,1,76.0
Bangalore,2019-09-10,76,41.8,82.08,63.08,86.64,0.8,72.2,10,9,0,106.0
Bangalore,2019-10-10,106,58.3,114.48,87.98,120.84,1.11,100.7,10,10,0,77.0
Bangalore,2019-11-10,77,42.35,83.16,63.91,87.78,0.81,73.15,10,11,1,78.0
Bangalore,2019-12-10,78,42.9,84.24,64.74,88.92,0.82,74.1,10,12,0,77.0
Bangalore,2019-01-11,77,42.35,83.16,63.91,87.78,0.81,73.15,11,1,0,60.0
Bangalore,2019-02-11,60,33.0,64.8,49.8,68.4,0.63,57.0,11,2,0,82.0
Bangalore,2019-03-11,82,45.1,88.56,68.06,93.48,0.86,77.9,11,3,0,84.0
Bangalore,2019-04-11,84,46.2,90.72,69.72,95.76,0.88,79.8,11,4,0,138.0
Bangalore,2019-05-11,138,75.9,149.04,114.54,157.32,1.45,131.1,11,5,1,161.0
Bangalore,2019-06-11,161,88.55,173.88,133.63,183.54,1.69,152.95,11,6,0,156.0
Bangalore,2019-07-11,156,85.8,168.48,129.48,177.84,1.64,148.2,11,7,0,144.0
Bangalore,2019-08-11,144,79.2,155.52,119.52,164.16,1.51,136.8,11,8,1,99.0
Bangalore,2019-09-11,99,54.45,106.92,82.17,112.86,1.04,94.05,11,9,0,90.0
Bangalore,2019-10-11,90,49.5,97.2,74.7,102.6,0.95,85.5,11,10,0,134.0
Bangalore,2019-11-11,134,73.7,144.72,111.22,152.76,1.41,127.3,11,11,0,72.0
Bangalore,2019-12-11,72,39.6,77.76,59.76,82.08,0.76,68.4,11,12,0,50.0
Bangalore,2019-01-12,50,27.5,54.0,41.5,57.0,0.53,47.5,12,1,1,48.0
Bangalore,2019-02-12,48,26.4,51.84,39.84,54.72,0.5,45.6,12,2,0,62.0
Bangalore,2019-03-12,62,34.1,66.96,51.46,70.68,0.65,58.9,12,3,0,75.0
Bangalore,2019-04-12,75,41.25,81.0,62.25,85.5,0.79,71.25,12,4,0,86.0
Bangalore,2019-05-12,86,47.3,92.88,71.38,98.04,0.9,81.7,12,5,1,107.0
Bangalore,2019-06-12,107,58.85,115.56,88.81,121.98,1.12,101.65,12,6,0,84.0
Bangalore,2019-07-12,84,46.2,90.72,69.72,95.76,0.88,79.8,12,7,0,50.0
Bangalore,2019-08-12,50,27.5,54.0,41.5,57.0,0.53,47.5,12,8,0,54.0
Bangalore,2019-09-12,54,29.7,58.32,44.82,61.56,0.57,51.3,12,9,0,59.0
Bangalore,2019-10-12,59,32.45,63.72,48.97,67.26,0.62,56.05,12,10,1,63.0
Bangalore,2019-11-12,63,34.65,68.04,52.29,71.82,0.66,59.85,12,11,0,62.0
Bangalore,2019-12-12,62,34.1,66.96,51.46,70.68,0.65,58.9,12,12,0,76.0
Bangalore,2020-01-01,76,41.8,82.08,63.08,86.64,0.8,72.2,1,1,0,69.0
Bangalore,2020-02-01,69,37.95,74.52,57.27,78.66,0.72,65.55,1,2,1,68.0
Bangalore,2020-03-01,68,37.4,73.44,56.44,77.52,0.71,64.6,1,3,1,85.0
Bangalore,2020-04-01,85,46.75,91.8,70.55,96.9,0.89,80.75,1,4,0,120.0
Bangalore,2020-05-01,120,66.0,129.6,99.6,136.8,1.26,114.0,1,5,0,67.0
Bangalore,2020-06-01,67,36.85,72.36,55.61,76.38,0.7,63.65,1,6,0,60.0
Bangalore,2020-07-01,60,33.0,64.8,49.8,68.4,0.63,57.0,1,7,0,95.0
Bangalore,2020-08-01,95,52.25,102.6,78.85,108.3,1.0,90.25,1,8,1,84.0
Bangalore,2020-09-01,84,46.2,90.72,69.72,95.76,0.88,79.8,1,9,0,84.0
Bangalore,2020-10-01,84,46.2,90.72,69.72,95.76,0.88,79.8,1,10,0,67.0
Bangalore,2020-11-01,67,36.85,72.36,55.61,76.38,0.7,63.65,1,11,1,71.0
Bangalore,2020-12-01,71,39.05,76.68,58.93,80.94,0.75,67.45,1,12,0,99.0
Bangalore,2020-01-02,99,54.45,106.92,82.17,112.86,1.04,94.05,2,1,0,86.0
Bangalore,2020-02-02,86,47.3,92.88,71.38,98.04,0.9,81.7,2,2,1,71.0
Bangalore,2020-03-02,71,39.05,76.68,58.93,80.94,0.75,67.45,2,3,0,72.0
Bangalore,2020-04-02,72,39.6,77.76,59.76,82.08,0.76,68.4,2,4,0,72.0
Bangalore,2020-05-02,72,39.6,77.76,59.76,82.08,0.76,68.4,2,5,1,90.0
Bangalore,2020-06-02,90,49.5,97.2,74.7,102.6,0.95,85.5,2,6,0,92.0
Bangalore,2020-07-02,92,50.6,99.36,76.36,104.88,0.97,87.4,2,7,0,105.0
Bangalore,2020-08-02,105,57.75,113.4,87.15,119.7,1.1,99.75,2,8,1,93.0
Bangalore,2020-09-02,93,51.15,100.44,77.19,106.02,0.98,88.35,2,9,0,87.0
Bangalore,2020-10-02,87,47.85,93.96,72.21,99.18,0.91,82.65,2,10,0,66.0
Bangalore,2020-11-02,66,36.3,71.28,54.78,75.24,0.69,62.7,2,11,0,73.0
Bangalore,2020-12-02,73,40.15,78.84,60.59,83.22,0.77,69.35,2,12,0,86.0
Bangalore,2020-01-03,86,47.3,92.88,71.38,98.04,0.9,81.7,3,1,0,128.0
Bangalore,2020-02-03,128,70.4,138.24,106.24,145.92,1.34,121.6,3,2,0,161.0
Bangalore,2020-03-03,161,88.55,173.88,133.63,183.54,1.69,152.95,3,3,0,129.0
Bangalore,2020-04-03,129,70.95,139.32,107.07,147.06,1.35,122.55,3,4,0,121.0
Bangalore,2020-05-03,121,66.55,130.68,100.43,137.94,1.27,114.95,3,5,1,91.0
Bangalore,2020-06-03,91,50.05,98.28,75.53,103.74,0.96,86.45,3,6,0,86.0
Bangalore,2020-07-03,86,47.3,92.88,71.38,98.04,0.9,81.7,3,7,0,85.0
Bangalore,2020-08-03,85,46.75,91.8,70.55,96.9,0.89,80.75,3,8,0,90.0
Bangalore,2020-09-03,90,49.5,97.2,74.7,102.6,0.95,85.5,3,9,0,84.0
Bangalore,2020-10-03,84,46.2,90.72,69.72,95.76,0.88,79.8,3,10,1,88.0
Bangalore,2020-11-03,88,48.4,95.04,73.04,100.32,0.92,83.6,3,11,0,85.0
Bangalore,2020-12-03,85,46.75,91.8,70.55,96.9,0.89,80.75,3,12,0,52.0
Bangalore,2020-01-04,52,28.6,56.16,43.16,59.28,0.55,49.4,4,1,1,59.0
Bangalore,2020-02-04,59,32.45,63.72,48.97,67.26,0.62,56.05,4,2,0,69.0
Bangalore,2020-03-04,69,37.95,74.52,57.27,78.66,0.72,65.55,4,3,0,64.0
Bangalore,2020-04-04,64,35.2,69.12,53.12,72.96,0.67,60.8,4,4,1,64.0
Bangalore,2020-05-04,64,35.2,69.12,53.12,72.96,0.67,60.8,4,5,0,58.0
Bangalore,2020-06-04,58,31.9,62.64,48.14,66.12,0.61,55.1,4,6,0,48.0
Bangalore,2020-07-04,48,26.4,51.84,39.84,54.72,0.5,45.6,4,7,1,52.0
Bangalore,2020-08-04,52,28.6,56.16,43.16,59.28,0.55,49.4,4,8,0,54.0
Bangalore,2020-09-04,54,29.7,58.32,44.82,61.56,0.57,51.3,4,9,0,55.0
Bangalore,2020-10-04,55,30.25,59.4,45.65,62.7,0.58,52.25,4,10,1,49.0
Bangalore,2020-11-04,49,26.95,52.92,40.67,55.86,0.51,46.55,4,11,0,58.0
Bangalore,2020-12-04,58,31.9,62.64,48.14,66.12,0.61,55.1,4,12,0,61.0
Bangalore,2020-01-05,61,33.55,65.88,50.63,69.54,0.64,57.95,5,1,1,58.0
Bangalore,2020-02-05,58,31.9,62.64,48.14,66.12,0.61,55.1,5,2,0,56.0
Bangalore,2020-03-05,56,30.8,60.48,46.48,63.84,0.59,53.2,5,3,0,66.0
Bangalore,2020-04-05,66,36.3,71.28,54.78,75.24,0.69,62.7,5,4,1,78.0
Bangalore,2020-05-05,78,42.9,84.24,64.74,88.92,0.82,74.1,5,5,0,71.0
Bangalore,2020-06-05,71,39.05,76.68,58.93,80.94,0.75,67.45,5,6,0,70.0
Bangalore,2020-07-05,70,38.5,75.6,58.1,79.8,0.74,66.5,5,7,1,58.0
Bangalore,2020-08-05,58,31.9,62.64,48.14,66.12,0.61,55.1,5,8,0,64.0
Bangalore,2020-09-05,64,35.2,69.12,53.12,72.96,0.67,60.8,5,9,1,68.0
Bangalore,2020-10-05,68,37.4,73.44,56.44,77.52,0.71,64.6,5,10,0,60.0
Bangalore,2020-11-05,60,33.0,64.8,49.8,68.4,0.63,57.0,5,11,0,75.0
Bangalore,2020-12-05,75,41.25,81.0,62.25,85.5,0.79,71.25,5,12,1,36.0
Bangalore,2020-01-06,36,19.8,38.88,29.88,41.04,0.38,34.2,6,1,0,32.0
Bangalore,2020-02-06,32,17.6,34.56,26.56,36.48,0.34,30.4,6,2,0,36.0
Bangalore,2020-03-06,36,19.8,38.88,29.88,41.04,0.38,34.2,6,3,0,34.0
Bangalore,2020-04-06,34,18.7,36.72,28.22,38.76,0.36,32.3,6,4,0,51.0
Bangalore,2020-05-06,51,28.05,55.08,42.33,58.14,0.54,48.45,6,5,0,60.0
Bangalore,2020-06-06,60,33.0,64.8,49.8,68.4,0.63,57.0,6,6,1,50.0
Bangalore,2020-07-06,50,27.5,54.0,41.5,57.0,0.53,47.5,6,7,0,47.0
Bangalore,2020-08-06,47,25.85,50.76,39.01,53.58,0.49,44.65,6,8,0,53.0
Bangalore,2020-09-06,53,29.15,57.24,43.99,60.42,0.56,50.35,6,9,1,72.0
Bangalore,2020-10-06,72,39.6,77.76,59.76,82.08,0.76,68.4,6,10,0,42.0
Bangalore,2020-11-06,42,23.1,45.36,34.86,47.88,0.44,39.9,6,11,0,42.0
Bangalore,2020-12-06,42,23.1,45.36,34.86,47.88,0.44,39.9,6,12,1,41.0
Bangalore,2020-01-07,41,22.55,44.28,34.03,46.74,0.43,38.95,7,1,0,36.0
Bangalore,2020-02-07,36,19.8,38.88,29.88,41.04,0.38,34.2,7,2,0,38.0
Bangalore,2020-03-07,38,20.9,41.04,31.54,43.32,0.4,36.1,7,3,1,36.0
Bangalore,2020-04-07,36,19.8,38.88,29.88,41.04,0.38,34.2,7,4,0,42.0
Bangalore,2020-05-07,42,23.1,45.36,34.86,47.88,0.44,39.9,7,5,0,38.0
Bangalore,2020-06-07,38,20.9,41.04,31.54,43.32,0.4,36.1,7,6,1,42.0
Bangalore,2020-07-07,42,23.1,45.36,34.86,47.88,0.44,39.9,7,7,0,44.0
Bangalore,2020-08-07,44,24.2,47.52,36.52,50.16,0.46,41.8,7,8,0,35.0
Bangalore,2020-09-07,35,19.25,37.8,29.05,39.9,0.37,33.25,7,9,0,34.0
Bangalore,2020-10-07,34,18.7,36.72,28.22,38.76,0.36,32.3,7,10,0,40.0
Bangalore,2020-11-07,40,22.0,43.2,33.2,45.6,0.42,38.0,7,11,1,36.0
Bangalore,2020-12-07,36,19.8,38.88,29.88,41.04,0.38,34.2,7,12,0,29.0
Bangalore,2020-01-08,29,15.95,31.32,24.07,33.06,0.3,27.55,8,1,0,43.0
Bangalore,2020-02-08,43,23.65,46.44,35.69,49.02,0.45,40.85,8,2,1,36.0
Bangalore,2020-03-08,36,19.8,38.88,29.88,41.04,0.38,34.2,8,3,1,35.0
Bangalore,2020-04-08,35,19.25,37.8,29.05,39.9,0.37,33.25,8,4,0,35.0
Bangalore,2020-05-08,35,19.25,37.8,29.05,39.9,0.37,33.25,8,5,0,41.0
Bangalore,2020-06-08,41,22.55,44.28,34.03,46.74,0.43,38.95,8,6,0,41.0
Bangalore,2020-07-08,41,22.55,44.28,34.03,46.74,0.43,38.95,8,7,0,42.0
Bangalore,2020-08-08,42,23.1,45.36,34.86,47.88,0.44,39.9,8,8,1,36.0
Bangalore,2020-09-08,36,19.8,38.88,29.88,41.04,0.38,34.2,8,9,0,34.0
Bangalore,2020-10-08,34,18.7,36.72,28.22,38.76,0.36,32.3,8,10,0,55.0
Bangalore,2020-11-08,55,30.25,59.4,45.65,62.7,0.58,52.25,8,11,1,48.0
Bangalore,2020-12-08,48,26.4,51.84,39.84,54.72,0.5,45.6,8,12,0,52.0
Bangalore,2020-01-09,52,28.6,56.16,43.16,59.28,0.55,49.4,9,1,0,76.0
Bangalore,2020-02-09,76,41.8,82.08,63.08,86.64,0.8,72.2,9,2,1,50.0
Bangalore,2020-03-09,50,27.5,54.0,41.5,57.0,0.53,47.5,9,3,0,47.0
Bangalore,2020-04-09,47,25.85,50.76,39.01,53.58,0.49,44.65,9,4,0,64.0
Bangalore,2020-05-09,64,35.2,69.12,53.12,72.96,0.67,60.8,9,5,1,69.0
Bangalore,2020-06-09,69,37.95,74.52,57.27,78.66,0.72,65.55,9,6,0,48.0
Bangalore,2020-07-09,48,26.4,51.84,39.84,54.72,0.5,45.6,9,7,0,39.0
Bangalore,2020-08-09,39,21.45,42.12,32.37,44.46,0.41,37.05,9,8,1,35.0
Bangalore,2020-09-09,35,19.25,37.8,29.05,39.9,0.37,33.25,9,9,0,34.0
Bangalore,2020-10-09,34,18.7,36.72,28.22,38.76,0.36,32.3,9,10,0,34.0
Bangalore,2020-11-09,34,18.7,36.72,28.22,38.76,0.36,32.3,9,11,0,33.0
Bangalore,2020-12-09,33,18.15,35.64,27.39,37.62,0.35,31.35,9,12,0,50.0
Bangalore,2020-01-10,50,27.5,54.0,41.5,57.0,0.53,47.5,10,1,0,56.0
Bangalore,2020-02-10,56,30.8,60.48,46.48,63.84,0.59,53.2,10,2,0,48.0
Bangalore,2020-03-10,48,26.4,51.84,39.84,54.72,0.5,45.6,10,3,0,59.0
Bangalore,2020-04-10,59,32.45,63.72,48.97,67.26,0.62,56.05,10,4,0,47.0
Bangalore,2020-05-10,47,25.85,50.76,39.01,53.58,0.49,44.65,10,5,1,63.0
Bangalore,2020-06-10,63,34.65,68.04,52.29,71.82,0.66,59.85,10,6,0,60.0
Bangalore,2020-07-10,60,33.0,64.8,49.8,68.4,0.63,57.0,10,7,0,72.0
Bangalore,2020-08-10,72,39.6,77.76,59.76,82.08,0.76,68.4,10,8,0,76.0
Bangalore,2020-09-10,76,41.8,82.08,63.08,86.64,0.8,72.2,10,9,0,57.0
Bangalore,2020-10-10,57,31.35,61.56,47.31,64.98,0.6,54.15,10,10,1,42.0
Bangalore,2020-11-10,42,23.1,45.36,34.86,47.88,0.44,39.9,10,11,0,43.0
Bangalore,2020-12-10,43,23.65,46.44,35.69,49.02,0.45,40.85,10,12,0,114.0
Bangalore,2020-01-11,114,62.7,123.12,94.62,129.96,1.2,108.3,11,1,1,140.0
Bangalore,2020-02-11,140,77.0,151.2,116.2,159.6,1.47,133.0,11,2,0,119.0
Bangalore,2020-03-11,119,65.45,128.52,98.77,135.66,1.25,113.05,11,3,0,94.0
Bangalore,2020-04-11,94,51.7,101.52,78.02,107.16,0.99,89.3,11,4,1,73.0
Bangalore,2020-05-11,73,40.15,78.84,60.59,83.22,0.77,69.35,11,5,0,74.0
Bangalore,2020-06-11,74,40.7,79.92,61.42,84.36,0.78,70.3,11,6,0,53.0
Bangalore,2020-07-11,53,29.15,57.24,43.99,60.42,0.56,50.35,11,7,1,59.0
Bangalore,2020-08-11,59,32.45,63.72,48.97,67.26,0.62,56.05,11,8,0,108.0
Bangalore,2020-09-11,108,59.4,116.64,89.64,123.12,1.13,102.6,11,9,0,93.0
Bangalore,2020-10-11,93,51.15,100.44,77.19,106.02,0.98,88.35,11,10,1,87.0
Bangalore,2020-11-11,87,47.85,93.96,72.21,99.18,0.91,82.65,11,11,0,63.0
Bangalore,2020-12-11,63,34.65,68.04,52.29,71.82,0.66,59.85,11,12,0,63.0
Bangalore,2020-01-12,63,34.65,68.04,52.29,71.82,0.66,59.85,12,1,1,65.0
Bangalore,2020-02-12,65,35.75,70.2,53.95,74.1,0.68,61.75,12,2,0,62.0
Bangalore,2020-03-12,62,34.1,66.96,51.46,70.68,0.65,58.9,12,3,0,63.0
Bangalore,2020-04-12,63,34.65,68.04,52.29,71.82,0.66,59.85,12,4,1,49.0
Bangalore,2020-05-12,49,26.95,52.92,40.67,55.86,0.51,46.55,12,5,0,51.0
Bangalore,2020-06-12,51,28.05,55.08,42.33,58.14,0.54,48.45,12,6,0,44.0
Bangalore,2020-07-12,44,24.2,47.52,36.52,50.16,0.46,41.8,12,7,1,52.0
Bangalore,2020-08-12,52,28.6,56.16,43.16,59.28,0.55,49.4,12,8,0,50.0
Bangalore,2020-09-12,50,27.5,54.0,41.5,57.0,0.53,47.5,12,9,1,57.0
Bangalore,2020-10-12,57,31.35,61.56,47.31,64.98,0.6,54.15,12,10,0,81.0
Bangalore,2020-11-12,81,44.55,87.48,67.23,92.34,0.85,76.95,12,11,0,83.0
Bangalore,2020-12-12,83,45.65,89.64,68.89,94.62,0.87,78.85,12,12,1,98.0
Bangalore,2021-01-01,98,53.9,105.84,81.34,111.72,1.03,93.1,1,1,0,107.0
Bangalore,2021-02-01,107,58.85,115.56,88.81,121.98,1.12,101.65,1,2,0,80.0
Bangalore,2021-03-01,80,44.0,86.4,66.4,91.2,0.84,76.0,1,3,0,80.0
Bangalore,2021-04-01,80,44.0,86.4,66.4,91.2,0.84,76.0,1,4,0,58.0
Bangalore,2021-05-01,58,31.9,62.64,48.14,66.12,0.61,55.1,1,5,1,38.0
Bangalore,2021-06-01,38,20.9,41.04,31.54,43.32,0.4,36.1,1,6,0,43.0
Bangalore,2021-07-01,43,23.65,46.44,35.69,49.02,0.45,40.85,1,7,0,58.0
Bangalore,2021-08-01,58,31.9,62.64,48.14,66.12,0.61,55.1,1,8,1,48.0
Bangalore,2021-09-01,48,26.4,51.84,39.84,54.72,0.5,45.6,1,9,0,81.0
Bangalore,2021-10-01,81,44.55,87.48,67.23,92.34,0.85,76.95,1,10,0,64.0
Bangalore,2021-11-01,64,35.2,69.12,53.12,72.96,0.67,60.8,1,11,0,63.0
Bangalore,2021-12-01,63,34.65,68.04,52.29,71.82,0.66,59.85,1,12,0,87.0
Bangalore,2021-01-02,87,47.85,93.96,72.21,99.18,0.91,82.65,2,1,1,92.0
Bangalore,2021-02-02,92,50.6,99.36,76.36,104.88,0.97,87.4,2,2,0,107.0
Bangalore,2021-03-02,107,58.85,115.56,88.81,121.98,1.12,101.65,2,3,0,91.0
Bangalore,2021-04-02,91,50.05,98.28,75.53,103.74,0.96,86.45,2,4,0,84.0
Bangalore,2021-05-02,84,46.2,90.72,69.72,95.76,0.88,79.8,2,5,1,88.0
Bangalore,2021-06-02,88,48.4,95.04,73.04,100.32,0.92,83.6,2,6,0,86.0
Bangalore,2021-07-02,86,47.3,92.88,71.38,98.04,0.9,81.7,2,7,0,87.0
Bangalore,2021-08-02,87,47.85,93.96,72.21,99.18,0.91,82.65,2,8,0,85.0
Bangalore,2021-09-02,85,46.75,91.8,70.55,96.9,0.89,80.75,2,9,0,86.0
Bangalore,2021-10-02,86,47.3,92.88,71.38,98.04,0.9,81.7,2,10,1,101.0
Bangalore,2021-11-02,101,55.55,109.08,83.83,115.14,1.06,95.95,2,11,0,95.0
Bangalore,2021-12-02,95,52.25,102.6,78.85,108.3,1.0,90.25,2,12,0,79.0
Bangalore,2021-01-03,79,43.45,85.32,65.57,90.06,0.83,75.05,3,1,1,88.0
Bangalore,2021-02-03,88,48.4,95.04,73.04,100.32,0.92,83.6,3,2,0,102.0
Bangalore,2021-03-03,102,56.1,110.16,84.66,116.28,1.07,96.9,3,3,0,86.0
Bangalore,2021-04-03,86,47.3,92.88,71.38,98.04,0.9,81.7,3,4,1,70.0
Bangalore,2021-05-03,70,38.5,75.6,58.1,79.8,0.74,66.5,3,5,0,75.0
Bangalore,2021-06-03,75,41.25,81.0,62.25,85.5,0.79,71.25,3,6,0,84.0
Bangalore,2021-07-03,84,46.2,90.72,69.72,95.76,0.88,79.8,3,7,1,58.0
Bangalore,2021-08-03,58,31.9,62.64,48.14,66.12,0.61,55.1,3,8,0,55.0
Bangalore,2021-09-03,55,30.25,59.4,45.65,62.7,0.58,52.25,3,9,0,50.0
Bangalore,2021-10-03,50,27.5,54.0,41.5,57.0,0.53,47.5,3,10,1,55.0
Bangalore,2021-11-03,55,30.25,59.4,45.65,62.7,0.58,52.25,3,11,0,62.0
Bangalore,2021-12-03,62,34.1,66.96,51.46,70.68,0.65,58.9,3,12,0,94.0
Bangalore,2021-01-04,94,51.7,101.52,78.02,107.16,0.99,89.3,4,1,0,83.0
Bangalore,2021-02-04,83,45.65,89.64,68.89,94.62,0.87,78.85,4,2,0,104.0
Bangalore,2021-03-04,104,57.2,112.32,86.32,118.56,1.09,98.8,4,3,0,114.0
Bangalore,2021-04-04,114,62.7,123.12,94.62,129.96,1.2,108.3,4,4,1,111.0
Bangalore,2021-05-04,111,61.05,119.88,92.13,126.54,1.17,105.45,4,5,0,114.0
Bangalore,2021-06-04,114,62.7,123.12,94.62,129.96,1.2,108.3,4,6,0,101.0
Bangalore,2021-07-04,101,55.55,109.08,83.83,115.14,1.06,95.95,4,7,1,105.0
Bangalore,2021-08-04,105,57.75,113.4,87.15,119.7,1.1,99.75,4,8,0,102.0
Bangalore,2021-09-04,102,56.1,110.16,84.66,116.28,1.07,96.9,4,9,1,103.0
Bangalore,2021-10-04,103,56.65,111.24,85.49,117.42,1.08,97.85,4,10,0,82.0
Bangalore,2021-11-04,82,45.1,88.56,68.06,93.48,0.86,77.9,4,11,0,67.0
Bangalore,2021-12-04,67,36.85,72.36,55.61,76.38,0.7,63.65,4,12,1,93.0
Bangalore,2021-01-05,93,51.15,100.44,77.19,106.02,0.98,88.35,5,1,0,78.0
Bangalore,2021-02-05,78,42.9,84.24,64.74,88.92,0.82,74.1,5,2,0,54.0
Bangalore,2021-03-05,54,29.7,58.32,44.82,61.56,0.57,51.3,5,3,0,64.0
Bangalore,2021-04-05,64,35.2,69.12,53.12,72.96,0.67,60.8,5,4,0,68.0
Bangalore,2021-05-05,68,37.4,73.44,56.44,77.52,0.71,64.6,5,5,0,61.0
Bangalore,2021-06-05,61,33.55,65.88,50.63,69.54,0.64,57.95,5,6,1,52.0
Bangalore,2021-07-05,52,28.6,56.16,43.16,59.28,0.55,49.4,5,7,0,61.0
Bangalore,2021-08-05,61,33.55,65.88,50.63,69.54,0.64,57.95,5,8,0,51.0
Bangalore,2021-09-05,51,28.05,55.08,42.33,58.14,0.54,48.45,5,9,1,53.0
Bangalore,2021-10-05,53,29.15,57.24,43.99,60.42,0.56,50.35,5,10,0,54.0
Bangalore,2021-11-05,54,29.7,58.32,44.82,61.56,0.57,51.3,5,11,0,57.0
Bangalore,2021-12-05,57,31.35,61.56,47.31,64.98,0.6,54.15,5,12,1,38.0
Bangalore,2021-01-06,38,20.9,41.04,31.54,43.32,0.4,36.1,6,1,0,42.0
Bangalore,2021-02-06,42,23.1,45.36,34.86,47.88,0.44,39.9,6,2,1,52.0
Bangalore,2021-03-06,52,28.6,56.16,43.16,59.28,0.55,49.4,6,3,1,44.0
Bangalore,2021-04-06,44,24.2,47.52,36.52,50.16,0.46,41.8,6,4,0,32.0
Bangalore,2021-05-06,32,17.6,34.56,26.56,36.48,0.34,30.4,6,5,0,39.0
Bangalore,2021-06-06,39,21.45,42.12,32.37,44.46,0.41,37.05,6,6,1,46.0
Bangalore,2021-07-06,46,25.3,49.68,38.18,52.44,0.48,43.7,6,7,0,51.0
Bangalore,2021-08-06,51,28.05,55.08,42.33,58.14,0.54,48.45,6,8,0,46.0
Bangalore,2021-09-06,46,25.3,49.68,38.18,52.44,0.48,43.7,6,9,0,42.0
Bangalore,2021-10-06,42,23.1,45.36,34.86,47.88,0.44,39.9,6,10,0,42.0
Bangalore,2021-11-06,42,23.1,45.36,34.86,47.88,0.44,39.9,6,11,1,47.0
Bangalore,2021-12-06,47,25.85,50.76,39.01,53.58,0.49,44.65,6,12,0,53.0
Bangalore,2021-01-07,53,29.15,57.24,43.99,60.42,0.56,50.35,7,1,0,50.0
Bangalore,2021-02-07,50,27.5,54.0,41.5,57.0,0.53,47.5,7,2,1,54.0
Bangalore,2021-03-07,54,29.7,58.32,44.82,61.56,0.57,51.3,7,3,1,47.0
Bangalore,2021-04-07,47,25.85,50.76,39.01,53.58,0.49,44.65,7,4,0,42.0
Bangalore,2021-05-07,42,23.1,45.36,34.86,47.88,0.44,39.9,7,5,0,46.0
Bangalore,2021-06-07,46,25.3,49.68,38.18,52.44,0.48,43.7,7,6,0,61.0
Bangalore,2021-07-07,61,33.55,65.88,50.63,69.54,0.64,57.95,7,7,0,54.0
Bangalore,2021-08-07,54,29.7,58.32,44.82,61.56,0.57,51.3,7,8,1,70.0
Bangalore,2021-09-07,70,38.5,75.6,58.1,79.8,0.74,66.5,7,9,0,52.0
Bangalore,2021-10-07,52,28.6,56.16,43.16,59.28,0.55,49.4,7,10,0,51.0
Bangalore,2021-11-07,51,28.05,55.08,42.33,58.14,0.54,48.45,7,11,1,51.0
Bangalore,2021-12-07,51,28.05,55.08,42.33,58.14,0.54,48.45,7,12,0,57.0
Bangalore,2021-01-08,57,31.35,61.56,47.31,64.98,0.6,54.15,8,1,0,66.0
Bangalore,2021-02-08,66,36.3,71.28,54.78,75.24,0.69,62.7,8,2,0,67.0
Bangalore,2021-03-08,67,36.85,72.36,55.61,76.38,0.7,63.65,8,3,0,60.0
Bangalore,2021-04-08,60,33.0,64.8,49.8,68.4,0.63,57.0,8,4,0,52.0
Bangalore,2021-05-08,52,28.6,56.16,43.16,59.28,0.55,49.4,8,5,1,64.0
Bangalore,2021-06-08,64,35.2,69.12,53.12,72.96,0.67,60.8,8,6,0,57.0
Bangalore,2021-07-08,57,31.35,61.56,47.31,64.98,0.6,54.15,8,7,0,48.0
Bangalore,2021-08-08,48,26.4,51.84,39.84,54.72,0.5,45.6,8,8,1,69.0
Bangalore,2021-09-08,69,37.95,74.52,57.27,78.66,0.72,65.55,8,9,0,53.0
Bangalore,2021-10-08,53,29.15,57.24,43.99,60.42,0.56,50.35,8,10,0,59.0
Bangalore,2021-11-08,59,32.45,63.72,48.97,67.26,0.62,56.05,8,11,0,78.0
Bangalore,2021-12-08,78,42.9,84.24,64.74,88.92,0.82,74.1,8,12,0,67.0
Bangalore,2021-01-09,67,36.85,72.36,55.61,76.38,0.7,63.65,9,1,1,59.0
Bangalore,2021-02-09,59,32.45,63.72,48.97,67.26,0.62,56.05,9,2,0,45.0
Bangalore,2021-03-09,45,24.75,48.6,37.35,51.3,0.47,42.75,9,3,0,55.0
Bangalore,2021-04-09,55,30.25,59.4,45.65,62.7,0.58,52.25,9,4,0,46.0
Bangalore,2021-05-09,46,25.3,49.68,38.18,52.44,0.48,43.7,9,5,1,40.0
Bangalore,2021-06-09,40,22.0,43.2,33.2,45.6,0.42,38.0,9,6,0,41.0
Bangalore,2021-07-09,41,22.55,44.28,34.03,46.74,0.43,38.95,9,7,0,47.0
Bangalore,2021-08-09,47,25.85,50.76,39.01,53.58,0.49,44.65,9,8,0,63.0
Bangalore,2021-09-09,63,34.65,68.04,52.29,71.82,0.66,59.85,9,9,0,58.0
Bangalore,2021-10-09,58,31.9,62.64,48.14,66.12,0.61,55.1,9,10,1,61.0
Bangalore,2021-11-09,61,33.55,65.88,50.63,69.54,0.64,57.95,9,11,0,55.0
Bangalore,2021-12-09,55,30.25,59.4,45.65,62.7,0.58,52.25,9,12,0,67.0
Bangalore,2021-01-10,67,36.85,72.36,55.61,76.38,0.7,63.65,10,1,1,70.0
Bangalore,2021-02-10,70,38.5,75.6,58.1,79.8,0.74,66.5,10,2,0,51.0
Bangalore,2021-03-10,51,28.05,55.08,42.33,58.14,0.54,48.45,10,3,0,56.0
Bangalore,2021-04-10,56,30.8,60.48,46.48,63.84,0.59,53.2,10,4,1,64.0
Bangalore,2021-05-10,64,35.2,69.12,53.12,72.96,0.67,60.8,10,5,0,52.0
Bangalore,2021-06-10,52,28.6,56.16,43.16,59.28,0.55,49.4,10,6,0,49.0
Bangalore,2021-07-10,49,26.95,52.92,40.67,55.86,0.51,46.55,10,7,1,57.0
Bangalore,2021-08-10,57,31.35,61.56,47.31,64.98,0.6,54.15,10,8,0,48.0
Bangalore,2021-09-10,48,26.4,51.84,39.84,54.72,0.5,45.6,10,9,0,46.0
Bangalore,2021-10-10,46,25.3,49.68,38.18,52.44,0.48,43.7,10,10,1,51.0
Bangalore,2021-11-10,51,28.05,55.08,42.33,58.14,0.54,48.45,10,11,0,39.0
Bangalore,2021-12-10,39,21.45,42.12,32.37,44.46,0.41,37.05,10,12,0,56.0
Bangalore,2021-01-11,56,30.8,60.48,46.48,63.84,0.59,53.2,11,1,0,50.0
Bangalore,2021-02-11,50,27.5,54.0,41.5,57.0,0.53,47.5,11,2,0,56.0
Bangalore,2021-03-11,56,30.8,60.48,46.48,63.84,0.59,53.2,11,3,0,58.0
Bangalore,2021-04-11,58,31.9,62.64,48.14,66.12,0.61,55.1,11,4,1,57.0
Bangalore,2021-05-11,57,31.35,61.56,47.31,64.98,0.6,54.15,11,5,0,70.0
Bangalore,2021-06-11,70,38.5,75.6,58.1,79.8,0.74,66.5,11,6,0,77.0
Bangalore,2021-07-11,77,42.35,83.16,63.91,87.78,0.81,73.15,11,7,1,101.0
Bangalore,2021-08-11,101,55.55,109.08,83.83,115.14,1.06,95.95,11,8,0,106.0
Bangalore,2021-09-11,106,58.3,114.48,87.98,120.84,1.11,100.7,11,9,1,104.0
Bangalore,2021-10-11,104,57.2,112.32,86.32,118.56,1.09,98.8,11,10,0,91.0
Bangalore,2021-11-11,91,50.05,98.28,75.53,103.74,0.96,86.45,11,11,0,64.0
Bangalore,2021-12-11,64,35.2,69.12,53.12,72.96,0.67,60.8,11,12,1,60.0
Bangalore,2021-01-12,60,33.0,64.8,49.8,68.4,0.63,57.0,12,1,0,86.0
Bangalore,2021-02-12,86,47.3,92.88,71.38,98.04,0.9,81.7,12,2,0,98.0
Bangalore,2021-03-12,98,53.9,105.84,81.34,111.72,1.03,93.1,12,3,0,95.0
Bangalore,2021-04-12,95,52.25,102.6,78.85,108.3,1.0,90.25,12,4,0,86.0
Bangalore,2021-05-12,86,47.3,92.88,71.38,98.04,0.9,81.7,12,5,0,86.0
Bangalore,2021-06-12,86,47.3,92.88,71.38,98.04,0.9,81.7,12,6,1,113.0
Bangalore,2021-07-12,113,62.15,122.04,93.79,128.82,1.19,107.35,12,7,0,81.0
Bangalore,2021-08-12,81,44.55,87.48,67.23,92.34,0.85,76.95,12,8,0,66.0
Bangalore,2021-09-12,66,36.3,71.28,54.78,75.24,0.69,62.7,12,9,1,51.0
Bangalore,2021-10-12,51,28.05,55.08,42.33,58.14,0.54,48.45,12,10,0,61.0
Bangalore,2021-11-12,61,33.55,65.88,50.63,69.54,0.64,57.95,12,11,0,47.0
Bangalore,2021-12-12,47,25.85,50.76,39.01,53.58,0.49,44.65,12,12,1,51.0
Bangalore,2022-01-01,51,28.05,55.08,42.33,58.14,0.54,48.45,1,1,1,43.0
Bangalore,2022-02-01,43,23.65,46.44,35.69,49.02,0.45,40.85,1,2,0,55.0
Bangalore,2022-03-01,55,30.25,59.4,45.65,62.7,0.58,52.25,1,3,0,86.0
Bangalore,2022-04-01,86,47.3,92.88,71.38,98.04,0.9,81.7,1,4,0,88.0
Bangalore,2022-05-01,88,48.4,95.04,73.04,100.32,0.92,83.6,1,5,1,86.0
Bangalore,2022-06-01,86,47.3,92.88,71.38,98.04,0.9,81.7,1,6,0,79.0
Bangalore,2022-07-01,79,43.45,85.32,65.57,90.06,0.83,75.05,1,7,0,77.0
Bangalore,2022-08-01,77,42.35,83.16,63.91,87.78,0.81,73.15,1,8,0,71.0
Bangalore,2022-09-01,71,39.05,76.68,58.93,80.94,0.75,67.45,1,9,0,75.0
Bangalore,2022-10-01,75,41.25,81.0,62.25,85.5,0.79,71.25,1,10,1,74.0
Bangalore,2022-11-01,74,40.7,79.92,61.42,84.36,0.78,70.3,1,11,0,73.0
Bangalore,2022-12-01,73,40.15,78.84,60.59,83.22,0.77,69.35,1,12,0,118.0
Bangalore,2022-01-02,118,64.9,127.44,97.94,134.52,1.24,112.1,2,1,1,108.0
Bangalore,2022-02-02,108,59.4,116.64,89.64,123.12,1.13,102.6,2,2,0,111.0
Bangalore,2022-03-02,111,61.05,119.88,92.13,126.54,1.17,105.45,2,3,0,102.0
Bangalore,2022-04-02,102,56.1,110.16,84.66,116.28,1.07,96.9,2,4,1,114.0
Bangalore,2022-05-02,114,62.7,123.12,94.62,129.96,1.2,108.3,2,5,0,96.0
Bangalore,2022-06-02,96,52.8,103.68,79.68,109.44,1.01,91.2,2,6,0,80.0
Bangalore,2022-07-02,80,44.0,86.4,66.4,91.2,0.84,76.0,2,7,1,100.0
Bangalore,2022-08-02,100,55.0,108.0,83.0,114.0,1.05,95.0,2,8,0,91.0
Bangalore,2022-09-02,91,50.05,98.28,75.53,103.74,0.96,86.45,2,9,0,90.0
Bangalore,2022-10-02,90,49.5,97.2,74.7,102.6,0.95,85.5,2,10,1,113.0
Bangalore,2022-11-02,113,62.15,122.04,93.79,128.82,1.19,107.35,2,11,0,74.0
Bangalore,2022-12-02,74,40.7,79.92,61.42,84.36,0.78,70.3,2,12,0,96.0
Bangalore,2022-01-03,96,52.8,103.68,79.68,109.44,1.01,91.2,3,1,0,88.0
Bangalore,2022-02-03,88,48.4,95.04,73.04,100.32,0.92,83.6,3,2,0,96.0
Bangalore,2022-03-03,96,52.8,103.68,79.68,109.44,1.01,91.2,3,3,0,100.0
Bangalore,2022-04-03,100,55.0,108.0,83.0,114.0,1.05,95.0,3,4,1,76.0
Bangalore,2022-05-03,76,41.8,82.08,63.08,86.64,0.8,72.2,3,5,0,78.0
Bangalore,2022-06-03,78,42.9,84.24,64.74,88.92,0.82,74.1,3,6,0,69.0
Bangalore,2022-07-03,69,37.95,74.52,57.27,78.66,0.72,65.55,3,7,1,81.0
Bangalore,2022-08-03,81,44.55,87.48,67.23,92.34,0.85,76.95,3,8,0,119.0
Bangalore,2022-09-03,119,65.45,128.52,98.77,135.66,1.25,113.05,3,9,1,104.0
Bangalore,2022-10-03,104,57.2,112.32,86.32,118.56,1.09,98.8,3,10,0,96.0
Bangalore,2022-11-03,96,52.8,103.68,79.68,109.44,1.01,91.2,3,11,0,108.0
Bangalore,2022-12-03,108,59.4,116.64,89.64,123.12,1.13,102.6,3,12,1,97.0
Bangalore,2022-01-04,97,53.35,104.76,80.51,110.58,1.02,92.15,4,1,0,91.0
Bangalore,2022-02-04,91,50.05,98.28,75.53,103.74,0.96,86.45,4,2,0,104.0
Bangalore,2022-03-04,104,57.2,112.32,86.32,118.56,1.09,98.8,4,3,0,98.0
Bangalore,2022-04-04,98,53.9,105.84,81.34,111.72,1.03,93.1,4,4,0,94.0
Bangalore,2022-05-04,94,51.7,101.52,78.02,107.16,0.99,89.3,4,5,0,99.0
Bangalore,2022-06-04,99,54.45,106.92,82.17,112.86,1.04,94.05,4,6,1,99.0
Bangalore,2022-07-04,99,54.45,106.92,82.17,112.86,1.04,94.05,4,7,0,97.0
Bangalore,2022-08-04,97,53.35,104.76,80.51,110.58,1.02,92.15,4,8,0,76.0
Bangalore,2022-09-04,76,41.8,82.08,63.08,86.64,0.8,72.2,4,9,1,71.0
Bangalore,2022-10-04,71,39.05,76.68,58.93,80.94,0.75,67.45,4,10,0,73.0
Bangalore,2022-11-04,73,40.15,78.84,60.59,83.22,0.77,69.35,4,11,0,81.0
Bangalore,2022-12-04,81,44.55,87.48,67.23,92.34,0.85,76.95,4,12,1,87.0
Bangalore,2022-01-05,87,47.85,93.96,72.21,99.18,0.91,82.65,5,1,0,68.0
Bangalore,2022-02-05,68,37.4,73.44,56.44,77.52,0.71,64.6,5,2,1,77.0
Bangalore,2022-03-05,77,42.35,83.16,63.91,87.78,0.81,73.15,5,3,1,73.0
Bangalore,2022-04-05,73,40.15,78.84,60.59,83.22,0.77,69.35,5,4,0,68.0
Bangalore,2022-05-05,68,37.4,73.44,56.44,77.52,0.71,64.6,5,5,0,86.0
Bangalore,2022-06-05,86,47.3,92.88,71.38,98.04,0.9,81.7,5,6,1,77.0
Bangalore,2022-07-05,77,42.35,83.16,63.91,87.78,0.81,73.15,5,7,0,79.0
Bangalore,2022-08-05,79,43.45,85.32,65.57,90.06,0.83,75.05,5,8,0,76.0
Bangalore,2022-09-05,76,41.8,82.08,63.08,86.64,0.8,72.2,5,9,0,84.0
Bangalore,2022-10-05,84,46.2,90.72,69.72,95.76,0.88,79.8,5,10,0,74.0
Bangalore,2022-11-05,74,40.7,79.92,61.42,84.36,0.78,70.3,5,11,1,57.0
Bangalore,2022-12-05,57,31.35,61.56,47.31,64.98,0.6,54.15,5,12,0,67.0
Bangalore,2022-01-06,67,36.85,72.36,55.61,76.38,0.7,63.65,6,1,0,67.0
Bangalore,2022-02-06,67,36.85,72.36,55.61,76.38,0.7,63.65,6,2,1,79.0
Bangalore,2022-03-06,79,43.45,85.32,65.57,90.06,0.83,75.05,6,3,1,78.0
Bangalore,2022-04-06,78,42.9,84.24,64.74,88.92,0.82,74.1,6,4,0,76.0
Bangalore,2022-05-06,76,41.8,82.08,63.08,86.64,0.8,72.2,6,5,0,62.0
Bangalore,2022-06-06,62,34.1,66.96,51.46,70.68,0.65,58.9,6,6,0,62.0
Bangalore,2022-07-06,62,34.1,66.96,51.46,70.68,0.65,58.9,6,7,0,59.0
Bangalore,2022-08-06,59,32.45,63.72,48.97,67.26,0.62,56.05,6,8,1,66.0
Bangalore,2022-09-06,66,36.3,71.28,54.78,75.24,0.69,62.7,6,9,0,68.0
Bangalore,2022-10-06,68,37.4,73.44,56.44,77.52,0.71,64.6,6,10,0,68.0
Bangalore,2022-11-06,68,37.4,73.44,56.44,77.52,0.71,64.6,6,11,1,56.0
Bangalore,2022-12-06,56,30.8,60.48,46.48,63.84,0.59,53.2,6,12,0,56.0
Bangalore,2022-01-07,56,30.8,60.48,46.48,63.84,0.59,53.2,7,1,0,77.0
Bangalore,2022-02-07,77,42.35,83.16,63.91,87.78,0.81,73.15,7,2,0,79.0
Bangalore,2022-03-07,79,43.45,85.32,65.57,90.06,0.83,75.05,7,3,0,51.0
Bangalore,2022-04-07,51,28.05,55.08,42.33,58.14,0.54,48.45,7,4,0,52.0
Bangalore,2022-05-07,52,28.6,56.16,43.16,59.28,0.55,49.4,7,5,1,57.0
Bangalore,2022-06-07,57,31.35,61.56,47.31,64.98,0.6,54.15,7,6,0,53.0
Bangalore,2022-07-07,53,29.15,57.24,43.99,60.42,0.56,50.35,7,7,0,57.0
Bangalore,2022-08-07,57,31.35,61.56,47.31,64.98,0.6,54.15,7,8,1,60.0
Bangalore,2022-09-07,60,33.0,64.8,49.8,68.4,0.63,57.0,7,9,0,48.0
Bangalore,2022-10-07,48,26.4,51.84,39.84,54.72,0.5,45.6,7,10,0,56.0
Bangalore,2022-11-07,56,30.8,60.48,46.48,63.84,0.59,53.2,7,11,0,62.0
Bangalore,2022-12-07,62,34.1,66.96,51.46,70.68,0.65,58.9,7,12,0,67.0
Bangalore,2022-01-08,67,36.85,72.36,55.61,76.38,0.7,63.65,8,1,1,51.0
Bangalore,2022-02-08,51,28.05,55.08,42.33,58.14,0.54,48.45,8,2,0,50.0
Bangalore,2022-03-08,50,27.5,54.0,41.5,57.0,0.53,47.5,8,3,0,56.0
Bangalore,2022-04-08,56,30.8,60.48,46.48,63.84,0.59,53.2,8,4,0,51.0
Bangalore,2022-05-08,51,28.05,55.08,42.33,58.14,0.54,48.45,8,5,1,86.0
Bangalore,2022-06-08,86,47.3,92.88,71.38,98.04,0.9,81.7,8,6,0,43.0
Bangalore,2022-07-08,43,23.65,46.44,35.69,49.02,0.45,40.85,8,7,0,53.0
Bangalore,2022-08-08,53,29.15,57.24,43.99,60.42,0.56,50.35,8,8,0,57.0
Bangalore,2022-09-08,57,31.35,61.56,47.31,64.98,0.6,54.15,8,9,0,65.0
Bangalore,2022-10-08,65,35.75,70.2,53.95,74.1,0.68,61.75,8,10,1,65.0
Bangalore,2022-11-08,65,35.75,70.2,53.95,74.1,0.68,61.75,8,11,0,58.0
Bangalore,2022-12-08,58,31.9,62.64,48.14,66.12,0.61,55.1,8,12,0,50.0
Bangalore,2022-01-09,50,27.5,54.0,41.5,57.0,0.53,47.5,9,1,1,74.0
Bangalore,2022-02-09,74,40.7,79.92,61.42,84.36,0.78,70.3,9,2,0,70.0
Bangalore,2022-03-09,70,38.5,75.6,58.1,79.8,0.74,66.5,9,3,0,54.0
Bangalore,2022-04-09,54,29.7,58.32,44.82,61.56,0.57,51.3,9,4,1,45.0
Bangalore,2022-05-09,45,24.75,48.6,37.35,51.3,0.47,42.75,9,5,0,57.0
Bangalore,2022-06-09,57,31.35,61.56,47.31,64.98,0.6,54.15,9,6,0,44.0
Bangalore,2022-07-09,44,24.2,47.52,36.52,50.16,0.46,41.8,9,7,1,44.0
Bangalore,2022-08-09,44,24.2,47.52,36.52,50.16,0.46,41.8,9,8,0,51.0
Bangalore,2022-09-09,51,28.05,55.08,42.33,58.14,0.54,48.45,9,9,0,62.0
Bangalore,2022-10-09,62,34.1,66.96,51.46,70.68,0.65,58.9,9,10,1,48.0
Bangalore,2022-11-09,48,26.4,51.84,39.84,54.72,0.5,45.6,9,11,0,42.0
Bangalore,2022-12-09,42,23.1,45.36,34.86,47.88,0.44,39.9,9,12,0,72.0
Bangalore,2022-01-10,72,39.6,77.76,59.76,82.08,0.76,68.4,10,1,0,54.0
Bangalore,2022-02-10,54,29.7,58.32,44.82,61.56,0.57,51.3,10,2,0,132.0
Bangalore,2022-03-10,132,72.6,142.56,109.56,150.48,1.39,125.4,10,3,0,126.0
Bangalore,2022-04-10,126,69.3,136.08,104.58,143.64,1.32,119.7,10,4,1,105.0
Bangalore,2022-05-10,105,57.75,113.4,87.15,119.7,1.1,99.75,10,5,0,80.0
Bangalore,2022-06-10,80,44.0,86.4,66.4,91.2,0.84,76.0,10,6,0,109.0
Bangalore,2022-07-10,109,59.95,117.72,90.47,124.26,1.14,103.55,10,7,1,73.0
Bangalore,2022-08-10,73,40.15,78.84,60.59,83.22,0.77,69.35,10,8,0,69.0
Bangalore,2022-09-10,69,37.95,74.52,57.27,78.66,0.72,65.55,10,9,1,58.0
Bangalore,2022-10-10,58,31.9,62.64,48.14,66.12,0.61,55.1,10,10,0,50.0
Bangalore,2022-11-10,50,27.5,54.0,41.5,57.0,0.53,47.5,10,11,0,64.0
Bangalore,2022-12-10,64,35.2,69.12,53.12,72.96,0.67,60.8,10,12,1,105.0
Bangalore,2022-01-11,105,57.75,113.4,87.15,119.7,1.1,99.75,11,1,0,53.0
Bangalore,2022-02-11,53,29.15,57.24,43.99,60.42,0.56,50.35,11,2,0,54.0
Bangalore,2022-03-11,54,29.7,58.32,44.82,61.56,0.57,51.3,11,3,0,54.0
Bangalore,2022-04-11,54,29.7,58.32,44.82,61.56,0.57,51.3,11,4,0,49.0
Bangalore,2022-05-11,49,26.95,52.92,40.67,55.86,0.51,46.55,11,5,0,58.0
Bangalore,2022-06-11,58,31.9,62.64,48.14,66.12,0.61,55.1,11,6,1,119.0
Bangalore,2022-07-11,119,65.45,128.52,98.77,135.66,1.25,113.05,11,7,0,96.0
Bangalore,2022-08-11,96,52.8,103.68,79.68,109.44,1.01,91.2,11,8,0,100.0
Bangalore,2022-09-11,100,55.0,108.0,83.0,114.0,1.05,95.0,11,9,1,112.0
Bangalore,2022-10-11,112,61.6,120.96,92.96,127.68,1.18,106.4,11,10,0,111.0
Bangalore,2022-11-11,111,61.05,119.88,92.13,126.54,1.17,105.45,11,11,0,98.0
Bangalore,2022-12-11,98,53.9,105.84,81.34,111.72,1.03,93.1,11,12,1,128.0
Bangalore,2022-01-12,128,70.4,138.24,106.24,145.92,1.34,121.6,12,1,0,93.0
Bangalore,2022-02-12,93,51.15,100.44,77.19,106.02,0.98,88.35,12,2,1,68.0
Bangalore,2022-03-12,68,37.4,73.44,56.44,77.52,0.71,64.6,12,3,1,52.0
Bangalore,2022-04-12,52,28.6,56.16,43.16,59.28,0.55,49.4,12,4,0,77.0
Bangalore,2022-05-12,77,42.35,83.16,63.91,87.78,0.81,73.15,12,5,0,108.0
Bangalore,2022-06-12,108,59.4,116.64,89.64,123.12,1.13,102.6,12,6,1,124.0
Bangalore,2022-07-12,124,68.2,133.92,102.92,141.36,1.3,117.8,12,7,0,125.0
Bangalore,2022-08-12,125,68.75,135.0,103.75,142.5,1.31,118.75,12,8,0,127.0
Bangalore,2022-09-12,127,69.85,137.16,105.41,144.78,1.33,120.65,12,9,0,68.0
Bangalore,2022-10-12,68,37.4,73.44,56.44,77.52,0.71,64.6,12,10,0,24.0
Bangalore,2022-11-12,24,13.2,25.92,19.92,27.36,0.25,22.8,12,11,1,42.0
Bangalore,2022-12-12,42,23.1,45.36,34.86,47.88,0.44,39.9,12,12,0,88.0
Bangalore,2023-01-01,88,48.4,95.04,73.04,100.32,0.92,83.6,1,1,1,86.0
Bangalore,2023-02-01,86,47.3,92.88,71.38,98.04,0.9,81.7,1,2,0,82.0
Bangalore,2023-03-01,82,45.1,88.56,68.06,93.48,0.86,77.9,1,3,0,90.0
Bangalore,2023-04-01,90,49.5,97.2,74.7,102.6,0.95,85.5,1,4,1,87.0
Bangalore,2023-05-01,87,47.85,93.96,72.21,99.18,0.91,82.65,1,5,0,104.0
Bangalore,2023-06-01,104,57.2,112.32,86.32,118.56,1.09,98.8,1,6,0,91.0
Bangalore,2023-07-01,91,50.05,98.28,75.53,103.74,0.96,86.45,1,7,1,113.0
Bangalore,2023-08-01,113,62.15,122.04,93.79,128.82,1.19,107.35,1,8,0,118.0
Bangalore,2023-09-01,118,64.9,127.44,97.94,134.52,1.24,112.1,1,9,0,93.0
Bangalore,2023-10-01,93,51.15,100.44,77.19,106.02,0.98,88.35,1,10,1,102.0
Bangalore,2023-11-01,102,56.1,110.16,84.66,116.28,1.07,96.9,1,11,0,126.0
Bangalore,2023-12-01,126,69.3,136.08,104.58,143.64,1.32,119.7,1,12,0,93.0
Bangalore,2023-01-02,93,51.15,100.44,77.19,106.02,0.98,88.35,2,1,0,95.0
Bangalore,2023-02-02,95,52.25,102.6,78.85,108.3,1.0,90.25,2,2,0,86.0
Bangalore,2023-03-02,86,47.3,92.88,71.38,98.04,0.9,81.7,2,3,0,81.0
Bangalore,2023-04-02,81,44.55,87.48,67.23,92.34,0.85,76.95,2,4,1,90.0
Bangalore,2023-05-02,90,49.5,97.2,74.7,102.6,0.95,85.5,2,5,0,95.0
Bangalore,2023-06-02,95,52.25,102.6,78.85,108.3,1.0,90.25,2,6,0,150.0
Bangalore,2023-07-02,150,82.5,162.0,124.5,171.0,1.58,142.5,2,7,1,121.0
Bangalore,2023-08-02,121,66.55,130.68,100.43,137.94,1.27,114.95,2,8,0,116.0
Bangalore,2023-09-02,116,63.8,125.28,96.28,132.24,1.22,110.2,2,9,1,93.0
Bangalore,2023-10-02,93,51.15,100.44,77.19,106.02,0.98,88.35,2,10,0,95.0
Bangalore,2023-11-02,95,52.25,102.6,78.85,108.3,1.0,90.25,2,11,0,97.0
Bangalore,2023-12-02,97,53.35,104.76,80.51,110.58,1.02,92.15,2,12,1,89.0
Bangalore,2023-01-03,89,48.95,96.12,73.87,101.46,0.93,84.55,3,1,0,87.0
Bangalore,2023-02-03,87,47.85,93.96,72.21,99.18,0.91,82.65,3,2,0,101.0
Bangalore,2023-03-03,101,55.55,109.08,83.83,115.14,1.06,95.95,3,3,0,96.0
Bangalore,2023-04-03,96,52.8,103.68,79.68,109.44,1.01,91.2,3,4,0,92.0
Bangalore,2023-05-03,92,50.6,99.36,76.36,104.88,0.97,87.4,3,5,0,92.0
Bangalore,2023-06-03,92,50.6,99.36,76.36,104.88,0.97,87.4,3,6,1,84.0
Bangalore,2023-07-03,84,46.2,90.72,69.72,95.76,0.88,79.8,3,7,0,82.0
Bangalore,2023-08-03,82,45.1,88.56,68.06,93.48,0.86,77.9,3,8,0,86.0
Bangalore,2023-09-03,86,47.3,92.88,71.38,98.04,0.9,81.7,3,9,1,87.0
Bangalore,2023-10-03,87,47.85,93.96,72.21,99.18,0.91,82.65,3,10,0,88.0
Bangalore,2023-11-03,88,48.4,95.04,73.04,100.32,0.92,83.6,3,11,0,78.0
Bangalore,2023-12-03,78,42.9,84.24,64.74,88.92,0.82,74.1,3,12,1,73.0
Bangalore,2023-01-04,73,40.15,78.84,60.59,83.22,0.77,69.35,4,1,0,67.0
Bangalore,2023-02-04,67,36.85,72.36,55.61,76.38,0.7,63.65,4,2,1,80.0
Bangalore,2023-03-04,80,44.0,86.4,66.4,91.2,0.84,76.0,4,3,1,60.0
Bangalore,2023-04-04,60,33.0,64.8,49.8,68.4,0.63,57.0,4,4,0,74.0
Bangalore,2023-05-04,74,40.7,79.92,61.42,84.36,0.78,70.3,4,5,0,78.0
Bangalore,2023-06-04,78,42.9,84.24,64.74,88.92,0.82,74.1,4,6,1,76.0
Bangalore,2023-07-04,76,41.8,82.08,63.08,86.64,0.8,72.2,4,7,0,79.0
Bangalore,2023-08-04,79,43.45,85.32,65.57,90.06,0.83,75.05,4,8,0,71.0
Bangalore,2023-09-04,71,39.05,76.68,58.93,80.94,0.75,67.45,4,9,0,59.0
Bangalore,2023-10-04,59,32.45,63.72,48.97,67.26,0.62,56.05,4,10,0,66.0
Bangalore,2023-11-04,66,36.3,71.28,54.78,75.24,0.69,62.7,4,11,1,79.0
Bangalore,2023-12-04,79,43.45,85.32,65.57,90.06,0.83,75.05,4,12,0,51.0
Bangalore,2023-01-05,51,28.05,55.08,42.33,58.14,0.54,48.45,5,1,0,59.0
Bangalore,2023-02-05,59,32.45,63.72,48.97,67.26,0.62,56.05,5,2,1,60.0
Bangalore,2023-03-05,60,33.0,64.8,49.8,68.4,0.63,57.0,5,3,1,63.0
Bangalore,2023-04-05,63,34.65,68.04,52.29,71.82,0.66,59.85,5,4,0,52.0
Bangalore,2023-05-05,52,28.6,56.16,43.16,59.28,0.55,49.4,5,5,0,51.0
Bangalore,2023-06-05,51,28.05,55.08,42.33,58.14,0.54,48.45,5,6,0,51.0
Bangalore,2023-07-05,51,28.05,55.08,42.33,58.14,0.54,48.45,5,7,0,54.0
Bangalore,2023-08-05,54,29.7,58.32,44.82,61.56,0.57,51.3,5,8,1,51.0
Bangalore,2023-09-05,51,28.05,55.08,42.33,58.14,0.54,48.45,5,9,0,54.0
Bangalore,2023-10-05,54,29.7,58.32,44.82,61.56,0.57,51.3,5,10,0,74.0
Bangalore,2023-11-05,74,40.7,79.92,61.42,84.36,0.78,70.3,5,11,1,61.0
Bangalore,2023-12-05,61,33.55,65.88,50.63,69.54,0.64,57.95,5,12,0,53.0
Bangalore,2023-01-06,53,29.15,57.24,43.99,60.42,0.56,50.35,6,1,0,60.0
Bangalore,2023-02-06,60,33.0,64.8,49.8,68.4,0.63,57.0,6,2,0,73.0
Bangalore,2023-03-06,73,40.15,78.84,60.59,83.22,0.77,69.35,6,3,0,71.0
Bangalore,2023-04-06,71,39.05,76.68,58.93,80.94,0.75,67.45,6,4,0,66.0
Bangalore,2023-05-06,66,36.3,71.28,54.78,75.24,0.69,62.7,6,5,1,65.0
Bangalore,2023-06-06,65,35.75,70.2,53.95,74.1,0.68,61.75,6,6,0,59.0
Bangalore,2023-07-06,59,32.45,63.72,48.97,67.26,0.62,56.05,6,7,0,49.0
Bangalore,2023-08-06,49,26.95,52.92,40.67,55.86,0.51,46.55,6,8,1,46.0
Bangalore,2023-09-06,46,25.3,49.68,38.18,52.44,0.48,43.7,6,9,0,53.0
Bangalore,2023-10-06,53,29.15,57.24,43.99,60.42,0.56,50.35,6,10,0,43.0
Bangalore,2023-11-06,43,23.65,46.44,35.69,49.02,0.45,40.85,6,11,0,39.0
Bangalore,2023-12-06,39,21.45,42.12,32.37,44.46,0.41,37.05,6,12,0,43.0
Bangalore,2023-01-07,43,23.65,46.44,35.69,49.02,0.45,40.85,7,1,1,50.0
Bangalore,2023-02-07,50,27.5,54.0,41.5,57.0,0.53,47.5,7,2,0,44.0
Bangalore,2023-03-07,44,24.2,47.52,36.52,50.16,0.46,41.8,7,3,0,34.0
Bangalore,2023-04-07,34,18.7,36.72,28.22,38.76,0.36,32.3,7,4,0,36.0
Bangalore,2023-05-07,36,19.8,38.88,29.88,41.04,0.38,34.2,7,5,1,37.0
Bangalore,2023-06-07,37,20.35,39.96,30.71,42.18,0.39,35.15,7,6,0,39.0
Bangalore,2023-07-07,39,21.45,42.12,32.37,44.46,0.41,37.05,7,7,0,38.0
Bangalore,2023-08-07,38,20.9,41.04,31.54,43.32,0.4,36.1,7,8,0,39.0
Bangalore,2023-09-07,39,21.45,42.12,32.37,44.46,0.41,37.05,7,9,0,40.0
Bangalore,2023-10-07,40,22.0,43.2,33.2,45.6,0.42,38.0,7,10,1,52.0
Bangalore,2023-11-07,52,28.6,56.16,43.16,59.28,0.55,49.4,7,11,0,49.0
Bangalore,2023-12-07,49,26.95,52.92,40.67,55.86,0.51,46.55,7,12,0,67.0
Bangalore,2023-01-08,67,36.85,72.36,55.61,76.38,0.7,63.65,8,1,1,68.0
Bangalore,2023-02-08,68,37.4,73.44,56.44,77.52,0.71,64.6,8,2,0,64.0
Bangalore,2023-03-08,64,35.2,69.12,53.12,72.96,0.67,60.8,8,3,0,54.0
Bangalore,2023-04-08,54,29.7,58.32,44.82,61.56,0.57,51.3,8,4,1,58.0
Bangalore,2023-05-08,58,31.9,62.64,48.14,66.12,0.61,55.1,8,5,0,42.0
Bangalore,2023-06-08,42,23.1,45.36,34.86,47.88,0.44,39.9,8,6,0,50.0
Bangalore,2023-07-08,50,27.5,54.0,41.5,57.0,0.53,47.5,8,7,1,64.0
Bangalore,2023-08-08,64,35.2,69.12,53.12,72.96,0.67,60.8,8,8,0,60.0
Bangalore,2023-09-08,60,33.0,64.8,49.8,68.4,0.63,57.0,8,9,0,65.0
Bangalore,2023-10-08,65,35.75,70.2,53.95,74.1,0.68,61.75,8,10,1,64.0
Bangalore,2023-11-08,64,35.2,69.12,53.12,72.96,0.67,60.8,8,11,0,74.0
Bangalore,2023-12-08,74,40.7,79.92,61.42,84.36,0.78,70.3,8,12,0,57.0
Bangalore,2023-01-09,57,31.35,61.56,47.31,64.98,0.6,54.15,9,1,0,51.0
Bangalore,2023-02-09,51,28.05,55.08,42.33,58.14,0.54,48.45,9,2,0,51.0
Bangalore,2023-03-09,51,28.05,55.08,42.33,58.14,0.54,48.45,9,3,0,68.0
Bangalore,2023-04-09,68,37.4,73.44,56.44,77.52,0.71,64.6,9,4,1,52.0
Bangalore,2023-05-09,52,28.6,56.16,43.16,59.28,0.55,49.4,9,5,0,34.0
Bangalore,2023-06-09,34,18.7,36.72,28.22,38.76,0.36,32.3,9,6,0,40.0
Bangalore,2023-07-09,40,22.0,43.2,33.2,45.6,0.42,38.0,9,7,1,48.0
Bangalore,2023-08-09,48,26.4,51.84,39.84,54.72,0.5,45.6,9,8,0,48.0
Bangalore,2023-09-09,48,26.4,51.84,39.84,54.72,0.5,45.6,9,9,1,50.0
Bangalore,2023-10-09,50,27.5,54.0,41.5,57.0,0.53,47.5,9,10,0,49.0
Bangalore,2023-11-09,49,26.95,52.92,40.67,55.86,0.51,46.55,9,11,0,49.0
Bangalore,2023-12-09,49,26.95,52.92,40.67,55.86,0.51,46.55,9,12,1,39.0
Bangalore,2023-01-10,39,21.45,42.12,32.37,44.46,0.41,37.05,10,1,0,52.0
Bangalore,2023-02-10,52,28.6,56.16,43.16,59.28,0.55,49.4,10,2,0,94.0
Bangalore,2023-03-10,94,51.7,101.52,78.02,107.16,0.99,89.3,10,3,0,88.0
Bangalore,2023-04-10,88,48.4,95.04,73.04,100.32,0.92,83.6,10,4,0,85.0
Bangalore,2023-05-10,85,46.75,91.8,70.55,96.9,0.89,80.75,10,5,0,91.0
Bangalore,2023-06-10,91,50.05,98.28,75.53,103.74,0.96,86.45,10,6,1,95.0
Bangalore,2023-07-10,95,52.25,102.6,78.85,108.3,1.0,90.25,10,7,0,88.0
Bangalore,2023-08-10,88,48.4,95.04,73.04,100.32,0.92,83.6,10,8,0,67.0
Bangalore,2023-09-10,67,36.85,72.36,55.61,76.38,0.7,63.65,10,9,1,69.0
Bangalore,2023-10-10,69,37.95,74.52,57.27,78.66,0.72,65.55,10,10,0,77.0
Bangalore,2023-11-10,77,42.35,83.16,63.91,87.78,0.81,73.15,10,11,0,99.0
Bangalore,2023-12-10,99,54.45,106.92,82.17,112.86,1.04,94.05,10,12,1,81.0
Bangalore,2023-01-11,81,44.55,87.48,67.23,92.34,0.85,76.95,11,1,0,67.0
Bangalore,2023-02-11,67,36.85,72.36,55.61,76.38,0.7,63.65,11,2,1,46.0
Bangalore,2023-03-11,46,25.3,49.68,38.18,52.44,0.48,43.7,11,3,1,46.0
Bangalore,2023-04-11,46,25.3,49.68,38.18,52.44,0.48,43.7,11,4,0,43.0
Bangalore,2023-05-11,43,23.65,46.44,35.69,49.02,0.45,40.85,11,5,0,53.0
Bangalore,2023-06-11,53,29.15,57.24,43.99,60.42,0.56,50.35,11,6,1,49.0
Bangalore,2023-07-11,49,26.95,52.92,40.67,55.86,0.51,46.55,11,7,0,43.0
Bangalore,2023-08-11,43,23.65,46.44,35.69,49.02,0.45,40.85,11,8,0,62.0
Bangalore,2023-09-11,62,34.1,66.96,51.46,70.68,0.65,58.9,11,9,0,79.0
Bangalore,2023-10-11,79,43.45,85.32,65.57,90.06,0.83,75.05,11,10,0,90.0
Bangalore,2023-11-11,90,49.5,97.2,74.7,102.6,0.95,85.5,11,11,1,88.0
Bangalore,2023-12-11,88,48.4,95.04,73.04,100.32,0.92,83.6,11,12,0,51.0
Bangalore,2023-01-12,51,28.05,55.08,42.33,58.14,0.54,48.45,12,1,0,76.0
Bangalore,2023-02-12,76,41.8,82.08,63.08,86.64,0.8,72.2,12,2,1,61.0
Bangalore,2023-03-12,61,33.55,65.88,50.63,69.54,0.64,57.95,12,3,1,74.0
Bangalore,2023-04-12,74,40.7,79.92,61.42,84.36,0.78,70.3,12,4,0,75.0
Bangalore,2023-05-12,75,41.25,81.0,62.25,85.5,0.79,71.25,12,5,0,113.0
Bangalore,2023-06-12,113,62.15,122.04,93.79,128.82,1.19,107.35,12,6,0,102.0
Bangalore,2023-07-12,102,56.1,110.16,84.66,116.28,1.07,96.9,12,7,0,97.0
Bangalore,2023-08-12,97,53.35,104.76,80.51,110.58,1.02,92.15,12,8,1,79.0
Bangalore,2023-09-12,79,43.45,85.32,65.57,90.06,0.83,75.05,12,9,0,84.0
Bangalore,2023-10-12,84,46.2,90.72,69.72,95.76,0.88,79.8,12,10,0,79.0
Bangalore,2023-11-12,79,43.45,85.32,65.57,90.06,0.83,75.05,12,11,1,90.0
Bangalore,2023-12-12,90,49.5,97.2,74.7,102.6,0.95,85.5,12,12,0,91.0
Bangalore,2024-01-01,91,50.05,98.28,75.53,103.74,0.96,86.45,1,1,0,93.0
Bangalore,2024-02-01,93,51.15,100.44,77.19,106.02,0.98,88.35,1,2,0,96.0
Bangalore,2024-03-01,96,52.8,103.68,79.68,109.44,1.01,91.2,1,3,0,98.0
Bangalore,2024-04-01,98,53.9,105.84,81.34,111.72,1.03,93.1,1,4,0,93.0
Bangalore,2024-05-01,93,51.15,100.44,77.19,106.02,0.98,88.35,1,5,0,88.0
Bangalore,2024-06-01,88,48.4,95.04,73.04,100.32,0.92,83.6,1,6,1,76.0
Bangalore,2024-07-01,76,41.8,82.08,63.08,86.64,0.8,72.2,1,7,0,65.0
Bangalore,2024-08-01,65,35.75,70.2,53.95,74.1,0.68,61.75,1,8,0,73.0
Bangalore,2024-09-01,73,40.15,78.84,60.59,83.22,0.77,69.35,1,9,1,122.0
Bangalore,2024-10-01,122,67.1,131.76,101.26,139.08,1.28,115.9,1,10,0,92.0
Bangalore,2024-11-01,92,50.6,99.36,76.36,104.88,0.97,87.4,1,11,0,88.0
Bangalore,2024-12-01,88,48.4,95.04,73.04,100.32,0.92,83.6,1,12,1,106.0
Bangalore,2024-01-02,106,58.3,114.48,87.98,120.84,1.11,100.7,2,1,0,108.0
Bangalore,2024-02-02,108,59.4,116.64,89.64,123.12,1.13,102.6,2,2,0,108.0
Bangalore,2024-03-02,108,59.4,116.64,89.64,123.12,1.13,102.6,2,3,1,95.0
Bangalore,2024-04-02,95,52.25,102.6,78.85,108.3,1.0,90.25,2,4,0,93.0
Bangalore,2024-05-02,93,51.15,100.44,77.19,106.02,0.98,88.35,2,5,0,97.0
Bangalore,2024-06-02,97,53.35,104.76,80.51,110.58,1.02,92.15,2,6,1,99.0
Bangalore,2024-07-02,99,54.45,106.92,82.17,112.86,1.04,94.05,2,7,0,97.0
Bangalore,2024-08-02,97,53.35,104.76,80.51,110.58,1.02,92.15,2,8,0,95.0
Bangalore,2024-09-02,95,52.25,102.6,78.85,108.3,1.0,90.25,2,9,0,97.0
Bangalore,2024-10-02,97,53.35,104.76,80.51,110.58,1.02,92.15,2,10,0,92.0
Bangalore,2024-11-02,92,50.6,99.36,76.36,104.88,0.97,87.4,2,11,1,98.0
Bangalore,2024-12-02,98,53.9,105.84,81.34,111.72,1.03,93.1,2,12,0,77.0
Bangalore,2024-01-03,77,42.35,83.16,63.91,87.78,0.81,73.15,3,1,0,83.0
Bangalore,2024-02-03,83,45.65,89.64,68.89,94.62,0.87,78.85,3,2,1,109.0
Bangalore,2024-03-03,109,59.95,117.72,90.47,124.26,1.14,103.55,3,3,1,97.0
Bangalore,2024-04-03,97,53.35,104.76,80.51,110.58,1.02,92.15,3,4,0,118.0
Bangalore,2024-05-03,118,64.9,127.44,97.94,134.52,1.24,112.1,3,5,0,101.0
Bangalore,2024-06-03,101,55.55,109.08,83.83,115.14,1.06,95.95,3,6,0,128.0
Bangalore,2024-07-03,128,70.4,138.24,106.24,145.92,1.34,121.6,3,7,0,140.0
Bangalore,2024-08-03,140,77.0,151.2,116.2,159.6,1.47,133.0,3,8,1,121.0
Bangalore,2024-09-03,121,66.55,130.68,100.43,137.94,1.27,114.95,3,9,0,133.0
Bangalore,2024-10-03,133,73.15,143.64,110.39,151.62,1.4,126.35,3,10,0,119.0
Bangalore,2024-11-03,119,65.45,128.52,98.77,135.66,1.25,113.05,3,11,1,121.0
Bangalore,2024-12-03,121,66.55,130.68,100.43,137.94,1.27,114.95,3,12,0,87.0
Bangalore,2024-01-04,87,47.85,93.96,72.21,99.18,0.91,82.65,4,1,0,95.0
Bangalore,2024-02-04,95,52.25,102.6,78.85,108.3,1.0,90.25,4,2,1,81.0
Bangalore,2024-03-04,81,44.55,87.48,67.23,92.34,0.85,76.95,4,3,0,78.0
Bangalore,2024-04-04,78,42.9,84.24,64.74,88.92,0.82,74.1,4,4,0,76.0
Bangalore,2024-05-04,76,41.8,82.08,63.08,86.64,0.8,72.2,4,5,1,90.0
Bangalore,2024-06-04,90,49.5,97.2,74.7,102.6,0.95,85.5,4,6,0,82.0
Bangalore,2024-07-04,82,45.1,88.56,68.06,93.48,0.86,77.9,4,7,0,79.0
Bangalore,2024-08-04,79,43.45,85.32,65.57,90.06,0.83,75.05,4,8,1,79.0
Bangalore,2024-09-04,79,43.45,85.32,65.57,90.06,0.83,75.05,4,9,0,86.0
Bangalore,2024-10-04,86,47.3,92.88,71.38,98.04,0.9,81.7,4,10,0,62.0
Bangalore,2024-11-04,62,34.1,66.96,51.46,70.68,0.65,58.9,4,11,0,62.0
Bangalore,2024-12-04,62,34.1,66.96,51.46,70.68,0.65,58.9,4,12,0,83.0
Bangalore,2024-01-05,83,45.65,89.64,68.89,94.62,0.87,78.85,5,1,0,95.0
Bangalore,2024-02-05,95,52.25,102.6,78.85,108.3,1.0,90.25,5,2,0,94.0
Bangalore,2024-03-05,94,51.7,101.52,78.02,107.16,0.99,89.3,5,3,0,60.0
Bangalore,2024-04-05,60,33.0,64.8,49.8,68.4,0.63,57.0,5,4,0,94.0
Bangalore,2024-05-05,94,51.7,101.52,78.02,107.16,0.99,89.3,5,5,1,84.0
Bangalore,2024-06-05,84,46.2,90.72,69.72,95.76,0.88,79.8,5,6,0,65.0
Bangalore,2024-07-05,65,35.75,70.2,53.95,74.1,0.68,61.75,5,7,0,65.0
Bangalore,2024-08-05,65,35.75,70.2,53.95,74.1,0.68,61.75,5,8,0,79.0
Bangalore,2024-09-05,79,43.45,85.32,65.57,90.06,0.83,75.05,5,9,0,71.0
Bangalore,2024-10-05,71,39.05,76.68,58.93,80.94,0.75,67.45,5,10,1,60.0
Bangalore,2024-11-05,60,33.0,64.8,49.8,68.4,0.63,57.0,5,11,0,68.0
Bangalore,2024-12-05,68,37.4,73.44,56.44,77.52,0.71,64.6,5,12,0,73.0
Bangalore,2024-01-06,73,40.15,78.84,60.59,83.22,0.77,69.35,6,1,1,46.0
Bangalore,2024-02-06,46,25.3,49.68,38.18,52.44,0.48,43.7,6,2,0,49.0
Bangalore,2024-03-06,49,26.95,52.92,40.67,55.86,0.51,46.55,6,3,0,54.0
Bangalore,2024-04-06,54,29.7,58.32,44.82,61.56,0.57,51.3,6,4,1,46.0
Bangalore,2024-05-06,46,25.3,49.68,38.18,52.44,0.48,43.7,6,5,0,50.0
Bangalore,2024-06-06,50,27.5,54.0,41.5,57.0,0.53,47.5,6,6,0,39.0
Bangalore,2024-07-06,39,21.45,42.12,32.37,44.46,0.41,37.05,6,7,1,45.0
Bangalore,2024-08-06,45,24.75,48.6,37.35,51.3,0.47,42.75,6,8,0,46.0
Bangalore,2024-09-06,46,25.3,49.68,38.18,52.44,0.48,43.7,6,9,0,44.0
Bangalore,2024-10-06,44,24.2,47.52,36.52,50.16,0.46,41.8,6,10,1,45.0
Bangalore,2024-11-06,45,24.75,48.6,37.35,51.3,0.47,42.75,6,11,0,45.0
Bangalore,2024-12-06,45,24.75,48.6,37.35,51.3,0.47,42.75,6,12,0,44.0
Bangalore,2024-01-07,44,24.2,47.52,36.52,50.16,0.46,41.8,7,1,1,47.0
Bangalore,2024-02-07,47,25.85,50.76,39.01,53.58,0.49,44.65,7,2,0,52.0
Bangalore,2024-03-07,52,28.6,56.16,43.16,59.28,0.55,49.4,7,3,0,50.0
Bangalore,2024-04-07,50,27.5,54.0,41.5,57.0,0.53,47.5,7,4,1,54.0
Bangalore,2024-05-07,54,29.7,58.32,44.82,61.56,0.57,51.3,7,5,0,52.0
Bangalore,2024-06-07,52,28.6,56.16,43.16,59.28,0.55,49.4,7,6,0,61.0
Bangalore,2024-07-07,61,33.55,65.88,50.63,69.54,0.64,57.95,7,7,1,49.0
Bangalore,2024-08-07,49,26.95,52.92,40.67,55.86,0.51,46.55,7,8,0,50.0
Bangalore,2024-09-07,50,27.5,54.0,41.5,57.0,0.53,47.5,7,9,1,57.0
Bangalore,2024-10-07,57,31.35,61.56,47.31,64.98,0.6,54.15,7,10,0,56.0
Bangalore,2024-11-07,56,30.8,60.48,46.48,63.84,0.59,53.2,7,11,0,57.0
Bangalore,2024-12-07,57,31.35,61.56,47.31,64.98,0.6,54.15,7,12,1,50.0
Bangalore,2024-01-08,50,27.5,54.0,41.5,57.0,0.53,47.5,8,1,0,48.0
Bangalore,2024-02-08,48,26.4,51.84,39.84,54.72,0.5,45.6,8,2,0,50.0
Bangalore,2024-03-08,50,27.5,54.0,41.5,57.0,0.53,47.5,8,3,0,52.0
Bangalore,2024-04-08,52,28.6,56.16,43.16,59.28,0.55,49.4,8,4,0,55.0
Bangalore,2024-05-08,55,30.25,59.4,45.65,62.7,0.58,52.25,8,5,0,45.0
Bangalore,2024-06-08,45,24.75,48.6,37.35,51.3,0.47,42.75,8,6,1,45.0
Bangalore,2024-07-08,45,24.75,48.6,37.35,51.3,0.47,42.75,8,7,0,58.0
Bangalore,2024-08-08,58,31.9,62.64,48.14,66.12,0.61,55.1,8,8,0,55.0
Bangalore,2024-09-08,55,30.25,59.4,45.65,62.7,0.58,52.25,8,9,1,60.0
Bangalore,2024-10-08,60,33.0,64.8,49.8,68.4,0.63,57.0,8,10,0,56.0
Bangalore,2024-11-08,56,30.8,60.48,46.48,63.84,0.59,53.2,8,11,0,56.0
Bangalore,2024-12-08,56,30.8,60.48,46.48,63.84,0.59,53.2,8,12,1,52.0
Bangalore,2024-01-09,52,28.6,56.16,43.16,59.28,0.55,49.4,9,1,0,51.0
Bangalore,2024-02-09,51,28.05,55.08,42.33,58.14,0.54,48.45,9,2,0,56.0
Bangalore,2024-03-09,56,30.8,60.48,46.48,63.84,0.59,53.2,9,3,1,64.0
Bangalore,2024-04-09,64,35.2,69.12,53.12,72.96,0.67,60.8,9,4,0,61.0
Bangalore,2024-05-09,61,33.55,65.88,50.63,69.54,0.64,57.95,9,5,0,57.0
Bangalore,2024-06-09,57,31.35,61.56,47.31,64.98,0.6,54.15,9,6,1,60.0
Bangalore,2024-07-09,60,33.0,64.8,49.8,68.4,0.63,57.0,9,7,0,48.0
Bangalore,2024-08-09,48,26.4,51.84,39.84,54.72,0.5,45.6,9,8,0,46.0
Bangalore,2024-09-09,46,25.3,49.68,38.18,52.44,0.48,43.7,9,9,0,54.0
Bangalore,2024-10-09,54,29.7,58.32,44.82,61.56,0.57,51.3,9,10,0,53.0
Bangalore,2024-11-09,53,29.15,57.24,43.99,60.42,0.56,50.35,9,11,1,60.0
Bangalore,2024-12-09,60,33.0,64.8,49.8,68.4,0.63,57.0,9,12,0,70.0
Bangalore,2024-01-10,70,38.5,75.6,58.1,79.8,0.74,66.5,10,1,0,69.0
Bangalore,2024-02-10,69,37.95,74.52,57.27,78.66,0.72,65.55,10,2,1,48.0
Bangalore,2024-03-10,48,26.4,51.84,39.84,54.72,0.5,45.6,10,3,1,68.0
Bangalore,2024-04-10,68,37.4,73.44,56.44,77.52,0.71,64.6,10,4,0,54.0
Bangalore,2024-05-10,54,29.7,58.32,44.82,61.56,0.57,51.3,10,5,0,56.0
Bangalore,2024-06-10,56,30.8,60.48,46.48,63.84,0.59,53.2,10,6,0,100.0
Bangalore,2024-07-10,100,55.0,108.0,83.0,114.0,1.05,95.0,10,7,0,69.0
Bangalore,2024-08-10,69,37.95,74.52,57.27,78.66,0.72,65.55,10,8,1,65.0
Bangalore,2024-09-10,65,35.75,70.2,53.95,74.1,0.68,61.75,10,9,0,60.0
Bangalore,2024-10-10,60,33.0,64.8,49.8,68.4,0.63,57.0,10,10,0,55.0
Bangalore,2024-11-10,55,30.25,59.4,45.65,62.7,0.58,52.25,10,11,1,53.0
Bangalore,2024-12-10,53,29.15,57.24,43.99,60.42,0.56,50.35,10,12,0,135.0
Bangalore,2024-01-11,135,74.25,145.8,112.05,153.9,1.42,128.25,11,1,0,122.0
Bangalore,2024-02-11,122,67.1,131.76,101.26,139.08,1.28,115.9,11,2,1,75.0
Bangalore,2024-03-11,75,41.25,81.0,62.25,85.5,0.79,71.25,11,3,0,69.0
Bangalore,2024-04-11,69,37.95,74.52,57.27,78.66,0.72,65.55,11,4,0,71.0
Bangalore,2024-05-11,71,39.05,76.68,58.93,80.94,0.75,67.45,11,5,1,110.0
Bangalore,2024-06-11,110,60.5,118.8,91.3,125.4,1.16,104.5,11,6,0,101.0
Bangalore,2024-07-11,101,55.55,109.08,83.83,115.14,1.06,95.95,11,7,0,68.0
Bangalore,2024-08-11,68,37.4,73.44,56.44,77.52,0.71,64.6,11,8,1,62.0
Bangalore,2024-09-11,62,34.1,66.96,51.46,70.68,0.65,58.9,11,9,0,72.0
Bangalore,2024-10-11,72,39.6,77.76,59.76,82.08,0.76,68.4,11,10,0,85.0
Bangalore,2024-11-11,85,46.75,91.8,70.55,96.9,0.89,80.75,11,11,0,99.0
Bangalore,2024-12-11,99,54.45,106.92,82.17,112.86,1.04,94.05,11,12,0,59.0
Bangalore,2024-01-12,59,32.45,63.72,48.97,67.26,0.62,56.05,12,1,0,53.0
Bangalore,2024-02-12,53,29.15,57.24,43.99,60.42,0.56,50.35,12,2,0,50.0
Bangalore,2024-03-12,50,27.5,54.0,41.5,57.0,0.53,47.5,12,3,0,54.0
Bangalore,2024-04-12,54,29.7,58.32,44.82,61.56,0.57,51.3,12,4,0,60.0
Bangalore,2024-05-12,60,33.0,64.8,49.8,68.4,0.63,57.0,12,5,1,66.0
Bangalore,2024-06-12,66,36.3,71.28,54.78,75.24,0.69,62.7,12,6,0,76.0
Bangalore,2024-07-12,76,41.8,82.08,63.08,86.64,0.8,72.2,12,7,0,58.0
Bangalore,2024-08-12,58,31.9,62.64,48.14,66.12,0.61,55.1,12,8,0,66.0
Bangalore,2024-09-12,66,36.3,71.28,54.78,75.24,0.69,62.7,12,9,0,93.0
Bangalore,2024-10-12,93,51.15,100.44,77.19,106.02,0.98,88.35,12,10,1,90.0
Bangalore,2024-11-12,90,49.5,97.2,74.7,102.6,0.95,85.5,12,11,0,86.0
Bangalore,2024-12-12,86,47.3,92.88,71.38,98.04,0.9,81.7,12,12,0,267.0
Mumbai,2018-01-01,267,146.85,288.36,221.61,304.38,2.8,253.65,1,1,0,235.0
Mumbai,2018-02-01,235,129.25,253.8,195.05,267.9,2.47,223.25,1,2,0,289.0
Mumbai,2018-03-01,289,158.95,312.12,239.87,329.46,3.03,274.55,1,3,0,319.0
Mumbai,2018-04-01,319,175.45,344.52,264.77,363.66,3.35,303.05,1,4,1,205.0
Mumbai,2018-05-01,205,112.75,221.4,170.15,233.7,2.15,194.75,1,5,0,232.0
Mumbai,2018-06-01,232,127.6,250.56,192.56,264.48,2.44,220.4,1,6,0,147.0
Mumbai,2018-07-01,147,80.85,158.76,122.01,167.58,1.54,139.65,1,7,1,183.0
Mumbai,2018-08-01,183,100.65,197.64,151.89,208.62,1.92,173.85,1,8,0,266.0
Mumbai,2018-09-01,266,146.3,287.28,220.78,303.24,2.79,252.7,1,9,1,286.0
Mumbai,2018-10-01,286,157.3,308.88,237.38,326.04,3.0,271.7,1,10,0,227.0
Mumbai,2018-11-01,227,124.85,245.16,188.41,258.78,2.38,215.65,1,11,0,219.0
Mumbai,2018-12-01,219,120.45,236.52,181.77,249.66,2.3,208.05,1,12,1,239.0
Mumbai,2018-07-02,239,131.45,258.12,198.37,272.46,2.51,227.05,2,7,0,349.0
Mumbai,2018-08-02,349,191.95,376.92,289.67,397.86,3.66,331.55,2,8,0,133.0
Mumbai,2018-09-02,133,73.15,143.64,110.39,151.62,1.4,126.35,2,9,1,138.0
Mumbai,2018-10-02,138,75.9,149.04,114.54,157.32,1.45,131.1,2,10,0,106.0
Mumbai,2018-11-02,106,58.3,114.48,87.98,120.84,1.11,100.7,2,11,0,118.0
Mumbai,2018-12-02,118,64.9,127.44,97.94,134.52,1.24,112.1,2,12,1,282.0
Mumbai,2018-01-03,282,155.1,304.56,234.06,321.48,2.96,267.9,3,1,0,340.0
Mumbai,2018-02-03,340,187.0,367.2,282.2,387.6,3.57,323.0,3,2,1,336.0
Mumbai,2018-03-03,336,184.8,362.88,278.88,383.04,3.53,319.2,3,3,1,156.0
Mumbai,2018-04-03,156,85.8,168.48,129.48,177.84,1.64,148.2,3,4,0,121.0
Mumbai,2018-05-03,121,66.55,130.68,100.43,137.94,1.27,114.95,3,5,0,136.0
Mumbai,2018-06-03,136,74.8,146.88,112.88,155.04,1.43,129.2,3,6,1,125.0
Mumbai,2018-07-03,125,68.75,135.0,103.75,142.5,1.31,118.75,3,7,0,153.0
Mumbai,2018-08-03,153,84.15,165.24,126.99,174.42,1.61,145.35,3,8,0,153.0
Mumbai,2018-09-03,153,84.15,165.24,126.99,174.42,1.61,145.35,3,9,0,106.0
Mumbai,2018-10-03,106,58.3,114.48,87.98,120.84,1.11,100.7,3,10,0,140.0
Mumbai,2018-11-03,140,77.0,151.2,116.2,159.6,1.47,133.0,3,11,1,163.0
Mumbai,2018-12-03,163,89.65,176.04,135.29,185.82,1.71,154.85,3,12,0,188.0
Mumbai,2018-01-04,188,103.4,203.04,156.04,214.32,1.97,178.6,4,1,0,146.0
Mumbai,2018-02-04,146,80.3,157.68,121.18,166.44,1.53,138.7,4,2,1,98.0
Mumbai,2018-03-04,98,53.9,105.84,81.34,111.72,1.03,93.1,4,3,1,88.0
Mumbai,2018-04-04,88,48.4,95.04,73.04,100.32,0.92,83.6,4,4,0,98.0
Mumbai,2018-05-04,98,53.9,105.84,81.34,111.72,1.03,93.1,4,5,0,112.0
Mumbai,2018-06-04,112,61.6,120.96,92.96,127.68,1.18,106.4,4,6,0,108.0
Mumbai,2018-07-04,108,59.4,116.64,89.64,123.12,1.13,102.6,4,7,0,112.0
Mumbai,2018-08-04,112,61.6,120.96,92.96,127.68,1.18,106.4,4,8,1,115.0
Mumbai,2018-10-04,115,63.25,124.2,95.45,131.1,1.21,109.25,4,10,0,110.0
Mumbai,2018-11-04,110,60.5,118.8,91.3,125.4,1.16,104.5,4,11,1,104.0
Mumbai,2018-12-04,104,57.2,112.32,86.32,118.56,1.09,98.8,4,12,0,77.0
Mumbai,2018-11-05,77,42.35,83.16,63.91,87.78,0.81,73.15,5,11,0,73.0
Mumbai,2018-01-08,73,40.15,78.84,60.59,83.22,0.77,69.35,8,1,0,79.0
Mumbai,2018-03-08,79,43.45,85.32,65.57,90.06,0.83,75.05,8,3,0,66.0
Mumbai,2018-04-08,66,36.3,71.28,54.78,75.24,0.69,62.7,8,4,1,60.0
Mumbai,2018-05-08,60,33.0,64.8,49.8,68.4,0.63,57.0,8,5,0,65.0
Mumbai,2018-06-08,65,35.75,70.2,53.95,74.1,0.68,61.75,8,6,0,66.0
Mumbai,2018-07-08,66,36.3,71.28,54.78,75.24,0.69,62.7,8,7,1,65.0
Mumbai,2018-08-08,65,35.75,70.2,53.95,74.1,0.68,61.75,8,8,0,65.0
Mumbai,2018-09-08,65,35.75,70.2,53.95,74.1,0.68,61.75,8,9,1,63.0
Mumbai,2018-10-08,63,34.65,68.04,52.29,71.82,0.66,59.85,8,10,0,64.0
Mumbai,2018-11-08,64,35.2,69.12,53.12,72.96,0.67,60.8,8,11,0,66.0
Mumbai,2018-12-08,66,36.3,71.28,54.78,75.24,0.69,62.7,8,12,1,67.0
Mumbai,2018-01-09,67,36.85,72.36,55.61,76.38,0.7,63.65,9,1,0,66.0
Mumbai,2018-02-09,66,36.3,71.28,54.78,75.24,0.69,62.7,9,2,0,64.0
Mumbai,2018-03-09,64,35.2,69.12,53.12,72.96,0.67,60.8,9,3,0,68.0
Mumbai,2018-04-09,68,37.4,73.44,56.44,77.52,0.71,64.6,9,4,0,66.0
Mumbai,2018-05-09,66,36.3,71.28,54.78,75.24,0.69,62.7,9,5,0,81.0
Mumbai,2018-06-09,81,44.55,87.48,67.23,92.34,0.85,76.95,9,6,1,93.0
Mumbai,2018-07-09,93,51.15,100.44,77.19,106.02,0.98,88.35,9,7,0,109.0
Mumbai,2018-08-09,109,59.95,117.72,90.47,124.26,1.14,103.55,9,8,0,94.0
Mumbai,2018-09-09,94,51.7,101.52,78.02,107.16,0.99,89.3,9,9,1,87.0
Mumbai,2018-10-09,87,47.85,93.96,72.21,99.18,0.91,82.65,9,10,0,103.0
Mumbai,2018-11-09,103,56.65,111.24,85.49,117.42,1.08,97.85,9,11,0,98.0
Mumbai,2018-12-09,98,53.9,105.84,81.34,111.72,1.03,93.1,9,12,1,109.0
Mumbai,2018-01-10,109,59.95,117.72,90.47,124.26,1.14,103.55,10,1,0,144.0
Mumbai,2018-02-10,144,79.2,155.52,119.52,164.16,1.51,136.8,10,2,1,130.0
Mumbai,2018-03-10,130,71.5,140.4,107.9,148.2,1.37,123.5,10,3,1,123.0
Mumbai,2018-04-10,123,67.65,132.84,102.09,140.22,1.29,116.85,10,4,0,127.0
Mumbai,2018-05-10,127,69.85,137.16,105.41,144.78,1.33,120.65,10,5,0,116.0
Mumbai,2018-06-10,116,63.8,125.28,96.28,132.24,1.22,110.2,10,6,1,109.0
Mumbai,2018-07-10,109,59.95,117.72,90.47,124.26,1.14,103.55,10,7,0,131.0
Mumbai,2018-08-10,131,72.05,141.48,108.73,149.34,1.38,124.45,10,8,0,165.0
Mumbai,2018-09-10,165,90.75,178.2,136.95,188.1,1.73,156.75,10,9,0,163.0
Mumbai,2018-12-10,163,89.65,176.04,135.29,185.82,1.71,154.85,10,12,0,100.0
Mumbai,2018-01-11,100,55.0,108.0,83.0,114.0,1.05,95.0,11,1,0,149.0
Mumbai,2018-03-11,149,81.95,160.92,123.67,169.86,1.56,141.55,11,3,1,423.0
Mumbai,2018-04-11,423,232.65,456.84,351.09,482.22,4.44,401.85,11,4,0,275.0
Mumbai,2018-05-11,275,151.25,297.0,228.25,313.5,2.89,261.25,11,5,0,395.0
Mumbai,2018-06-11,395,217.25,426.6,327.85,450.3,4.15,375.25,11,6,0,185.0
Mumbai,2018-07-11,185,101.75,199.8,153.55,210.9,1.94,175.75,11,7,0,156.0
Mumbai,2018-08-11,156,85.8,168.48,129.48,177.84,1.64,148.2,11,8,1,170.0
Mumbai,2018-10-11,170,93.5,183.6,141.1,193.8,1.79,161.5,11,10,0,135.0
Mumbai,2018-11-11,135,74.25,145.8,112.05,153.9,1.42,128.25,11,11,1,143.0
Mumbai,2018-12-11,143,78.65,154.44,118.69,163.02,1.5,135.85,11,12,0,167.0
Mumbai,2018-01-12,167,91.85,180.36,138.61,190.38,1.75,158.65,12,1,0,183.0
Mumbai,2018-02-12,183,100.65,197.64,151.89,208.62,1.92,173.85,12,2,0,204.0
Mumbai,2018-03-12,204,112.2,220.32,169.32,232.56,2.14,193.8,12,3,0,194.0
Mumbai,2018-04-12,194,106.7,209.52,161.02,221.16,2.04,184.3,12,4,0,190.0
Mumbai,2018-05-12,190,104.5,205.2,157.7,216.6,2.0,180.5,12,5,1,243.0
Mumbai,2018-06-12,243,133.65,262.44,201.69,277.02,2.55,230.85,12,6,0,182.0
Mumbai,2018-07-12,182,100.1,196.56,151.06,207.48,1.91,172.9,12,7,0,193.0
Mumbai,2018-08-12,193,106.15,208.44,160.19,220.02,2.03,183.35,12,8,1,187.0
Mumbai,2018-09-12,187,102.85,201.96,155.21,213.18,1.96,177.65,12,9,0,173.0
Mumbai,2018-10-12,173,95.15,186.84,143.59,197.22,1.82,164.35,12,10,0,175.0
Mumbai,2018-11-12,175,96.25,189.0,145.25,199.5,1.84,166.25,12,11,0,145.0
Mumbai,2018-12-12,145,79.75,156.6,120.35,165.3,1.52,137.75,12,12,0,194.0
Mumbai,2019-01-01,194,106.7,209.52,161.02,221.16,2.04,184.3,1,1,0,180.0
Mumbai,2019-02-01,180,99.0,194.4,149.4,205.2,1.89,171.0,1,2,0,267.0
Mumbai,2019-03-01,267,146.85,288.36,221.61,304.38,2.8,253.65,1,3,0,223.0
Mumbai,2019-04-01,223,122.65,240.84,185.09,254.22,2.34,211.85,1,4,0,178.0
Mumbai,2019-05-01,178,97.9,192.24,147.74,202.92,1.87,169.1,1,5,0,192.0
Mumbai,2019-06-01,192,105.6,207.36,159.36,218.88,2.02,182.4,1,6,1,146.0
Mumbai,2019-07-01,146,80.3,157.68,121.18,166.44,1.53,138.7,1,7,0,161.0
Mumbai,2019-08-01,161,88.55,173.88,133.63,183.54,1.69,152.95,1,8,0,154.0
Mumbai,2019-09-01,154,84.7,166.32,127.82,175.56,1.62,146.3,1,9,1,219.0
Mumbai,2019-10-01,219,120.45,236.52,181.77,249.66,2.3,208.05,1,10,0,212.0
Mumbai,2019-11-01,212,116.6,228.96,175.96,241.68,2.23,201.4,1,11,0,200.0
Mumbai,2019-12-01,200,110.0,216.0,166.0,228.0,2.1,190.0,1,12,1,153.0
Mumbai,2019-01-02,153,84.15,165.24,126.99,174.42,1.61,145.35,2,1,0,158.0
Mumbai,2019-02-02,158,86.9,170.64,131.14,180.12,1.66,150.1,2,2,1,204.0
Mumbai,2019-03-02,204,112.2,220.32,169.32,232.56,2.14,193.8,2,3,1,197.0
Mumbai,2019-04-02,197,108.35,212.76,163.51,224.58,2.07,187.15,2,4,0,159.0
Mumbai,2019-05-02,159,87.45,171.72,131.97,181.26,1.67,151.05,2,5,0,153.0
Mumbai,2019-06-02,153,84.15,165.24,126.99,174.42,1.61,145.35,2,6,1,90.0
Mumbai,2019-07-02,90,49.5,97.2,74.7,102.6,0.95,85.5,2,7,0,162.0
Mumbai,2019-08-02,162,89.1,174.96,134.46,184.68,1.7,153.9,2,8,0,159.0
Mumbai,2019-09-02,159,87.45,171.72,131.97,181.26,1.67,151.05,2,9,0,187.0
Mumbai,2019-10-02,187,102.85,201.96,155.21,213.18,1.96,177.65,2,10,0,225.0
Mumbai,2019-11-02,225,123.75,243.0,186.75,256.5,2.36,213.75,2,11,1,219.0
Mumbai,2019-12-02,219,120.45,236.52,181.77,249.66,2.3,208.05,2,12,0,207.0
Mumbai,2019-02-03,207,113.85,223.56,171.81,235.98,2.17,196.65,3,2,1,84.0
Mumbai,2019-03-03,84,46.2,90.72,69.72,95.76,0.88,79.8,3,3,1,83.0
Mumbai,2019-04-03,83,45.65,89.64,68.89,94.62,0.87,78.85,3,4,0,113.0
Mumbai,2019-05-03,113,62.15,122.04,93.79,128.82,1.19,107.35,3,5,0,101.0
Mumbai,2019-06-03,101,55.55,109.08,83.83,115.14,1.06,95.95,3,6,0,96.0
Mumbai,2019-07-03,96,52.8,103.68,79.68,109.44,1.01,91.2,3,7,0,102.0
Mumbai,2019-08-03,102,56.1,110.16,84.66,116.28,1.07,96.9,3,8,1,189.0
Mumbai,2019-09-03,189,103.95,204.12,156.87,215.46,1.98,179.55,3,9,0,144.0
Mumbai,2019-10-03,144,79.2,155.52,119.52,164.16,1.51,136.8,3,10,0,120.0
Mumbai,2019-11-03,120,66.0,129.6,99.6,136.8,1.26,114.0,3,11,1,92.0
Mumbai,2019-12-03,92,50.6,99.36,76.36,104.88,0.97,87.4,3,12,0,90.0
Mumbai,2019-01-04,90,49.5,97.2,74.7,102.6,0.95,85.5,4,1,0,99.0
Mumbai,2019-03-04,99,54.45,106.92,82.17,112.86,1.04,94.05,4,3,0,88.0
Mumbai,2019-04-04,88,48.4,95.04,73.04,100.32,0.92,83.6,4,4,0,91.0
Mumbai,2019-05-04,91,50.05,98.28,75.53,103.74,0.96,86.45,4,5,1,91.0
Mumbai,2019-06-04,91,50.05,98.28,75.53,103.74,0.96,86.45,4,6,0,93.0
Mumbai,2019-07-04,93,51.15,100.44,77.19,106.02,0.98,88.35,4,7,0,93.0
Mumbai,2019-08-04,93,51.15,100.44,77.19,106.02,0.98,88.35,4,8,1,90.0
Mumbai,2019-09-04,90,49.5,97.2,74.7,102.6,0.95,85.5,4,9,0,93.0
Mumbai,2019-10-04,93,51.15,100.44,77.19,106.02,0.98,88.35,4,10,0,89.0
Mumbai,2019-11-04,89,48.95,96.12,73.87,101.46,0.93,84.55,4,11,0,93.0
Mumbai,2019-12-04,93,51.15,100.44,77.19,106.02,0.98,88.35,4,12,0,88.0
Mumbai,2019-01-05,88,48.4,95.04,73.04,100.32,0.92,83.6,5,1,1,109.0
Mumbai,2019-02-05,109,59.95,117.72,90.47,124.26,1.14,103.55,5,2,0,90.0
Mumbai,2019-03-05,90,49.5,97.2,74.7,102.6,0.95,85.5,5,3,0,89.0
Mumbai,2019-04-05,89,48.95,96.12,73.87,101.46,0.93,84.55,5,4,0,88.0
Mumbai,2019-05-05,88,48.4,95.04,73.04,100.32,0.92,83.6,5,5,1,93.0
Mumbai,2019-06-05,93,51.15,100.44,77.19,106.02,0.98,88.35,5,6,0,94.0
Mumbai,2019-07-05,94,51.7,101.52,78.02,107.16,0.99,89.3,5,7,0,88.0
Mumbai,2019-08-05,88,48.4,95.04,73.04,100.32,0.92,83.6,5,8,0,89.0
Mumbai,2019-09-05,89,48.95,96.12,73.87,101.46,0.93,84.55,5,9,0,87.0
Mumbai,2019-10-05,87,47.85,93.96,72.21,99.18,0.91,82.65,5,10,1,92.0
Mumbai,2019-11-05,92,50.6,99.36,76.36,104.88,0.97,87.4,5,11,0,93.0
Mumbai,2019-12-05,93,51.15,100.44,77.19,106.02,0.98,88.35,5,12,0,79.0
Mumbai,2019-01-06,79,43.45,85.32,65.57,90.06,0.83,75.05,6,1,1,79.0
Mumbai,2019-02-06,79,43.45,85.32,65.57,90.06,0.83,75.05,6,2,0,78.0
Mumbai,2019-03-06,78,42.9,84.24,64.74,88.92,0.82,74.1,6,3,0,58.0
Mumbai,2019-04-06,58,31.9,62.64,48.14,66.12,0.61,55.1,6,4,1,59.0
Mumbai,2019-05-06,59,32.45,63.72,48.97,67.26,0.62,56.05,6,5,0,60.0
Mumbai,2019-06-06,60,33.0,64.8,49.8,68.4,0.63,57.0,6,6,0,70.0
Mumbai,2019-07-06,70,38.5,75.6,58.1,79.8,0.74,66.5,6,7,1,72.0
Mumbai,2019-08-06,72,39.6,77.76,59.76,82.08,0.76,68.4,6,8,0,87.0
Mumbai,2019-09-06,87,47.85,93.96,72.21,99.18,0.91,82.65,6,9,0,81.0
Mumbai,2019-10-06,81,44.55,87.48,67.23,92.34,0.85,76.95,6,10,1,62.0
Mumbai,2019-11-06,62,34.1,66.96,51.46,70.68,0.65,58.9,6,11,0,61.0
Mumbai,2019-12-06,61,33.55,65.88,50.63,69.54,0.64,57.95,6,12,0,42.0
Mumbai,2019-01-07,42,23.1,45.36,34.86,47.88,0.44,39.9,7,1,0,46.0
Mumbai,2019-02-07,46,25.3,49.68,38.18,52.44,0.48,43.7,7,2,0,41.0
Mumbai,2019-03-07,41,22.55,44.28,34.03,46.74,0.43,38.95,7,3,0,46.0
Mumbai,2019-04-07,46,25.3,49.68,38.18,52.44,0.48,43.7,7,4,1,55.0
Mumbai,2019-05-07,55,30.25,59.4,45.65,62.7,0.58,52.25,7,5,0,52.0
Mumbai,2019-06-07,52,28.6,56.16,43.16,59.28,0.55,49.4,7,6,0,63.0
Mumbai,2019-07-07,63,34.65,68.04,52.29,71.82,0.66,59.85,7,7,1,51.0
Mumbai,2019-08-07,51,28.05,55.08,42.33,58.14,0.54,48.45,7,8,0,53.0
Mumbai,2019-09-07,53,29.15,57.24,43.99,60.42,0.56,50.35,7,9,1,42.0
Mumbai,2019-10-07,42,23.1,45.36,34.86,47.88,0.44,39.9,7,10,0,52.0
Mumbai,2019-11-07,52,28.6,56.16,43.16,59.28,0.55,49.4,7,11,0,53.0
Mumbai,2019-12-07,53,29.15,57.24,43.99,60.42,0.56,50.35,7,12,1,46.0
Mumbai,2019-01-08,46,25.3,49.68,38.18,52.44,0.48,43.7,8,1,0,44.0
Mumbai,2019-02-08,44,24.2,47.52,36.52,50.16,0.46,41.8,8,2,0,37.0
Mumbai,2019-03-08,37,20.35,39.96,30.71,42.18,0.39,35.15,8,3,0,41.0
Mumbai,2019-04-08,41,22.55,44.28,34.03,46.74,0.43,38.95,8,4,0,44.0
Mumbai,2019-05-08,44,24.2,47.52,36.52,50.16,0.46,41.8,8,5,0,51.0
Mumbai,2019-06-08,51,28.05,55.08,42.33,58.14,0.54,48.45,8,6,1,54.0
Mumbai,2019-07-08,54,29.7,58.32,44.82,61.56,0.57,51.3,8,7,0,69.0
Mumbai,2019-08-08,69,37.95,74.52,57.27,78.66,0.72,65.55,8,8,0,72.0
Mumbai,2019-09-08,72,39.6,77.76,59.76,82.08,0.76,68.4,8,9,1,68.0
Mumbai,2019-10-08,68,37.4,73.44,56.44,77.52,0.71,64.6,8,10,0,70.0
Mumbai,2019-11-08,70,38.5,75.6,58.1,79.8,0.74,66.5,8,11,0,65.0
Mumbai,2019-12-08,65,35.75,70.2,53.95,74.1,0.68,61.75,8,12,1,43.0
Mumbai,2019-01-09,43,23.65,46.44,35.69,49.02,0.45,40.85,9,1,0,54.0
Mumbai,2019-02-09,54,29.7,58.32,44.82,61.56,0.57,51.3,9,2,1,39.0
Mumbai,2019-03-09,39,21.45,42.12,32.37,44.46,0.41,37.05,9,3,1,36.0
Mumbai,2019-04-09,36,19.8,38.88,29.88,41.04,0.38,34.2,9,4,0,36.0
Mumbai,2019-05-09,36,19.8,38.88,29.88,41.04,0.38,34.2,9,5,0,37.0
Mumbai,2019-06-09,37,20.35,39.96,30.71,42.18,0.39,35.15,9,6,1,41.0
Mumbai,2019-07-09,41,22.55,44.28,34.03,46.74,0.43,38.95,9,7,0,39.0
Mumbai,2019-08-09,39,21.45,42.12,32.37,44.46,0.41,37.05,9,8,0,45.0
Mumbai,2019-09-09,45,24.75,48.6,37.35,51.3,0.47,42.75,9,9,0,46.0
Mumbai,2019-10-09,46,25.3,49.68,38.18,52.44,0.48,43.7,9,10,0,50.0
Mumbai,2019-11-09,50,27.5,54.0,41.5,57.0,0.53,47.5,9,11,1,47.0
Mumbai,2019-12-09,47,25.85,50.76,39.01,53.58,0.49,44.65,9,12,0,37.0
Mumbai,2019-01-10,37,20.35,39.96,30.71,42.18,0.39,35.15,10,1,0,60.0
Mumbai,2019-02-10,60,33.0,64.8,49.8,68.4,0.63,57.0,10,2,1,55.0
Mumbai,2019-03-10,55,30.25,59.4,45.65,62.7,0.58,52.25,10,3,1,62.0
Mumbai,2019-04-10,62,34.1,66.96,51.46,70.68,0.65,58.9,10,4,0,82.0
Mumbai,2019-05-10,82,45.1,88.56,68.06,93.48,0.86,77.9,10,5,0,102.0
Mumbai,2019-06-10,102,56.1,110.16,84.66,116.28,1.07,96.9,10,6,0,91.0
Mumbai,2019-07-10,91,50.05,98.28,75.53,103.74,0.96,86.45,10,7,0,124.0
Mumbai,2019-08-10,124,68.2,133.92,102.92,141.36,1.3,117.8,10,8,1,64.0
Mumbai,2019-09-10,64,35.2,69.12,53.12,72.96,0.67,60.8,10,9,0,88.0
Mumbai,2019-10-10,88,48.4,95.04,73.04,100.32,0.92,83.6,10,10,0,106.0
Mumbai,2019-11-10,106,58.3,114.48,87.98,120.84,1.11,100.7,10,11,1,116.0
Mumbai,2019-12-10,116,63.8,125.28,96.28,132.24,1.22,110.2,10,12,0,65.0
Mumbai,2019-01-11,65,35.75,70.2,53.95,74.1,0.68,61.75,11,1,0,43.0
Mumbai,2019-02-11,43,23.65,46.44,35.69,49.02,0.45,40.85,11,2,0,69.0
Mumbai,2019-03-11,69,37.95,74.52,57.27,78.66,0.72,65.55,11,3,0,71.0
Mumbai,2019-04-11,71,39.05,76.68,58.93,80.94,0.75,67.45,11,4,0,71.0
Mumbai,2019-05-11,71,39.05,76.68,58.93,80.94,0.75,67.45,11,5,1,109.0
Mumbai,2019-06-11,109,59.95,117.72,90.47,124.26,1.14,103.55,11,6,0,71.0
Mumbai,2019-07-11,71,39.05,76.68,58.93,80.94,0.75,67.45,11,7,0,46.0
Mumbai,2019-08-11,46,25.3,49.68,38.18,52.44,0.48,43.7,11,8,1,75.0
Mumbai,2019-09-11,75,41.25,81.0,62.25,85.5,0.79,71.25,11,9,0,92.0
Mumbai,2019-10-11,92,50.6,99.36,76.36,104.88,0.97,87.4,11,10,0,109.0
Mumbai,2019-11-11,109,59.95,117.72,90.47,124.26,1.14,103.55,11,11,0,138.0
Mumbai,2019-12-11,138,75.9,149.04,114.54,157.32,1.45,131.1,11,12,0,211.0
Mumbai,2019-01-12,211,116.05,227.88,175.13,240.54,2.22,200.45,12,1,1,151.0
Mumbai,2019-02-12,151,83.05,163.08,125.33,172.14,1.59,143.45,12,2,0,104.0
Mumbai,2019-03-12,104,57.2,112.32,86.32,118.56,1.09,98.8,12,3,0,92.0
Mumbai,2019-04-12,92,50.6,99.36,76.36,104.88,0.97,87.4,12,4,0,112.0
Mumbai,2019-05-12,112,61.6,120.96,92.96,127.68,1.18,106.4,12,5,1,199.0
Mumbai,2019-06-12,199,109.45,214.92,165.17,226.86,2.09,189.05,12,6,0,145.0
Mumbai,2019-07-12,145,79.75,156.6,120.35,165.3,1.52,137.75,12,7,0,174.0
Mumbai,2019-08-12,174,95.7,187.92,144.42,198.36,1.83,165.3,12,8,0,206.0
Mumbai,2019-09-12,206,113.3,222.48,170.98,234.84,2.16,195.7,12,9,0,174.0
Mumbai,2019-10-12,174,95.7,187.92,144.42,198.36,1.83,165.3,12,10,1,206.0
Mumbai,2019-11-12,206,113.3,222.48,170.98,234.84,2.16,195.7,12,11,0,215.0
Mumbai,2019-12-12,215,118.25,232.2,178.45,245.1,2.26,204.25,12,12,0,198.0
Mumbai,2020-01-01,198,108.9,213.84,164.34,225.72,2.08,188.1,1,1,0,243.0
Mumbai,2020-02-01,243,133.65,262.44,201.69,277.02,2.55,230.85,1,2,1,201.0
Mumbai,2020-03-01,201,110.55,217.08,166.83,229.14,2.11,190.95,1,3,1,221.0
Mumbai,2020-04-01,221,121.55,238.68,183.43,251.94,2.32,209.95,1,4,0,211.0
Mumbai,2020-05-01,211,116.05,227.88,175.13,240.54,2.22,200.45,1,5,0,137.0
Mumbai,2020-06-01,137,75.35,147.96,113.71,156.18,1.44,130.15,1,6,0,189.0
Mumbai,2020-07-01,189,103.95,204.12,156.87,215.46,1.98,179.55,1,7,0,152.0
Mumbai,2020-08-01,152,83.6,164.16,126.16,173.28,1.6,144.4,1,8,1,124.0
Mumbai,2020-09-01,124,68.2,133.92,102.92,141.36,1.3,117.8,1,9,0,125.0
Mumbai,2020-10-01,125,68.75,135.0,103.75,142.5,1.31,118.75,1,10,0,155.0
Mumbai,2020-11-01,155,85.25,167.4,128.65,176.7,1.63,147.25,1,11,1,217.0
Mumbai,2020-12-01,217,119.35,234.36,180.11,247.38,2.28,206.15,1,12,0,164.0
Mumbai,2020-01-02,164,90.2,177.12,136.12,186.96,1.72,155.8,2,1,0,179.0
Mumbai,2020-02-02,179,98.45,193.32,148.57,204.06,1.88,170.05,2,2,1,188.0
Mumbai,2020-03-02,188,103.4,203.04,156.04,214.32,1.97,178.6,2,3,0,176.0
Mumbai,2020-04-02,176,96.8,190.08,146.08,200.64,1.85,167.2,2,4,0,137.0
Mumbai,2020-05-02,137,75.35,147.96,113.71,156.18,1.44,130.15,2,5,1,123.0
Mumbai,2020-06-02,123,67.65,132.84,102.09,140.22,1.29,116.85,2,6,0,126.0
Mumbai,2020-07-02,126,69.3,136.08,104.58,143.64,1.32,119.7,2,7,0,135.0
Mumbai,2020-08-02,135,74.25,145.8,112.05,153.9,1.42,128.25,2,8,1,138.0
Mumbai,2020-09-02,138,75.9,149.04,114.54,157.32,1.45,131.1,2,9,0,134.0
Mumbai,2020-10-02,134,73.7,144.72,111.22,152.76,1.41,127.3,2,10,0,139.0
Mumbai,2020-11-02,139,76.45,150.12,115.37,158.46,1.46,132.05,2,11,0,133.0
Mumbai,2020-12-02,133,73.15,143.64,110.39,151.62,1.4,126.35,2,12,0,107.0
Mumbai,2020-01-03,107,58.85,115.56,88.81,121.98,1.12,101.65,3,1,0,122.0
Mumbai,2020-02-03,122,67.1,131.76,101.26,139.08,1.28,115.9,3,2,0,125.0
Mumbai,2020-03-03,125,68.75,135.0,103.75,142.5,1.31,118.75,3,3,0,117.0
Mumbai,2020-04-03,117,64.35,126.36,97.11,133.38,1.23,111.15,3,4,0,104.0
Mumbai,2020-05-03,104,57.2,112.32,86.32,118.56,1.09,98.8,3,5,1,101.0
Mumbai,2020-06-03,101,55.55,109.08,83.83,115.14,1.06,95.95,3,6,0,108.0
Mumbai,2020-07-03,108,59.4,116.64,89.64,123.12,1.13,102.6,3,7,0,119.0
Mumbai,2020-08-03,119,65.45,128.52,98.77,135.66,1.25,113.05,3,8,0,123.0
Mumbai,2020-09-03,123,67.65,132.84,102.09,140.22,1.29,116.85,3,9,0,130.0
Mumbai,2020-10-03,130,71.5,140.4,107.9,148.2,1.37,123.5,3,10,1,73.0
Mumbai,2020-11-03,73,40.15,78.84,60.59,83.22,0.77,69.35,3,11,0,79.0
Mumbai,2020-12-03,79,43.45,85.32,65.57,90.06,0.83,75.05,3,12,0,57.0
Mumbai,2020-01-04,57,31.35,61.56,47.31,64.98,0.6,54.15,4,1,1,72.0
Mumbai,2020-02-04,72,39.6,77.76,59.76,82.08,0.76,68.4,4,2,0,85.0
Mumbai,2020-03-04,85,46.75,91.8,70.55,96.9,0.89,80.75,4,3,0,81.0
Mumbai,2020-04-04,81,44.55,87.48,67.23,92.34,0.85,76.95,4,4,1,77.0
Mumbai,2020-05-04,77,42.35,83.16,63.91,87.78,0.81,73.15,4,5,0,58.0
Mumbai,2020-06-04,58,31.9,62.64,48.14,66.12,0.61,55.1,4,6,0,64.0
Mumbai,2020-07-04,64,35.2,69.12,53.12,72.96,0.67,60.8,4,7,1,97.0
Mumbai,2020-08-04,97,53.35,104.76,80.51,110.58,1.02,92.15,4,8,0,94.0
Mumbai,2020-09-04,94,51.7,101.52,78.02,107.16,0.99,89.3,4,9,0,83.0
Mumbai,2020-10-04,83,45.65,89.64,68.89,94.62,0.87,78.85,4,10,1,77.0
Mumbai,2020-11-04,77,42.35,83.16,63.91,87.78,0.81,73.15,4,11,0,87.0
Mumbai,2020-12-04,87,47.85,93.96,72.21,99.18,0.91,82.65,4,12,0,51.0
Mumbai,2020-01-05,51,28.05,55.08,42.33,58.14,0.54,48.45,5,1,1,43.0
Mumbai,2020-02-05,43,23.65,46.44,35.69,49.02,0.45,40.85,5,2,0,40.0
Mumbai,2020-03-05,40,22.0,43.2,33.2,45.6,0.42,38.0,5,3,0,37.0
Mumbai,2020-04-05,37,20.35,39.96,30.71,42.18,0.39,35.15,5,4,1,38.0
Mumbai,2020-05-05,38,20.9,41.04,31.54,43.32,0.4,36.1,5,5,0,50.0
Mumbai,2020-06-05,50,27.5,54.0,41.5,57.0,0.53,47.5,5,6,0,55.0
Mumbai,2020-07-05,55,30.25,59.4,45.65,62.7,0.58,52.25,5,7,1,67.0
Mumbai,2020-08-05,67,36.85,72.36,55.61,76.38,0.7,63.65,5,8,0,65.0
Mumbai,2020-09-05,65,35.75,70.2,53.95,74.1,0.68,61.75,5,9,1,64.0
Mumbai,2020-10-05,64,35.2,69.12,53.12,72.96,0.67,60.8,5,10,0,61.0
Mumbai,2020-11-05,61,33.55,65.88,50.63,69.54,0.64,57.95,5,11,0,67.0
Mumbai,2020-12-05,67,36.85,72.36,55.61,76.38,0.7,63.65,5,12,1,34.0
Mumbai,2020-01-06,34,18.7,36.72,28.22,38.76,0.36,32.3,6,1,0,46.0
Mumbai,2020-02-06,46,25.3,49.68,38.18,52.44,0.48,43.7,6,2,0,32.0
Mumbai,2020-03-06,32,17.6,34.56,26.56,36.48,0.34,30.4,6,3,0,36.0
Mumbai,2020-04-06,36,19.8,38.88,29.88,41.04,0.38,34.2,6,4,0,41.0
Mumbai,2020-05-06,41,22.55,44.28,34.03,46.74,0.43,38.95,6,5,0,30.0
Mumbai,2020-06-06,30,16.5,32.4,24.9,34.2,0.32,28.5,6,6,1,41.0
Mumbai,2020-07-06,41,22.55,44.28,34.03,46.74,0.43,38.95,6,7,0,36.0
Mumbai,2020-08-06,36,19.8,38.88,29.88,41.04,0.38,34.2,6,8,0,34.0
Mumbai,2020-09-06,34,18.7,36.72,28.22,38.76,0.36,32.3,6,9,1,40.0
Mumbai,2020-10-06,40,22.0,43.2,33.2,45.6,0.42,38.0,6,10,0,35.0
Mumbai,2020-11-06,35,19.25,37.8,29.05,39.9,0.37,33.25,6,11,0,38.0
Mumbai,2020-12-06,38,20.9,41.04,31.54,43.32,0.4,36.1,6,12,1,31.0
Mumbai,2020-01-07,31,17.05,33.48,25.73,35.34,0.33,29.45,7,1,0,29.0
Mumbai,2020-02-07,29,15.95,31.32,24.07,33.06,0.3,27.55,7,2,0,34.0
Mumbai,2020-03-07,34,18.7,36.72,28.22,38.76,0.36,32.3,7,3,1,28.0
Mumbai,2020-04-07,28,15.4,30.24,23.24,31.92,0.29,26.6,7,4,0,33.0
Mumbai,2020-05-07,33,18.15,35.64,27.39,37.62,0.35,31.35,7,5,0,56.0
Mumbai,2020-06-07,56,30.8,60.48,46.48,63.84,0.59,53.2,7,6,1,38.0
Mumbai,2020-07-07,38,20.9,41.04,31.54,43.32,0.4,36.1,7,7,0,38.0
Mumbai,2020-08-07,38,20.9,41.04,31.54,43.32,0.4,36.1,7,8,0,45.0
Mumbai,2020-09-07,45,24.75,48.6,37.35,51.3,0.47,42.75,7,9,0,48.0
Mumbai,2020-10-07,48,26.4,51.84,39.84,54.72,0.5,45.6,7,10,0,45.0
Mumbai,2020-11-07,45,24.75,48.6,37.35,51.3,0.47,42.75,7,11,1,36.0
Mumbai,2020-12-07,36,19.8,38.88,29.88,41.04,0.38,34.2,7,12,0,34.0
Mumbai,2020-01-08,34,18.7,36.72,28.22,38.76,0.36,32.3,8,1,0,27.0
Mumbai,2020-02-08,27,14.85,29.16,22.41,30.78,0.28,25.65,8,2,1,26.0
Mumbai,2020-03-08,26,14.3,28.08,21.58,29.64,0.27,24.7,8,3,1,25.0
Mumbai,2020-04-08,25,13.75,27.0,20.75,28.5,0.26,23.75,8,4,0,30.0
Mumbai,2020-05-08,30,16.5,32.4,24.9,34.2,0.32,28.5,8,5,0,36.0
Mumbai,2020-06-08,36,19.8,38.88,29.88,41.04,0.38,34.2,8,6,0,36.0
Mumbai,2020-07-08,36,19.8,38.88,29.88,41.04,0.38,34.2,8,7,0,49.0
Mumbai,2020-08-08,49,26.95,52.92,40.67,55.86,0.51,46.55,8,8,1,44.0
Mumbai,2020-09-08,44,24.2,47.52,36.52,50.16,0.46,41.8,8,9,0,42.0
Mumbai,2020-10-08,42,23.1,45.36,34.86,47.88,0.44,39.9,8,10,0,41.0
Mumbai,2020-11-08,41,22.55,44.28,34.03,46.74,0.43,38.95,8,11,1,38.0
Mumbai,2020-12-08,38,20.9,41.04,31.54,43.32,0.4,36.1,8,12,0,36.0
Mumbai,2020-01-09,36,19.8,38.88,29.88,41.04,0.38,34.2,9,1,0,47.0
Mumbai,2020-02-09,47,25.85,50.76,39.01,53.58,0.49,44.65,9,2,1,57.0
Mumbai,2020-03-09,57,31.35,61.56,47.31,64.98,0.6,54.15,9,3,0,69.0
Mumbai,2020-04-09,69,37.95,74.52,57.27,78.66,0.72,65.55,9,4,0,84.0
Mumbai,2020-05-09,84,46.2,90.72,69.72,95.76,0.88,79.8,9,5,1,128.0
Mumbai,2020-06-09,128,70.4,138.24,106.24,145.92,1.34,121.6,9,6,0,55.0
Mumbai,2020-07-09,55,30.25,59.4,45.65,62.7,0.58,52.25,9,7,0,49.0
Mumbai,2020-08-09,49,26.95,52.92,40.67,55.86,0.51,46.55,9,8,1,55.0
Mumbai,2020-09-09,55,30.25,59.4,45.65,62.7,0.58,52.25,9,9,0,68.0
Mumbai,2020-10-09,68,37.4,73.44,56.44,77.52,0.71,64.6,9,10,0,68.0
Mumbai,2020-11-09,68,37.4,73.44,56.44,77.52,0.71,64.6,9,11,0,48.0
Mumbai,2020-12-09,48,26.4,51.84,39.84,54.72,0.5,45.6,9,12,0,75.0
Mumbai,2020-01-10,75,41.25,81.0,62.25,85.5,0.79,71.25,10,1,0,77.0
Mumbai,2020-02-10,77,42.35,83.16,63.91,87.78,0.81,73.15,10,2,0,100.0
Mumbai,2020-03-10,100,55.0,108.0,83.0,114.0,1.05,95.0,10,3,0,70.0
Mumbai,2020-04-10,70,38.5,75.6,58.1,79.8,0.74,66.5,10,4,0,55.0
Mumbai,2020-05-10,55,30.25,59.4,45.65,62.7,0.58,52.25,10,5,1,76.0
Mumbai,2020-06-10,76,41.8,82.08,63.08,86.64,0.8,72.2,10,6,0,93.0
Mumbai,2020-07-10,93,51.15,100.44,77.19,106.02,0.98,88.35,10,7,0,106.0
Mumbai,2020-08-10,106,58.3,114.48,87.98,120.84,1.11,100.7,10,8,0,124.0
Mumbai,2020-09-10,124,68.2,133.92,102.92,141.36,1.3,117.8,10,9,0,145.0
Mumbai,2020-10-10,145,79.75,156.6,120.35,165.3,1.52,137.75,10,10,1,110.0
Mumbai,2020-11-10,110,60.5,118.8,91.3,125.4,1.16,104.5,10,11,0,99.0
Mumbai,2020-12-10,99,54.45,106.92,82.17,112.86,1.04,94.05,10,12,0,111.0
Mumbai,2020-01-11,111,61.05,119.88,92.13,126.54,1.17,105.45,11,1,1,125.0
Mumbai,2020-02-11,125,68.75,135.0,103.75,142.5,1.31,118.75,11,2,0,194.0
Mumbai,2020-03-11,194,106.7,209.52,161.02,221.16,2.04,184.3,11,3,0,160.0
Mumbai,2020-04-11,160,88.0,172.8,132.8,182.4,1.68,152.0,11,4,1,163.0
Mumbai,2020-05-11,163,89.65,176.04,135.29,185.82,1.71,154.85,11,5,0,128.0
Mumbai,2020-06-11,128,70.4,138.24,106.24,145.92,1.34,121.6,11,6,0,130.0
Mumbai,2020-07-11,130,71.5,140.4,107.9,148.2,1.37,123.5,11,7,1,142.0
Mumbai,2020-08-11,142,78.1,153.36,117.86,161.88,1.49,134.9,11,8,0,148.0
Mumbai,2020-09-11,148,81.4,159.84,122.84,168.72,1.55,140.6,11,9,0,146.0
Mumbai,2020-10-11,146,80.3,157.68,121.18,166.44,1.53,138.7,11,10,1,182.0
Mumbai,2020-11-11,182,100.1,196.56,151.06,207.48,1.91,172.9,11,11,0,170.0
Mumbai,2020-12-11,170,93.5,183.6,141.1,193.8,1.79,161.5,11,12,0,152.0
Mumbai,2020-01-12,152,83.6,164.16,126.16,173.28,1.6,144.4,12,1,1,163.0
Mumbai,2020-02-12,163,89.65,176.04,135.29,185.82,1.71,154.85,12,2,0,170.0
Mumbai,2020-03-12,170,93.5,183.6,141.1,193.8,1.79,161.5,12,3,0,167.0
Mumbai,2020-04-12,167,91.85,180.36,138.61,190.38,1.75,158.65,12,4,1,185.0
Mumbai,2020-05-12,185,101.75,199.8,153.55,210.9,1.94,175.75,12,5,0,149.0
Mumbai,2020-06-12,149,81.95,160.92,123.67,169.86,1.56,141.55,12,6,0,144.0
Mumbai,2020-07-12,144,79.2,155.52,119.52,164.16,1.51,136.8,12,7,1,157.0
Mumbai,2020-08-12,157,86.35,169.56,130.31,178.98,1.65,149.15,12,8,0,136.0
Mumbai,2020-09-12,136,74.8,146.88,112.88,155.04,1.43,129.2,12,9,1,143.0
Mumbai,2020-10-12,143,78.65,154.44,118.69,163.02,1.5,135.85,12,10,0,151.0
Mumbai,2020-11-12,151,83.05,163.08,125.33,172.14,1.59,143.45,12,11,0,139.0
Mumbai,2020-12-12,139,76.45,150.12,115.37,158.46,1.46,132.05,12,12,1,244.0
Mumbai,2021-01-01,244,134.2,263.52,202.52,278.16,2.56,231.8,1,1,0,255.0
Mumbai,2021-02-01,255,140.25,275.4,211.65,290.7,2.68,242.25,1,2,0,251.0
Mumbai,2021-03-01,251,138.05,271.08,208.33,286.14,2.64,238.45,1,3,0,226.0
Mumbai,2021-04-01,226,124.3,244.08,187.58,257.64,2.37,214.7,1,4,0,234.0
Mumbai,2021-05-01,234,128.7,252.72,194.22,266.76,2.46,222.3,1,5,1,274.0
Mumbai,2021-06-01,274,150.7,295.92,227.42,312.36,2.88,260.3,1,6,0,285.0
Mumbai,2021-07-01,285,156.75,307.8,236.55,324.9,2.99,270.75,1,7,0,272.0
Mumbai,2021-08-01,272,149.6,293.76,225.76,310.08,2.86,258.4,1,8,1,234.0
Mumbai,2021-09-01,234,128.7,252.72,194.22,266.76,2.46,222.3,1,9,0,244.0
Mumbai,2021-10-01,244,134.2,263.52,202.52,278.16,2.56,231.8,1,10,0,214.0
Mumbai,2021-11-01,214,117.7,231.12,177.62,243.96,2.25,203.3,1,11,0,194.0
Mumbai,2021-12-01,194,106.7,209.52,161.02,221.16,2.04,184.3,1,12,0,184.0
Mumbai,2021-01-02,184,101.2,198.72,152.72,209.76,1.93,174.8,2,1,1,180.0
Mumbai,2021-02-02,180,99.0,194.4,149.4,205.2,1.89,171.0,2,2,0,188.0
Mumbai,2021-03-02,188,103.4,203.04,156.04,214.32,1.97,178.6,2,3,0,182.0
Mumbai,2021-04-02,182,100.1,196.56,151.06,207.48,1.91,172.9,2,4,0,182.0
Mumbai,2021-05-02,182,100.1,196.56,151.06,207.48,1.91,172.9,2,5,1,149.0
Mumbai,2021-06-02,149,81.95,160.92,123.67,169.86,1.56,141.55,2,6,0,151.0
Mumbai,2021-07-02,151,83.05,163.08,125.33,172.14,1.59,143.45,2,7,0,150.0
Mumbai,2021-08-02,150,82.5,162.0,124.5,171.0,1.58,142.5,2,8,0,165.0
Mumbai,2021-09-02,165,90.75,178.2,136.95,188.1,1.73,156.75,2,9,0,196.0
Mumbai,2021-10-02,196,107.8,211.68,162.68,223.44,2.06,186.2,2,10,1,245.0
Mumbai,2021-11-02,245,134.75,264.6,203.35,279.3,2.57,232.75,2,11,0,249.0
Mumbai,2021-12-02,249,136.95,268.92,206.67,283.86,2.61,236.55,2,12,0,161.0
Mumbai,2021-01-03,161,88.55,173.88,133.63,183.54,1.69,152.95,3,1,1,175.0
Mumbai,2021-02-03,175,96.25,189.0,145.25,199.5,1.84,166.25,3,2,0,142.0
Mumbai,2021-03-03,142,78.1,153.36,117.86,161.88,1.49,134.9,3,3,0,185.0
Mumbai,2021-04-03,185,101.75,199.8,153.55,210.9,1.94,175.75,3,4,1,211.0
Mumbai,2021-05-03,211,116.05,227.88,175.13,240.54,2.22,200.45,3,5,0,147.0
Mumbai,2021-06-03,147,80.85,158.76,122.01,167.58,1.54,139.65,3,6,0,128.0
Mumbai,2021-07-03,128,70.4,138.24,106.24,145.92,1.34,121.6,3,7,1,110.0
Mumbai,2021-08-03,110,60.5,118.8,91.3,125.4,1.16,104.5,3,8,0,137.0
Mumbai,2021-09-03,137,75.35,147.96,113.71,156.18,1.44,130.15,3,9,0,151.0
Mumbai,2021-10-03,151,83.05,163.08,125.33,172.14,1.59,143.45,3,10,1,120.0
Mumbai,2021-11-03,120,66.0,129.6,99.6,136.8,1.26,114.0,3,11,0,98.0
Mumbai,2021-12-03,98,53.9,105.84,81.34,111.72,1.03,93.1,3,12,0,113.0
Mumbai,2021-01-04,113,62.15,122.04,93.79,128.82,1.19,107.35,4,1,0,162.0
Mumbai,2021-02-04,162,89.1,174.96,134.46,184.68,1.7,153.9,4,2,0,139.0
Mumbai,2021-03-04,139,76.45,150.12,115.37,158.46,1.46,132.05,4,3,0,102.0
Mumbai,2021-04-04,102,56.1,110.16,84.66,116.28,1.07,96.9,4,4,1,90.0
Mumbai,2021-05-04,90,49.5,97.2,74.7,102.6,0.95,85.5,4,5,0,115.0
Mumbai,2021-06-04,115,63.25,124.2,95.45,131.1,1.21,109.25,4,6,0,101.0
Mumbai,2021-07-04,101,55.55,109.08,83.83,115.14,1.06,95.95,4,7,1,99.0
Mumbai,2021-08-04,99,54.45,106.92,82.17,112.86,1.04,94.05,4,8,0,99.0
Mumbai,2021-09-04,99,54.45,106.92,82.17,112.86,1.04,94.05,4,9,1,137.0
Mumbai,2021-10-04,137,75.35,147.96,113.71,156.18,1.44,130.15,4,10,0,106.0
Mumbai,2021-11-04,106,58.3,114.48,87.98,120.84,1.11,100.7,4,11,0,92.0
Mumbai,2021-12-04,92,50.6,99.36,76.36,104.88,0.97,87.4,4,12,1,68.0
Mumbai,2021-01-05,68,37.4,73.44,56.44,77.52,0.71,64.6,5,1,0,71.0
Mumbai,2021-02-05,71,39.05,76.68,58.93,80.94,0.75,67.45,5,2,0,105.0
Mumbai,2021-03-05,105,57.75,113.4,87.15,119.7,1.1,99.75,5,3,0,80.0
Mumbai,2021-04-05,80,44.0,86.4,66.4,91.2,0.84,76.0,5,4,0,76.0
Mumbai,2021-05-05,76,41.8,82.08,63.08,86.64,0.8,72.2,5,5,0,72.0
Mumbai,2021-06-05,72,39.6,77.76,59.76,82.08,0.76,68.4,5,6,1,72.0
Mumbai,2021-07-05,72,39.6,77.76,59.76,82.08,0.76,68.4,5,7,0,69.0
Mumbai,2021-08-05,69,37.95,74.52,57.27,78.66,0.72,65.55,5,8,0,78.0
Mumbai,2021-09-05,78,42.9,84.24,64.74,88.92,0.82,74.1,5,9,1,68.0
Mumbai,2021-10-05,68,37.4,73.44,56.44,77.52,0.71,64.6,5,10,0,67.0
Mumbai,2021-11-05,67,36.85,72.36,55.61,76.38,0.7,63.65,5,11,0,59.0
Mumbai,2021-12-05,59,32.45,63.72,48.97,67.26,0.62,56.05,5,12,1,61.0
Mumbai,2021-01-06,61,33.55,65.88,50.63,69.54,0.64,57.95,6,1,0,50.0
Mumbai,2021-02-06,50,27.5,54.0,41.5,57.0,0.53,47.5,6,2,1,53.0
Mumbai,2021-03-06,53,29.15,57.24,43.99,60.42,0.56,50.35,6,3,1,46.0
Mumbai,2021-04-06,46,25.3,49.68,38.18,52.44,0.48,43.7,6,4,0,51.0
Mumbai,2021-05-06,51,28.05,55.08,42.33,58.14,0.54,48.45,6,5,0,49.0
Mumbai,2021-06-06,49,26.95,52.92,40.67,55.86,0.51,46.55,6,6,1,42.0
Mumbai,2021-07-06,42,23.1,45.36,34.86,47.88,0.44,39.9,6,7,0,49.0
Mumbai,2021-08-06,49,26.95,52.92,40.67,55.86,0.51,46.55,6,8,0,39.0
Mumbai,2021-09-06,39,21.45,42.12,32.37,44.46,0.41,37.05,6,9,0,33.0
Mumbai,2021-10-06,33,18.15,35.64,27.39,37.62,0.35,31.35,6,10,0,45.0
Mumbai,2021-11-06,45,24.75,48.6,37.35,51.3,0.47,42.75,6,11,1,34.0
Mumbai,2021-12-06,34,18.7,36.72,28.22,38.76,0.36,32.3,6,12,0,70.0
Mumbai,2021-01-07,70,38.5,75.6,58.1,79.8,0.74,66.5,7,1,0,62.0
Mumbai,2021-02-07,62,34.1,66.96,51.46,70.68,0.65,58.9,7,2,1,60.0
Mumbai,2021-03-07,60,33.0,64.8,49.8,68.4,0.63,57.0,7,3,1,56.0
Mumbai,2021-04-07,56,30.8,60.48,46.48,63.84,0.59,53.2,7,4,0,64.0
Mumbai,2021-05-07,64,35.2,69.12,53.12,72.96,0.67,60.8,7,5,0,76.0
Mumbai,2021-06-07,76,41.8,82.08,63.08,86.64,0.8,72.2,7,6,0,74.0
Mumbai,2021-07-07,74,40.7,79.92,61.42,84.36,0.78,70.3,7,7,0,66.0
Mumbai,2021-08-07,66,36.3,71.28,54.78,75.24,0.69,62.7,7,8,1,52.0
Mumbai,2021-09-07,52,28.6,56.16,43.16,59.28,0.55,49.4,7,9,0,59.0
Mumbai,2021-10-07,59,32.45,63.72,48.97,67.26,0.62,56.05,7,10,0,50.0
Mumbai,2021-11-07,50,27.5,54.0,41.5,57.0,0.53,47.5,7,11,1,40.0
Mumbai,2021-12-07,40,22.0,43.2,33.2,45.6,0.42,38.0,7,12,0,63.0
Mumbai,2021-01-08,63,34.65,68.04,52.29,71.82,0.66,59.85,8,1,0,58.0
Mumbai,2021-02-08,58,31.9,62.64,48.14,66.12,0.61,55.1,8,2,0,50.0
Mumbai,2021-03-08,50,27.5,54.0,41.5,57.0,0.53,47.5,8,3,0,53.0
Mumbai,2021-04-08,53,29.15,57.24,43.99,60.42,0.56,50.35,8,4,0,55.0
Mumbai,2021-05-08,55,30.25,59.4,45.65,62.7,0.58,52.25,8,5,1,63.0
Mumbai,2021-06-08,63,34.65,68.04,52.29,71.82,0.66,59.85,8,6,0,59.0
Mumbai,2021-07-08,59,32.45,63.72,48.97,67.26,0.62,56.05,8,7,0,71.0
Mumbai,2021-08-08,71,39.05,76.68,58.93,80.94,0.75,67.45,8,8,1,57.0
Mumbai,2021-09-08,57,31.35,61.56,47.31,64.98,0.6,54.15,8,9,0,68.0
Mumbai,2021-10-08,68,37.4,73.44,56.44,77.52,0.71,64.6,8,10,0,54.0
Mumbai,2021-11-08,54,29.7,58.32,44.82,61.56,0.57,51.3,8,11,0,58.0
Mumbai,2021-12-08,58,31.9,62.64,48.14,66.12,0.61,55.1,8,12,0,54.0
Mumbai,2021-01-09,54,29.7,58.32,44.82,61.56,0.57,51.3,9,1,1,52.0
Mumbai,2021-02-09,52,28.6,56.16,43.16,59.28,0.55,49.4,9,2,0,53.0
Mumbai,2021-03-09,53,29.15,57.24,43.99,60.42,0.56,50.35,9,3,0,54.0
Mumbai,2021-04-09,54,29.7,58.32,44.82,61.56,0.57,51.3,9,4,0,53.0
Mumbai,2021-05-09,53,29.15,57.24,43.99,60.42,0.56,50.35,9,5,1,64.0
Mumbai,2021-06-09,64,35.2,69.12,53.12,72.96,0.67,60.8,9,6,0,58.0
Mumbai,2021-07-09,58,31.9,62.64,48.14,66.12,0.61,55.1,9,7,0,47.0
Mumbai,2021-08-09,47,25.85,50.76,39.01,53.58,0.49,44.65,9,8,0,46.0
Mumbai,2021-09-09,46,25.3,49.68,38.18,52.44,0.48,43.7,9,9,0,49.0
Mumbai,2021-10-09,49,26.95,52.92,40.67,55.86,0.51,46.55,9,10,1,48.0
Mumbai,2021-11-09,48,26.4,51.84,39.84,54.72,0.5,45.6,9,11,0,44.0
Mumbai,2021-12-09,44,24.2,47.52,36.52,50.16,0.46,41.8,9,12,0,76.0
Mumbai,2021-01-10,76,41.8,82.08,63.08,86.64,0.8,72.2,10,1,1,77.0
Mumbai,2021-02-10,77,42.35,83.16,63.91,87.78,0.81,73.15,10,2,0,78.0
Mumbai,2021-03-10,78,42.9,84.24,64.74,88.92,0.82,74.1,10,3,0,78.0
Mumbai,2021-04-10,78,42.9,84.24,64.74,88.92,0.82,74.1,10,4,1,71.0
Mumbai,2021-05-10,71,39.05,76.68,58.93,80.94,0.75,67.45,10,5,0,74.0
Mumbai,2021-06-10,74,40.7,79.92,61.42,84.36,0.78,70.3,10,6,0,61.0
Mumbai,2021-07-10,61,33.55,65.88,50.63,69.54,0.64,57.95,10,7,1,64.0
Mumbai,2021-08-10,64,35.2,69.12,53.12,72.96,0.67,60.8,10,8,0,54.0
Mumbai,2021-09-10,54,29.7,58.32,44.82,61.56,0.57,51.3,10,9,0,58.0
Mumbai,2021-10-10,58,31.9,62.64,48.14,66.12,0.61,55.1,10,10,1,63.0
Mumbai,2021-11-10,63,34.65,68.04,52.29,71.82,0.66,59.85,10,11,0,69.0
Mumbai,2021-12-10,69,37.95,74.52,57.27,78.66,0.72,65.55,10,12,0,188.0
Mumbai,2021-01-11,188,103.4,203.04,156.04,214.32,1.97,178.6,11,1,0,211.0
Mumbai,2021-02-11,211,116.05,227.88,175.13,240.54,2.22,200.45,11,2,0,179.0
Mumbai,2021-03-11,179,98.45,193.32,148.57,204.06,1.88,170.05,11,3,0,164.0
Mumbai,2021-04-11,164,90.2,177.12,136.12,186.96,1.72,155.8,11,4,1,199.0
Mumbai,2021-05-11,199,109.45,214.92,165.17,226.86,2.09,189.05,11,5,0,117.0
Mumbai,2021-06-11,117,64.35,126.36,97.11,133.38,1.23,111.15,11,6,0,110.0
Mumbai,2021-07-11,110,60.5,118.8,91.3,125.4,1.16,104.5,11,7,1,176.0
Mumbai,2021-08-11,176,96.8,190.08,146.08,200.64,1.85,167.2,11,8,0,172.0
Mumbai,2021-09-11,172,94.6,185.76,142.76,196.08,1.81,163.4,11,9,1,164.0
Mumbai,2021-10-11,164,90.2,177.12,136.12,186.96,1.72,155.8,11,10,0,174.0
Mumbai,2021-11-11,174,95.7,187.92,144.42,198.36,1.83,165.3,11,11,0,171.0
Mumbai,2021-12-11,171,94.05,184.68,141.93,194.94,1.8,162.45,11,12,1,154.0
Mumbai,2021-01-12,154,84.7,166.32,127.82,175.56,1.62,146.3,12,1,0,78.0
Mumbai,2021-02-12,78,42.9,84.24,64.74,88.92,0.82,74.1,12,2,0,93.0
Mumbai,2021-03-12,93,51.15,100.44,77.19,106.02,0.98,88.35,12,3,0,116.0
Mumbai,2021-04-12,116,63.8,125.28,96.28,132.24,1.22,110.2,12,4,0,109.0
Mumbai,2021-05-12,109,59.95,117.72,90.47,124.26,1.14,103.55,12,5,0,95.0
Mumbai,2021-06-12,95,52.25,102.6,78.85,108.3,1.0,90.25,12,6,1,218.0
Mumbai,2021-07-12,218,119.9,235.44,180.94,248.52,2.29,207.1,12,7,0,216.0
Mumbai,2021-08-12,216,118.8,233.28,179.28,246.24,2.27,205.2,12,8,0,211.0
Mumbai,2021-09-12,211,116.05,227.88,175.13,240.54,2.22,200.45,12,9,1,193.0
Mumbai,2021-10-12,193,106.15,208.44,160.19,220.02,2.03,183.35,12,10,0,173.0
Mumbai,2021-11-12,173,95.15,186.84,143.59,197.22,1.82,164.35,12,11,0,184.0
Mumbai,2021-12-12,184,101.2,198.72,152.72,209.76,1.93,174.8,12,12,1,173.0
Mumbai,2022-01-01,173,95.15,186.84,143.59,197.22,1.82,164.35,1,1,1,150.0
Mumbai,2022-02-01,150,82.5,162.0,124.5,171.0,1.58,142.5,1,2,0,156.0
Mumbai,2022-03-01,156,85.8,168.48,129.48,177.84,1.64,148.2,1,3,0,184.0
Mumbai,2022-04-01,184,101.2,198.72,152.72,209.76,1.93,174.8,1,4,0,219.0
Mumbai,2022-05-01,219,120.45,236.52,181.77,249.66,2.3,208.05,1,5,1,170.0
Mumbai,2022-06-01,170,93.5,183.6,141.1,193.8,1.79,161.5,1,6,0,204.0
Mumbai,2022-07-01,204,112.2,220.32,169.32,232.56,2.14,193.8,1,7,0,134.0
Mumbai,2022-08-01,134,73.7,144.72,111.22,152.76,1.41,127.3,1,8,0,88.0
Mumbai,2022-09-01,88,48.4,95.04,73.04,100.32,0.92,83.6,1,9,0,74.0
Mumbai,2022-10-01,74,40.7,79.92,61.42,84.36,0.78,70.3,1,10,1,137.0
Mumbai,2022-11-01,137,75.35,147.96,113.71,156.18,1.44,130.15,1,11,0,132.0
Mumbai,2022-12-01,132,72.6,142.56,109.56,150.48,1.39,125.4,1,12,0,177.0
Mumbai,2022-01-02,177,97.35,191.16,146.91,201.78,1.86,168.15,2,1,1,179.0
Mumbai,2022-02-02,179,98.45,193.32,148.57,204.06,1.88,170.05,2,2,0,187.0
Mumbai,2022-03-02,187,102.85,201.96,155.21,213.18,1.96,177.65,2,3,0,162.0
Mumbai,2022-04-02,162,89.1,174.96,134.46,184.68,1.7,153.9,2,4,1,276.0
Mumbai,2022-05-02,276,151.8,298.08,229.08,314.64,2.9,262.2,2,5,0,228.0
Mumbai,2022-06-02,228,125.4,246.24,189.24,259.92,2.39,216.6,2,6,0,181.0
Mumbai,2022-07-02,181,99.55,195.48,150.23,206.34,1.9,171.95,2,7,1,116.0
Mumbai,2022-08-02,116,63.8,125.28,96.28,132.24,1.22,110.2,2,8,0,103.0
Mumbai,2022-09-02,103,56.65,111.24,85.49,117.42,1.08,97.85,2,9,0,138.0
Mumbai,2022-10-02,138,75.9,149.04,114.54,157.32,1.45,131.1,2,10,1,159.0
Mumbai,2022-11-02,159,87.45,171.72,131.97,181.26,1.67,151.05,2,11,0,153.0
Mumbai,2022-12-02,153,84.15,165.24,126.99,174.42,1.61,145.35,2,12,0,187.0
Mumbai,2022-01-03,187,102.85,201.96,155.21,213.18,1.96,177.65,3,1,0,216.0
Mumbai,2022-02-03,216,118.8,233.28,179.28,246.24,2.27,205.2,3,2,0,204.0
Mumbai,2022-03-03,204,112.2,220.32,169.32,232.56,2.14,193.8,3,3,0,177.0
Mumbai,2022-04-03,177,97.35,191.16,146.91,201.78,1.86,168.15,3,4,1,167.0
Mumbai,2022-05-03,167,91.85,180.36,138.61,190.38,1.75,158.65,3,5,0,185.0
Mumbai,2022-06-03,185,101.75,199.8,153.55,210.9,1.94,175.75,3,6,0,170.0
Mumbai,2022-07-03,170,93.5,183.6,141.1,193.8,1.79,161.5,3,7,1,204.0
Mumbai,2022-08-03,204,112.2,220.32,169.32,232.56,2.14,193.8,3,8,0,210.0
Mumbai,2022-09-03,210,115.5,226.8,174.3,239.4,2.21,199.5,3,9,1,206.0
Mumbai,2022-10-03,206,113.3,222.48,170.98,234.84,2.16,195.7,3,10,0,195.0
Mumbai,2022-11-03,195,107.25,210.6,161.85,222.3,2.05,185.25,3,11,0,168.0
Mumbai,2022-12-03,168,92.4,181.44,139.44,191.52,1.76,159.6,3,12,1,196.0
Mumbai,2022-01-04,196,107.8,211.68,162.68,223.44,2.06,186.2,4,1,0,214.0
Mumbai,2022-02-04,214,117.7,231.12,177.62,243.96,2.25,203.3,4,2,0,172.0
Mumbai,2022-03-04,172,94.6,185.76,142.76,196.08,1.81,163.4,4,3,0,142.0
Mumbai,2022-04-04,142,78.1,153.36,117.86,161.88,1.49,134.9,4,4,0,108.0
Mumbai,2022-05-04,108,59.4,116.64,89.64,123.12,1.13,102.6,4,5,0,98.0
Mumbai,2022-06-04,98,53.9,105.84,81.34,111.72,1.03,93.1,4,6,1,104.0
Mumbai,2022-07-04,104,57.2,112.32,86.32,118.56,1.09,98.8,4,7,0,106.0
Mumbai,2022-08-04,106,58.3,114.48,87.98,120.84,1.11,100.7,4,8,0,81.0
Mumbai,2022-09-04,81,44.55,87.48,67.23,92.34,0.85,76.95,4,9,1,74.0
Mumbai,2022-10-04,74,40.7,79.92,61.42,84.36,0.78,70.3,4,10,0,71.0
Mumbai,2022-11-04,71,39.05,76.68,58.93,80.94,0.75,67.45,4,11,0,94.0
Mumbai,2022-12-04,94,51.7,101.52,78.02,107.16,0.99,89.3,4,12,1,89.0
Mumbai,2022-01-05,89,48.95,96.12,73.87,101.46,0.93,84.55,5,1,0,103.0
Mumbai,2022-02-05,103,56.65,111.24,85.49,117.42,1.08,97.85,5,2,1,91.0
Mumbai,2022-03-05,91,50.05,98.28,75.53,103.74,0.96,86.45,5,3,1,103.0
Mumbai,2022-04-05,103,56.65,111.24,85.49,117.42,1.08,97.85,5,4,0,118.0
Mumbai,2022-05-05,118,64.9,127.44,97.94,134.52,1.24,112.1,5,5,0,139.0
Mumbai,2022-06-05,139,76.45,150.12,115.37,158.46,1.46,132.05,5,6,1,189.0
Mumbai,2022-07-05,189,103.95,204.12,156.87,215.46,1.98,179.55,5,7,0,169.0
Mumbai,2022-08-05,169,92.95,182.52,140.27,192.66,1.77,160.55,5,8,0,117.0
Mumbai,2022-09-05,117,64.35,126.36,97.11,133.38,1.23,111.15,5,9,0,114.0
Mumbai,2022-10-05,114,62.7,123.12,94.62,129.96,1.2,108.3,5,10,0,118.0
Mumbai,2022-11-05,118,64.9,127.44,97.94,134.52,1.24,112.1,5,11,1,122.0
Mumbai,2022-12-05,122,67.1,131.76,101.26,139.08,1.28,115.9,5,12,0,79.0
Mumbai,2022-01-06,79,43.45,85.32,65.57,90.06,0.83,75.05,6,1,0,99.0
Mumbai,2022-02-06,99,54.45,106.92,82.17,112.86,1.04,94.05,6,2,1,108.0
Mumbai,2022-03-06,108,59.4,116.64,89.64,123.12,1.13,102.6,6,3,1,77.0
Mumbai,2022-04-06,77,42.35,83.16,63.91,87.78,0.81,73.15,6,4,0,69.0
Mumbai,2022-05-06,69,37.95,74.52,57.27,78.66,0.72,65.55,6,5,0,70.0
Mumbai,2022-06-06,70,38.5,75.6,58.1,79.8,0.74,66.5,6,6,0,71.0
Mumbai,2022-07-06,71,39.05,76.68,58.93,80.94,0.75,67.45,6,7,0,70.0
Mumbai,2022-08-06,70,38.5,75.6,58.1,79.8,0.74,66.5,6,8,1,56.0
Mumbai,2022-09-06,56,30.8,60.48,46.48,63.84,0.59,53.2,6,9,0,62.0
Mumbai,2022-10-06,62,34.1,66.96,51.46,70.68,0.65,58.9,6,10,0,59.0
Mumbai,2022-11-06,59,32.45,63.72,48.97,67.26,0.62,56.05,6,11,1,55.0
Mumbai,2022-12-06,55,30.25,59.4,45.65,62.7,0.58,52.25,6,12,0,58.0
Mumbai,2022-01-07,58,31.9,62.64,48.14,66.12,0.61,55.1,7,1,0,67.0
Mumbai,2022-02-07,67,36.85,72.36,55.61,76.38,0.7,63.65,7,2,0,72.0
Mumbai,2022-03-07,72,39.6,77.76,59.76,82.08,0.76,68.4,7,3,0,65.0
Mumbai,2022-04-07,65,35.75,70.2,53.95,74.1,0.68,61.75,7,4,0,60.0
Mumbai,2022-05-07,60,33.0,64.8,49.8,68.4,0.63,57.0,7,5,1,61.0
Mumbai,2022-06-07,61,33.55,65.88,50.63,69.54,0.64,57.95,7,6,0,56.0
Mumbai,2022-07-07,56,30.8,60.48,46.48,63.84,0.59,53.2,7,7,0,68.0
Mumbai,2022-08-07,68,37.4,73.44,56.44,77.52,0.71,64.6,7,8,1,68.0
Mumbai,2022-09-07,68,37.4,73.44,56.44,77.52,0.71,64.6,7,9,0,65.0
Mumbai,2022-10-07,65,35.75,70.2,53.95,74.1,0.68,61.75,7,10,0,68.0
Mumbai,2022-11-07,68,37.4,73.44,56.44,77.52,0.71,64.6,7,11,0,54.0
Mumbai,2022-12-07,54,29.7,58.32,44.82,61.56,0.57,51.3,7,12,0,65.0
Mumbai,2022-01-08,65,35.75,70.2,53.95,74.1,0.68,61.75,8,1,1,63.0
Mumbai,2022-02-08,63,34.65,68.04,52.29,71.82,0.66,59.85,8,2,0,89.0
Mumbai,2022-03-08,89,48.95,96.12,73.87,101.46,0.93,84.55,8,3,0,61.0
Mumbai,2022-04-08,61,33.55,65.88,50.63,69.54,0.64,57.95,8,4,0,71.0
Mumbai,2022-05-08,71,39.05,76.68,58.93,80.94,0.75,67.45,8,5,1,50.0
Mumbai,2022-06-08,50,27.5,54.0,41.5,57.0,0.53,47.5,8,6,0,51.0
Mumbai,2022-07-08,51,28.05,55.08,42.33,58.14,0.54,48.45,8,7,0,48.0
Mumbai,2022-08-08,48,26.4,51.84,39.84,54.72,0.5,45.6,8,8,0,45.0
Mumbai,2022-09-08,45,24.75,48.6,37.35,51.3,0.47,42.75,8,9,0,46.0
Mumbai,2022-10-08,46,25.3,49.68,38.18,52.44,0.48,43.7,8,10,1,43.0
Mumbai,2022-11-08,43,23.65,46.44,35.69,49.02,0.45,40.85,8,11,0,46.0
Mumbai,2022-12-08,46,25.3,49.68,38.18,52.44,0.48,43.7,8,12,0,64.0
Mumbai,2022-01-09,64,35.2,69.12,53.12,72.96,0.67,60.8,9,1,1,74.0
Mumbai,2022-02-09,74,40.7,79.92,61.42,84.36,0.78,70.3,9,2,0,80.0
Mumbai,2022-03-09,80,44.0,86.4,66.4,91.2,0.84,76.0,9,3,0,69.0
Mumbai,2022-04-09,69,37.95,74.52,57.27,78.66,0.72,65.55,9,4,1,60.0
Mumbai,2022-05-09,60,33.0,64.8,49.8,68.4,0.63,57.0,9,5,0,61.0
Mumbai,2022-06-09,61,33.55,65.88,50.63,69.54,0.64,57.95,9,6,0,69.0
Mumbai,2022-07-09,69,37.95,74.52,57.27,78.66,0.72,65.55,9,7,1,62.0
Mumbai,2022-08-09,62,34.1,66.96,51.46,70.68,0.65,58.9,9,8,0,72.0
Mumbai,2022-09-09,72,39.6,77.76,59.76,82.08,0.76,68.4,9,9,0,66.0
Mumbai,2022-10-09,66,36.3,71.28,54.78,75.24,0.69,62.7,9,10,1,71.0
Mumbai,2022-11-09,71,39.05,76.68,58.93,80.94,0.75,67.45,9,11,0,65.0
Mumbai,2022-12-09,65,35.75,70.2,53.95,74.1,0.68,61.75,9,12,0,78.0
Mumbai,2022-01-10,78,42.9,84.24,64.74,88.92,0.82,74.1,10,1,0,58.0
Mumbai,2022-02-10,58,31.9,62.64,48.14,66.12,0.61,55.1,10,2,0,58.0
Mumbai,2022-03-10,58,31.9,62.64,48.14,66.12,0.61,55.1,10,3,0,70.0
Mumbai,2022-04-10,70,38.5,75.6,58.1,79.8,0.74,66.5,10,4,1,75.0
Mumbai,2022-05-10,75,41.25,81.0,62.25,85.5,0.79,71.25,10,5,0,67.0
Mumbai,2022-06-10,67,36.85,72.36,55.61,76.38,0.7,63.65,10,6,0,70.0
Mumbai,2022-07-10,70,38.5,75.6,58.1,79.8,0.74,66.5,10,7,1,67.0
Mumbai,2022-08-10,67,36.85,72.36,55.61,76.38,0.7,63.65,10,8,0,64.0
Mumbai,2022-09-10,64,35.2,69.12,53.12,72.96,0.67,60.8,10,9,1,72.0
Mumbai,2022-10-10,72,39.6,77.76,59.76,82.08,0.76,68.4,10,10,0,67.0
Mumbai,2022-11-10,67,36.85,72.36,55.61,76.38,0.7,63.65,10,11,0,74.0
Mumbai,2022-12-10,74,40.7,79.92,61.42,84.36,0.78,70.3,10,12,1,152.0
Mumbai,2022-01-11,152,83.6,164.16,126.16,173.28,1.6,144.4,11,1,0,169.0
Mumbai,2022-02-11,169,92.95,182.52,140.27,192.66,1.77,160.55,11,2,0,141.0
Mumbai,2022-03-11,141,77.55,152.28,117.03,160.74,1.48,133.95,11,3,0,145.0
Mumbai,2022-04-11,145,79.75,156.6,120.35,165.3,1.52,137.75,11,4,0,159.0
Mumbai,2022-05-11,159,87.45,171.72,131.97,181.26,1.67,151.05,11,5,0,158.0
Mumbai,2022-06-11,158,86.9,170.64,131.14,180.12,1.66,150.1,11,6,1,146.0
Mumbai,2022-07-11,146,80.3,157.68,121.18,166.44,1.53,138.7,11,7,0,168.0
Mumbai,2022-08-11,168,92.4,181.44,139.44,191.52,1.76,159.6,11,8,0,192.0
Mumbai,2022-09-11,192,105.6,207.36,159.36,218.88,2.02,182.4,11,9,1,179.0
Mumbai,2022-10-11,179,98.45,193.32,148.57,204.06,1.88,170.05,11,10,0,158.0
Mumbai,2022-11-11,158,86.9,170.64,131.14,180.12,1.66,150.1,11,11,0,156.0
Mumbai,2022-12-11,156,85.8,168.48,129.48,177.84,1.64,148.2,11,12,1,213.0
Mumbai,2022-01-12,213,117.15,230.04,176.79,242.82,2.24,202.35,12,1,0,216.0
Mumbai,2022-02-12,216,118.8,233.28,179.28,246.24,2.27,205.2,12,2,1,219.0
Mumbai,2022-03-12,219,120.45,236.52,181.77,249.66,2.3,208.05,12,3,1,249.0
Mumbai,2022-04-12,249,136.95,268.92,206.67,283.86,2.61,236.55,12,4,0,272.0
Mumbai,2022-05-12,272,149.6,293.76,225.76,310.08,2.86,258.4,12,5,0,275.0
Mumbai,2022-06-12,275,151.25,297.0,228.25,313.5,2.89,261.25,12,6,1,271.0
Mumbai,2022-07-12,271,149.05,292.68,224.93,308.94,2.85,257.45,12,7,0,255.0
Mumbai,2022-08-12,255,140.25,275.4,211.65,290.7,2.68,242.25,12,8,0,190.0
Mumbai,2022-09-12,190,104.5,205.2,157.7,216.6,2.0,180.5,12,9,0,170.0
Mumbai,2022-10-12,170,93.5,183.6,141.1,193.8,1.79,161.5,12,10,0,198.0
Mumbai,2022-11-12,198,108.9,213.84,164.34,225.72,2.08,188.1,12,11,1,168.0
Mumbai,2022-12-12,168,92.4,181.44,139.44,191.52,1.76,159.6,12,12,0,147.0
Mumbai,2023-01-01,147,80.85,158.76,122.01,167.58,1.54,139.65,1,1,1,188.0
Mumbai,2023-02-01,188,103.4,203.04,156.04,214.32,1.97,178.6,1,2,0,214.0
Mumbai,2023-03-01,214,117.7,231.12,177.62,243.96,2.25,203.3,1,3,0,204.0
Mumbai,2023-04-01,204,112.2,220.32,169.32,232.56,2.14,193.8,1,4,1,223.0
Mumbai,2023-05-01,223,122.65,240.84,185.09,254.22,2.34,211.85,1,5,0,255.0
Mumbai,2023-06-01,255,140.25,275.4,211.65,290.7,2.68,242.25,1,6,0,204.0
Mumbai,2023-07-01,204,112.2,220.32,169.32,232.56,2.14,193.8,1,7,1,198.0
Mumbai,2023-08-01,198,108.9,213.84,164.34,225.72,2.08,188.1,1,8,0,137.0
Mumbai,2023-09-01,137,75.35,147.96,113.71,156.18,1.44,130.15,1,9,0,158.0
Mumbai,2023-10-01,158,86.9,170.64,131.14,180.12,1.66,150.1,1,10,1,213.0
Mumbai,2023-11-01,213,117.15,230.04,176.79,242.82,2.24,202.35,1,11,0,196.0
Mumbai,2023-12-01,196,107.8,211.68,162.68,223.44,2.06,186.2,1,12,0,227.0
Mumbai,2023-01-02,227,124.85,245.16,188.41,258.78,2.38,215.65,2,1,0,180.0
Mumbai,2023-02-02,180,99.0,194.4,149.4,205.2,1.89,171.0,2,2,0,198.0
Mumbai,2023-03-02,198,108.9,213.84,164.34,225.72,2.08,188.1,2,3,0,201.0
Mumbai,2023-04-02,201,110.55,217.08,166.83,229.14,2.11,190.95,2,4,1,226.0
Mumbai,2023-05-02,226,124.3,244.08,187.58,257.64,2.37,214.7,2,5,0,185.0
Mumbai,2023-06-02,185,101.75,199.8,153.55,210.9,1.94,175.75,2,6,0,177.0
Mumbai,2023-07-02,177,97.35,191.16,146.91,201.78,1.86,168.15,2,7,1,233.0
Mumbai,2023-08-02,233,128.15,251.64,193.39,265.62,2.45,221.35,2,8,0,236.0
Mumbai,2023-09-02,236,129.8,254.88,195.88,269.04,2.48,224.2,2,9,1,200.0
Mumbai,2023-10-02,200,110.0,216.0,166.0,228.0,2.1,190.0,2,10,0,172.0
Mumbai,2023-11-02,172,94.6,185.76,142.76,196.08,1.81,163.4,2,11,0,165.0
Mumbai,2023-12-02,165,90.75,178.2,136.95,188.1,1.73,156.75,2,12,1,174.0
Mumbai,2023-01-03,174,95.7,187.92,144.42,198.36,1.83,165.3,3,1,0,205.0
Mumbai,2023-02-03,205,112.75,221.4,170.15,233.7,2.15,194.75,3,2,0,262.0
Mumbai,2023-03-03,262,144.1,282.96,217.46,298.68,2.75,248.9,3,3,0,281.0
Mumbai,2023-04-03,281,154.55,303.48,233.23,320.34,2.95,266.95,3,4,0,260.0
Mumbai,2023-05-03,260,143.0,280.8,215.8,296.4,2.73,247.0,3,5,0,246.0
Mumbai,2023-06-03,246,135.3,265.68,204.18,280.44,2.58,233.7,3,6,1,139.0
Mumbai,2023-07-03,139,76.45,150.12,115.37,158.46,1.46,132.05,3,7,0,136.0
Mumbai,2023-08-03,136,74.8,146.88,112.88,155.04,1.43,129.2,3,8,0,156.0
Mumbai,2023-09-03,156,85.8,168.48,129.48,177.84,1.64,148.2,3,9,1,145.0
Mumbai,2023-10-03,145,79.75,156.6,120.35,165.3,1.52,137.75,3,10,0,163.0
Mumbai,2023-11-03,163,89.65,176.04,135.29,185.82,1.71,154.85,3,11,0,186.0
Mumbai,2023-12-03,186,102.3,200.88,154.38,212.04,1.95,176.7,3,12,1,108.0
Mumbai,2023-01-04,108,59.4,116.64,89.64,123.12,1.13,102.6,4,1,0,93.0
Mumbai,2023-02-04,93,51.15,100.44,77.19,106.02,0.98,88.35,4,2,1,86.0
Mumbai,2023-03-04,86,47.3,92.88,71.38,98.04,0.9,81.7,4,3,1,86.0
Mumbai,2023-04-04,86,47.3,92.88,71.38,98.04,0.9,81.7,4,4,0,87.0
Mumbai,2023-05-04,87,47.85,93.96,72.21,99.18,0.91,82.65,4,5,0,99.0
Mumbai,2023-06-04,99,54.45,106.92,82.17,112.86,1.04,94.05,4,6,1,149.0
Mumbai,2023-07-04,149,81.95,160.92,123.67,169.86,1.56,141.55,4,7,0,182.0
Mumbai,2023-08-04,182,100.1,196.56,151.06,207.48,1.91,172.9,4,8,0,156.0
Mumbai,2023-09-04,156,85.8,168.48,129.48,177.84,1.64,148.2,4,9,0,132.0
Mumbai,2023-10-04,132,72.6,142.56,109.56,150.48,1.39,125.4,4,10,0,112.0
Mumbai,2023-11-04,112,61.6,120.96,92.96,127.68,1.18,106.4,4,11,1,134.0
Mumbai,2023-12-04,134,73.7,144.72,111.22,152.76,1.41,127.3,4,12,0,74.0
Mumbai,2023-01-05,74,40.7,79.92,61.42,84.36,0.78,70.3,5,1,0,78.0
Mumbai,2023-02-05,78,42.9,84.24,64.74,88.92,0.82,74.1,5,2,1,80.0
Mumbai,2023-03-05,80,44.0,86.4,66.4,91.2,0.84,76.0,5,3,1,76.0
Mumbai,2023-04-05,76,41.8,82.08,63.08,86.64,0.8,72.2,5,4,0,75.0
Mumbai,2023-05-05,75,41.25,81.0,62.25,85.5,0.79,71.25,5,5,0,74.0
Mumbai,2023-06-05,74,40.7,79.92,61.42,84.36,0.78,70.3,5,6,0,84.0
Mumbai,2023-07-05,84,46.2,90.72,69.72,95.76,0.88,79.8,5,7,0,82.0
Mumbai,2023-08-05,82,45.1,88.56,68.06,93.48,0.86,77.9,5,8,1,91.0
Mumbai,2023-09-05,91,50.05,98.28,75.53,103.74,0.96,86.45,5,9,0,112.0
Mumbai,2023-10-05,112,61.6,120.96,92.96,127.68,1.18,106.4,5,10,0,121.0
Mumbai,2023-11-05,121,66.55,130.68,100.43,137.94,1.27,114.95,5,11,1,120.0
Mumbai,2023-12-05,120,66.0,129.6,99.6,136.8,1.26,114.0,5,12,0,89.0
Mumbai,2023-01-06,89,48.95,96.12,73.87,101.46,0.93,84.55,6,1,0,84.0
Mumbai,2023-02-06,84,46.2,90.72,69.72,95.76,0.88,79.8,6,2,0,74.0
Mumbai,2023-03-06,74,40.7,79.92,61.42,84.36,0.78,70.3,6,3,0,72.0
Mumbai,2023-04-06,72,39.6,77.76,59.76,82.08,0.76,68.4,6,4,0,73.0
Mumbai,2023-05-06,73,40.15,78.84,60.59,83.22,0.77,69.35,6,5,1,81.0
Mumbai,2023-06-06,81,44.55,87.48,67.23,92.34,0.85,76.95,6,6,0,87.0
Mumbai,2023-07-06,87,47.85,93.96,72.21,99.18,0.91,82.65,6,7,0,89.0
Mumbai,2023-08-06,89,48.95,96.12,73.87,101.46,0.93,84.55,6,8,1,81.0
Mumbai,2023-09-06,81,44.55,87.48,67.23,92.34,0.85,76.95,6,9,0,85.0
Mumbai,2023-10-06,85,46.75,91.8,70.55,96.9,0.89,80.75,6,10,0,85.0
Mumbai,2023-11-06,85,46.75,91.8,70.55,96.9,0.89,80.75,6,11,0,90.0
Mumbai,2023-12-06,90,49.5,97.2,74.7,102.6,0.95,85.5,6,12,0,67.0
Mumbai,2023-01-07,67,36.85,72.36,55.61,76.38,0.7,63.65,7,1,1,54.0
Mumbai,2023-02-07,54,29.7,58.32,44.82,61.56,0.57,51.3,7,2,0,62.0
Mumbai,2023-03-07,62,34.1,66.96,51.46,70.68,0.65,58.9,7,3,0,65.0
Mumbai,2023-04-07,65,35.75,70.2,53.95,74.1,0.68,61.75,7,4,0,65.0
Mumbai,2023-05-07,65,35.75,70.2,53.95,74.1,0.68,61.75,7,5,1,51.0
Mumbai,2023-06-07,51,28.05,55.08,42.33,58.14,0.54,48.45,7,6,0,54.0
Mumbai,2023-07-07,54,29.7,58.32,44.82,61.56,0.57,51.3,7,7,0,91.0
Mumbai,2023-08-07,91,50.05,98.28,75.53,103.74,0.96,86.45,7,8,0,70.0
Mumbai,2023-09-07,70,38.5,75.6,58.1,79.8,0.74,66.5,7,9,0,65.0
Mumbai,2023-10-07,65,35.75,70.2,53.95,74.1,0.68,61.75,7,10,1,73.0
Mumbai,2023-11-07,73,40.15,78.84,60.59,83.22,0.77,69.35,7,11,0,77.0
Mumbai,2023-12-07,77,42.35,83.16,63.91,87.78,0.81,73.15,7,12,0,54.0
Mumbai,2023-01-08,54,29.7,58.32,44.82,61.56,0.57,51.3,8,1,1,58.0
Mumbai,2023-02-08,58,31.9,62.64,48.14,66.12,0.61,55.1,8,2,0,62.0
Mumbai,2023-03-08,62,34.1,66.96,51.46,70.68,0.65,58.9,8,3,0,73.0
Mumbai,2023-04-08,73,40.15,78.84,60.59,83.22,0.77,69.35,8,4,1,62.0
Mumbai,2023-05-08,62,34.1,66.96,51.46,70.68,0.65,58.9,8,5,0,68.0
Mumbai,2023-06-08,68,37.4,73.44,56.44,77.52,0.71,64.6,8,6,0,70.0
Mumbai,2023-07-08,70,38.5,75.6,58.1,79.8,0.74,66.5,8,7,1,71.0
Mumbai,2023-08-08,71,39.05,76.68,58.93,80.94,0.75,67.45,8,8,0,78.0
Mumbai,2023-09-08,78,42.9,84.24,64.74,88.92,0.82,74.1,8,9,0,65.0
Mumbai,2023-10-08,65,35.75,70.2,53.95,74.1,0.68,61.75,8,10,1,61.0
Mumbai,2023-11-08,61,33.55,65.88,50.63,69.54,0.64,57.95,8,11,0,65.0
Mumbai,2023-12-08,65,35.75,70.2,53.95,74.1,0.68,61.75,8,12,0,84.0
Mumbai,2023-01-09,84,46.2,90.72,69.72,95.76,0.88,79.8,9,1,0,81.0
Mumbai,2023-02-09,81,44.55,87.48,67.23,92.34,0.85,76.95,9,2,0,80.0
Mumbai,2023-03-09,80,44.0,86.4,66.4,91.2,0.84,76.0,9,3,0,86.0
Mumbai,2023-04-09,86,47.3,92.88,71.38,98.04,0.9,81.7,9,4,1,81.0
Mumbai,2023-05-09,81,44.55,87.48,67.23,92.34,0.85,76.95,9,5,0,78.0
Mumbai,2023-06-09,78,42.9,84.24,64.74,88.92,0.82,74.1,9,6,0,71.0
Mumbai,2023-07-09,71,39.05,76.68,58.93,80.94,0.75,67.45,9,7,1,65.0
Mumbai,2023-08-09,65,35.75,70.2,53.95,74.1,0.68,61.75,9,8,0,61.0
Mumbai,2023-09-09,61,33.55,65.88,50.63,69.54,0.64,57.95,9,9,1,54.0
Mumbai,2023-10-09,54,29.7,58.32,44.82,61.56,0.57,51.3,9,10,0,54.0
Mumbai,2023-11-09,54,29.7,58.32,44.82,61.56,0.57,51.3,9,11,0,59.0
Mumbai,2023-12-09,59,32.45,63.72,48.97,67.26,0.62,56.05,9,12,1,87.0
Mumbai,2023-01-10,87,47.85,93.96,72.21,99.18,0.91,82.65,10,1,0,97.0
Mumbai,2023-02-10,97,53.35,104.76,80.51,110.58,1.02,92.15,10,2,0,116.0
Mumbai,2023-03-10,116,63.8,125.28,96.28,132.24,1.22,110.2,10,3,0,121.0
Mumbai,2023-04-10,121,66.55,130.68,100.43,137.94,1.27,114.95,10,4,0,120.0
Mumbai,2023-05-10,120,66.0,129.6,99.6,136.8,1.26,114.0,10,5,0,131.0
Mumbai,2023-06-10,131,72.05,141.48,108.73,149.34,1.38,124.45,10,6,1,120.0
Mumbai,2023-07-10,120,66.0,129.6,99.6,136.8,1.26,114.0,10,7,0,110.0
Mumbai,2023-08-10,110,60.5,118.8,91.3,125.4,1.16,104.5,10,8,0,144.0
Mumbai,2023-09-10,144,79.2,155.52,119.52,164.16,1.51,136.8,10,9,1,109.0
Mumbai,2023-10-10,109,59.95,117.72,90.47,124.26,1.14,103.55,10,10,0,88.0
Mumbai,2023-11-10,88,48.4,95.04,73.04,100.32,0.92,83.6,10,11,0,100.0
Mumbai,2023-12-10,100,55.0,108.0,83.0,114.0,1.05,95.0,10,12,1,175.0
Mumbai,2023-01-11,175,96.25,189.0,145.25,199.5,1.84,166.25,11,1,0,169.0
Mumbai,2023-02-11,169,92.95,182.52,140.27,192.66,1.77,160.55,11,2,1,178.0
Mumbai,2023-03-11,178,97.9,192.24,147.74,202.92,1.87,169.1,11,3,1,180.0
Mumbai,2023-04-11,180,99.0,194.4,149.4,205.2,1.89,171.0,11,4,0,198.0
Mumbai,2023-05-11,198,108.9,213.84,164.34,225.72,2.08,188.1,11,5,0,198.0
Mumbai,2023-06-11,198,108.9,213.84,164.34,225.72,2.08,188.1,11,6,1,186.0
Mumbai,2023-07-11,186,102.3,200.88,154.38,212.04,1.95,176.7,11,7,0,131.0
Mumbai,2023-08-11,131,72.05,141.48,108.73,149.34,1.38,124.45,11,8,0,111.0
Mumbai,2023-09-11,111,61.05,119.88,92.13,126.54,1.17,105.45,11,9,0,87.0
Mumbai,2023-10-11,87,47.85,93.96,72.21,99.18,0.91,82.65,11,10,0,90.0
Mumbai,2023-11-11,90,49.5,97.2,74.7,102.6,0.95,85.5,11,11,1,154.0
Mumbai,2023-12-11,154,84.7,166.32,127.82,175.56,1.62,146.3,11,12,0,127.0
Mumbai,2023-01-12,127,69.85,137.16,105.41,144.78,1.33,120.65,12,1,0,138.0
Mumbai,2023-02-12,138,75.9,149.04,114.54,157.32,1.45,131.1,12,2,1,144.0
Mumbai,2023-03-12,144,79.2,155.52,119.52,164.16,1.51,136.8,12,3,1,128.0
Mumbai,2023-04-12,128,70.4,138.24,106.24,145.92,1.34,121.6,12,4,0,136.0
Mumbai,2023-05-12,136,74.8,146.88,112.88,155.04,1.43,129.2,12,5,0,154.0
Mumbai,2023-06-12,154,84.7,166.32,127.82,175.56,1.62,146.3,12,6,0,125.0
Mumbai,2023-07-12,125,68.75,135.0,103.75,142.5,1.31,118.75,12,7,0,117.0
Mumbai,2023-08-12,117,64.35,126.36,97.11,133.38,1.23,111.15,12,8,1,114.0
Mumbai,2023-09-12,114,62.7,123.12,94.62,129.96,1.2,108.3,12,9,0,114.0
Mumbai,2023-10-12,114,62.7,123.12,94.62,129.96,1.2,108.3,12,10,0,108.0
Mumbai,2023-11-12,108,59.4,116.64,89.64,123.12,1.13,102.6,12,11,1,114.0
Mumbai,2023-12-12,114,62.7,123.12,94.62,129.96,1.2,108.3,12,12,0,132.0
Mumbai,2024-01-01,132,72.6,142.56,109.56,150.48,1.39,125.4,1,1,0,133.0
Mumbai,2024-02-01,133,73.15,143.64,110.39,151.62,1.4,126.35,1,2,0,117.0
Mumbai,2024-03-01,117,64.35,126.36,97.11,133.38,1.23,111.15,1,3,0,129.0
Mumbai,2024-04-01,129,70.95,139.32,107.07,147.06,1.35,122.55,1,4,0,123.0
Mumbai,2024-05-01,123,67.65,132.84,102.09,140.22,1.29,116.85,1,5,0,128.0
Mumbai,2024-06-01,128,70.4,138.24,106.24,145.92,1.34,121.6,1,6,1,124.0
Mumbai,2024-07-01,124,68.2,133.92,102.92,141.36,1.3,117.8,1,7,0,97.0
Mumbai,2024-08-01,97,53.35,104.76,80.51,110.58,1.02,92.15,1,8,0,115.0
Mumbai,2024-09-01,115,63.25,124.2,95.45,131.1,1.21,109.25,1,9,1,82.0
Mumbai,2024-10-01,82,45.1,88.56,68.06,93.48,0.86,77.9,1,10,0,128.0
Mumbai,2024-11-01,128,70.4,138.24,106.24,145.92,1.34,121.6,1,11,0,146.0
Mumbai,2024-12-01,146,80.3,157.68,121.18,166.44,1.53,138.7,1,12,1,93.0
Mumbai,2024-01-02,93,51.15,100.44,77.19,106.02,0.98,88.35,2,1,0,63.0
Mumbai,2024-02-02,63,34.65,68.04,52.29,71.82,0.66,59.85,2,2,0,122.0
Mumbai,2024-03-02,122,67.1,131.76,101.26,139.08,1.28,115.9,2,3,1,158.0
Mumbai,2024-04-02,158,86.9,170.64,131.14,180.12,1.66,150.1,2,4,0,154.0
Mumbai,2024-05-02,154,84.7,166.32,127.82,175.56,1.62,146.3,2,5,0,127.0
Mumbai,2024-06-02,127,69.85,137.16,105.41,144.78,1.33,120.65,2,6,1,115.0
Mumbai,2024-07-02,115,63.25,124.2,95.45,131.1,1.21,109.25,2,7,0,131.0
Mumbai,2024-08-02,131,72.05,141.48,108.73,149.34,1.38,124.45,2,8,0,127.0
Mumbai,2024-09-02,127,69.85,137.16,105.41,144.78,1.33,120.65,2,9,0,120.0
Mumbai,2024-10-02,120,66.0,129.6,99.6,136.8,1.26,114.0,2,10,0,121.0
Mumbai,2024-11-02,121,66.55,130.68,100.43,137.94,1.27,114.95,2,11,1,128.0
Mumbai,2024-12-02,128,70.4,138.24,106.24,145.92,1.34,121.6,2,12,0,118.0
Mumbai,2024-01-03,118,64.9,127.44,97.94,134.52,1.24,112.1,3,1,0,71.0
Mumbai,2024-02-03,71,39.05,76.68,58.93,80.94,0.75,67.45,3,2,1,55.0
Mumbai,2024-03-03,55,30.25,59.4,45.65,62.7,0.58,52.25,3,3,1,72.0
Mumbai,2024-04-03,72,39.6,77.76,59.76,82.08,0.76,68.4,3,4,0,109.0
Mumbai,2024-05-03,109,59.95,117.72,90.47,124.26,1.14,103.55,3,5,0,119.0
Mumbai,2024-06-03,119,65.45,128.52,98.77,135.66,1.25,113.05,3,6,0,108.0
Mumbai,2024-07-03,108,59.4,116.64,89.64,123.12,1.13,102.6,3,7,0,124.0
Mumbai,2024-08-03,124,68.2,133.92,102.92,141.36,1.3,117.8,3,8,1,122.0
Mumbai,2024-09-03,122,67.1,131.76,101.26,139.08,1.28,115.9,3,9,0,113.0
Mumbai,2024-10-03,113,62.15,122.04,93.79,128.82,1.19,107.35,3,10,0,111.0
Mumbai,2024-11-03,111,61.05,119.88,92.13,126.54,1.17,105.45,3,11,1,111.0
Mumbai,2024-12-03,111,61.05,119.88,92.13,126.54,1.17,105.45,3,12,0,106.0
Mumbai,2024-01-04,106,58.3,114.48,87.98,120.84,1.11,100.7,4,1,0,160.0
Mumbai,2024-02-04,160,88.0,172.8,132.8,182.4,1.68,152.0,4,2,1,128.0
Mumbai,2024-03-04,128,70.4,138.24,106.24,145.92,1.34,121.6,4,3,0,89.0
Mumbai,2024-04-04,89,48.95,96.12,73.87,101.46,0.93,84.55,4,4,0,91.0
Mumbai,2024-05-04,91,50.05,98.28,75.53,103.74,0.96,86.45,4,5,1,131.0
Mumbai,2024-06-04,131,72.05,141.48,108.73,149.34,1.38,124.45,4,6,0,95.0
Mumbai,2024-07-04,95,52.25,102.6,78.85,108.3,1.0,90.25,4,7,0,74.0
Mumbai,2024-08-04,74,40.7,79.92,61.42,84.36,0.78,70.3,4,8,1,93.0
Mumbai,2024-09-04,93,51.15,100.44,77.19,106.02,0.98,88.35,4,9,0,88.0
Mumbai,2024-10-04,88,48.4,95.04,73.04,100.32,0.92,83.6,4,10,0,88.0
Mumbai,2024-11-04,88,48.4,95.04,73.04,100.32,0.92,83.6,4,11,0,79.0
Mumbai,2024-12-04,79,43.45,85.32,65.57,90.06,0.83,75.05,4,12,0,102.0
Mumbai,2024-01-05,102,56.1,110.16,84.66,116.28,1.07,96.9,5,1,0,92.0
Mumbai,2024-02-05,92,50.6,99.36,76.36,104.88,0.97,87.4,5,2,0,117.0
Mumbai,2024-03-05,117,64.35,126.36,97.11,133.38,1.23,111.15,5,3,0,89.0
Mumbai,2024-04-05,89,48.95,96.12,73.87,101.46,0.93,84.55,5,4,0,79.0
Mumbai,2024-05-05,79,43.45,85.32,65.57,90.06,0.83,75.05,5,5,1,68.0
Mumbai,2024-06-05,68,37.4,73.44,56.44,77.52,0.71,64.6,5,6,0,65.0
Mumbai,2024-07-05,65,35.75,70.2,53.95,74.1,0.68,61.75,5,7,0,77.0
Mumbai,2024-08-05,77,42.35,83.16,63.91,87.78,0.81,73.15,5,8,0,70.0
Mumbai,2024-09-05,70,38.5,75.6,58.1,79.8,0.74,66.5,5,9,0,67.0
Mumbai,2024-10-05,67,36.85,72.36,55.61,76.38,0.7,63.65,5,10,1,68.0
Mumbai,2024-11-05,68,37.4,73.44,56.44,77.52,0.71,64.6,5,11,0,77.0
Mumbai,2024-12-05,77,42.35,83.16,63.91,87.78,0.81,73.15,5,12,0,62.0
Mumbai,2024-01-06,62,34.1,66.96,51.46,70.68,0.65,58.9,6,1,1,50.0
Mumbai,2024-02-06,50,27.5,54.0,41.5,57.0,0.53,47.5,6,2,0,68.0
Mumbai,2024-03-06,68,37.4,73.44,56.44,77.52,0.71,64.6,6,3,0,82.0
Mumbai,2024-04-06,82,45.1,88.56,68.06,93.48,0.86,77.9,6,4,1,69.0
Mumbai,2024-05-06,69,37.95,74.52,57.27,78.66,0.72,65.55,6,5,0,59.0
Mumbai,2024-06-06,59,32.45,63.72,48.97,67.26,0.62,56.05,6,6,0,62.0
Mumbai,2024-07-06,62,34.1,66.96,51.46,70.68,0.65,58.9,6,7,1,57.0
Mumbai,2024-08-06,57,31.35,61.56,47.31,64.98,0.6,54.15,6,8,0,56.0
Mumbai,2024-09-06,56,30.8,60.48,46.48,63.84,0.59,53.2,6,9,0,48.0
Mumbai,2024-10-06,48,26.4,51.84,39.84,54.72,0.5,45.6,6,10,1,48.0
Mumbai,2024-11-06,48,26.4,51.84,39.84,54.72,0.5,45.6,6,11,0,52.0
Mumbai,2024-12-06,52,28.6,56.16,43.16,59.28,0.55,49.4,6,12,0,60.0
Mumbai,2024-01-07,60,33.0,64.8,49.8,68.4,0.63,57.0,7,1,1,54.0
Mumbai,2024-02-07,54,29.7,58.32,44.82,61.56,0.57,51.3,7,2,0,61.0
Mumbai,2024-03-07,61,33.55,65.88,50.63,69.54,0.64,57.95,7,3,0,59.0
Mumbai,2024-04-07,59,32.45,63.72,48.97,67.26,0.62,56.05,7,4,1,51.0
Mumbai,2024-05-07,51,28.05,55.08,42.33,58.14,0.54,48.45,7,5,0,56.0
Mumbai,2024-06-07,56,30.8,60.48,46.48,63.84,0.59,53.2,7,6,0,74.0
Mumbai,2024-07-07,74,40.7,79.92,61.42,84.36,0.78,70.3,7,7,1,47.0
Mumbai,2024-08-07,47,25.85,50.76,39.01,53.58,0.49,44.65,7,8,0,36.0
Mumbai,2024-09-07,36,19.8,38.88,29.88,41.04,0.38,34.2,7,9,1,42.0
Mumbai,2024-10-07,42,23.1,45.36,34.86,47.88,0.44,39.9,7,10,0,38.0
Mumbai,2024-11-07,38,20.9,41.04,31.54,43.32,0.4,36.1,7,11,0,36.0
Mumbai,2024-12-07,36,19.8,38.88,29.88,41.04,0.38,34.2,7,12,1,41.0
Mumbai,2024-01-08,41,22.55,44.28,34.03,46.74,0.43,38.95,8,1,0,32.0
Mumbai,2024-02-08,32,17.6,34.56,26.56,36.48,0.34,30.4,8,2,0,31.0
Mumbai,2024-03-08,31,17.05,33.48,25.73,35.34,0.33,29.45,8,3,0,36.0
Mumbai,2024-04-08,36,19.8,38.88,29.88,41.04,0.38,34.2,8,4,0,37.0
Mumbai,2024-05-08,37,20.35,39.96,30.71,42.18,0.39,35.15,8,5,0,35.0
Mumbai,2024-06-08,35,19.25,37.8,29.05,39.9,0.37,33.25,8,6,1,34.0
Mumbai,2024-07-08,34,18.7,36.72,28.22,38.76,0.36,32.3,8,7,0,38.0
Mumbai,2024-08-08,38,20.9,41.04,31.54,43.32,0.4,36.1,8,8,0,39.0
Mumbai,2024-09-08,39,21.45,42.12,32.37,44.46,0.41,37.05,8,9,1,37.0
Mumbai,2024-10-08,37,20.35,39.96,30.71,42.18,0.39,35.15,8,10,0,36.0
Mumbai,2024-11-08,36,19.8,38.88,29.88,41.04,0.38,34.2,8,11,0,42.0
Mumbai,2024-12-08,42,23.1,45.36,34.86,47.88,0.44,39.9,8,12,1,39.0
Mumbai,2024-01-09,39,21.45,42.12,32.37,44.46,0.41,37.05,9,1,0,45.0
Mumbai,2024-02-09,45,24.75,48.6,37.35,51.3,0.47,42.75,9,2,0,43.0
Mumbai,2024-03-09,43,23.65,46.44,35.69,49.02,0.45,40.85,9,3,1,46.0
Mumbai,2024-04-09,46,25.3,49.68,38.18,52.44,0.48,43.7,9,4,0,36.0
Mumbai,2024-05-09,36,19.8,38.88,29.88,41.04,0.38,34.2,9,5,0,40.0
Mumbai,2024-06-09,40,22.0,43.2,33.2,45.6,0.42,38.0,9,6,1,37.0
Mumbai,2024-07-09,37,20.35,39.96,30.71,42.18,0.39,35.15,9,7,0,34.0
Mumbai,2024-08-09,34,18.7,36.72,28.22,38.76,0.36,32.3,9,8,0,37.0
Mumbai,2024-09-09,37,20.35,39.96,30.71,42.18,0.39,35.15,9,9,0,31.0
Mumbai,2024-10-09,31,17.05,33.48,25.73,35.34,0.33,29.45,9,10,0,40.0
Mumbai,2024-11-09,40,22.0,43.2,33.2,45.6,0.42,38.0,9,11,1,43.0
Mumbai,2024-12-09,43,23.65,46.44,35.69,49.02,0.45,40.85,9,12,0,66.0
Mumbai,2024-01-10,66,36.3,71.28,54.78,75.24,0.69,62.7,10,1,0,101.0
Mumbai,2024-02-10,101,55.55,109.08,83.83,115.14,1.06,95.95,10,2,1,58.0
Mumbai,2024-03-10,58,31.9,62.64,48.14,66.12,0.61,55.1,10,3,1,54.0
Mumbai,2024-04-10,54,29.7,58.32,44.82,61.56,0.57,51.3,10,4,0,54.0
Mumbai,2024-05-10,54,29.7,58.32,44.82,61.56,0.57,51.3,10,5,0,61.0
Mumbai,2024-06-10,61,33.55,65.88,50.63,69.54,0.64,57.95,10,6,0,116.0
Mumbai,2024-07-10,116,63.8,125.28,96.28,132.24,1.22,110.2,10,7,0,115.0
Mumbai,2024-08-10,115,63.25,124.2,95.45,131.1,1.21,109.25,10,8,1,84.0
Mumbai,2024-09-10,84,46.2,90.72,69.72,95.76,0.88,79.8,10,9,0,59.0
Mumbai,2024-10-10,59,32.45,63.72,48.97,67.26,0.62,56.05,10,10,0,55.0
Mumbai,2024-11-10,55,30.25,59.4,45.65,62.7,0.58,52.25,10,11,1,68.0
Mumbai,2024-12-10,68,37.4,73.44,56.44,77.52,0.71,64.6,10,12,0,169.0
Mumbai,2024-01-11,169,92.95,182.52,140.27,192.66,1.77,160.55,11,1,0,208.0
Mumbai,2024-02-11,208,114.4,224.64,172.64,237.12,2.18,197.6,11,2,1,157.0
Mumbai,2024-03-11,157,86.35,169.56,130.31,178.98,1.65,149.15,11,3,0,159.0
Mumbai,2024-04-11,159,87.45,171.72,131.97,181.26,1.67,151.05,11,4,0,150.0
Mumbai,2024-05-11,150,82.5,162.0,124.5,171.0,1.58,142.5,11,5,1,158.0
Mumbai,2024-06-11,158,86.9,170.64,131.14,180.12,1.66,150.1,11,6,0,137.0
Mumbai,2024-07-11,137,75.35,147.96,113.71,156.18,1.44,130.15,11,7,0,146.0
Mumbai,2024-08-11,146,80.3,157.68,121.18,166.44,1.53,138.7,11,8,1,144.0
Mumbai,2024-09-11,144,79.2,155.52,119.52,164.16,1.51,136.8,11,9,0,141.0
Mumbai,2024-10-11,141,77.55,152.28,117.03,160.74,1.48,133.95,11,10,0,152.0
Mumbai,2024-11-11,152,83.6,164.16,126.16,173.28,1.6,144.4,11,11,0,144.0
Mumbai,2024-12-11,144,79.2,155.52,119.52,164.16,1.51,136.8,11,12,0,167.0
Mumbai,2024-01-12,167,91.85,180.36,138.61,190.38,1.75,158.65,12,1,0,174.0
Mumbai,2024-02-12,174,95.7,187.92,144.42,198.36,1.83,165.3,12,2,0,129.0
Mumbai,2024-03-12,129,70.95,139.32,107.07,147.06,1.35,122.55,12,3,0,139.0
Mumbai,2024-04-12,139,76.45,150.12,115.37,158.46,1.46,132.05,12,4,0,154.0
Mumbai,2024-05-12,154,84.7,166.32,127.82,175.56,1.62,146.3,12,5,1,148.0
Mumbai,2024-06-12,148,81.4,159.84,122.84,168.72,1.55,140.6,12,6,0,126.0
Mumbai,2024-07-12,126,69.3,136.08,104.58,143.64,1.32,119.7,12,7,0,125.0
Mumbai,2024-08-12,125,68.75,135.0,103.75,142.5,1.31,118.75,12,8,0,112.0
Mumbai,2024-09-12,112,61.6,120.96,92.96,127.68,1.18,106.4,12,9,0,131.0
Mumbai,2024-10-12,131,72.05,141.48,108.73,149.34,1.38,124.45,12,10,1,139.0
Mumbai,2024-11-12,139,76.45,150.12,115.37,158.46,1.46,132.05,12,11,0,137.0
Mumbai,2024-12-12,137,75.35,147.96,113.71,156.18,1.44,130.15,12,12,0,93.0
Chennai,2018-01-01,93,51.15,100.44,77.19,106.02,0.98,88.35,1,1,0,100.0
Chennai,2018-02-01,100,55.0,108.0,83.0,114.0,1.05,95.0,1,2,0,81.0
Chennai,2018-03-01,81,44.55,87.48,67.23,92.34,0.85,76.95,1,3,0,169.0
Chennai,2018-04-01,169,92.95,182.52,140.27,192.66,1.77,160.55,1,4,1,153.0
Chennai,2018-05-01,153,84.15,165.24,126.99,174.42,1.61,145.35,1,5,0,157.0
Chennai,2018-06-01,157,86.35,169.56,130.31,178.98,1.65,149.15,1,6,0,123.0
Chennai,2018-07-01,123,67.65,132.84,102.09,140.22,1.29,116.85,1,7,1,128.0
Chennai,2018-08-01,128,70.4,138.24,106.24,145.92,1.34,121.6,1,8,0,107.0
Chennai,2018-09-01,107,58.85,115.56,88.81,121.98,1.12,101.65,1,9,1,108.0
Chennai,2018-10-01,108,59.4,116.64,89.64,123.12,1.13,102.6,1,10,0,178.0
Chennai,2018-11-01,178,97.9,192.24,147.74,202.92,1.87,169.1,1,11,0,158.0
Chennai,2018-12-01,158,86.9,170.64,131.14,180.12,1.66,150.1,1,12,1,134.0
Chennai,2018-01-02,134,73.7,144.72,111.22,152.76,1.41,127.3,2,1,0,162.0
Chennai,2018-02-02,162,89.1,174.96,134.46,184.68,1.7,153.9,2,2,0,146.0
Chennai,2018-03-02,146,80.3,157.68,121.18,166.44,1.53,138.7,2,3,0,91.0
Chennai,2018-04-02,91,50.05,98.28,75.53,103.74,0.96,86.45,2,4,0,75.0
Chennai,2018-05-02,75,41.25,81.0,62.25,85.5,0.79,71.25,2,5,0,80.0
Chennai,2018-06-02,80,44.0,86.4,66.4,91.2,0.84,76.0,2,6,1,68.0
Chennai,2018-07-02,68,37.4,73.44,56.44,77.52,0.71,64.6,2,7,0,68.0
Chennai,2018-08-02,68,37.4,73.44,56.44,77.52,0.71,64.6,2,8,0,103.0
Chennai,2018-09-02,103,56.65,111.24,85.49,117.42,1.08,97.85,2,9,1,80.0
Chennai,2018-10-02,80,44.0,86.4,66.4,91.2,0.84,76.0,2,10,0,131.0
Chennai,2018-11-02,131,72.05,141.48,108.73,149.34,1.38,124.45,2,11,0,82.0
Chennai,2018-12-02,82,45.1,88.56,68.06,93.48,0.86,77.9,2,12,1,142.0
Chennai,2018-01-03,142,78.1,153.36,117.86,161.88,1.49,134.9,3,1,0,107.0
Chennai,2018-02-03,107,58.85,115.56,88.81,121.98,1.12,101.65,3,2,1,104.0
Chennai,2018-03-03,104,57.2,112.32,86.32,118.56,1.09,98.8,3,3,1,123.0
Chennai,2018-04-03,123,67.65,132.84,102.09,140.22,1.29,116.85,3,4,0,88.0
Chennai,2018-05-03,88,48.4,95.04,73.04,100.32,0.92,83.6,3,5,0,73.0
Chennai,2018-06-03,73,40.15,78.84,60.59,83.22,0.77,69.35,3,6,1,117.0
Chennai,2018-07-03,117,64.35,126.36,97.11,133.38,1.23,111.15,3,7,0,170.0
Chennai,2018-08-03,170,93.5,183.6,141.1,193.8,1.79,161.5,3,8,0,110.0
Chennai,2018-09-03,110,60.5,118.8,91.3,125.4,1.16,104.5,3,9,0,141.0
Chennai,2018-10-03,141,77.55,152.28,117.03,160.74,1.48,133.95,3,10,0,124.0
Chennai,2018-11-03,124,68.2,133.92,102.92,141.36,1.3,117.8,3,11,1,74.0
Chennai,2018-12-03,74,40.7,79.92,61.42,84.36,0.78,70.3,3,12,0,84.0
Chennai,2018-01-04,84,46.2,90.72,69.72,95.76,0.88,79.8,4,1,0,67.0
Chennai,2018-02-04,67,36.85,72.36,55.61,76.38,0.7,63.65,4,2,1,62.0
Chennai,2018-03-04,62,34.1,66.96,51.46,70.68,0.65,58.9,4,3,1,68.0
Chennai,2018-04-04,68,37.4,73.44,56.44,77.52,0.71,64.6,4,4,0,82.0
Chennai,2018-05-04,82,45.1,88.56,68.06,93.48,0.86,77.9,4,5,0,104.0
Chennai,2018-06-04,104,57.2,112.32,86.32,118.56,1.09,98.8,4,6,0,82.0
Chennai,2018-07-04,82,45.1,88.56,68.06,93.48,0.86,77.9,4,7,0,58.0
Chennai,2018-08-04,58,31.9,62.64,48.14,66.12,0.61,55.1,4,8,1,73.0
Chennai,2018-09-04,73,40.15,78.84,60.59,83.22,0.77,69.35,4,9,0,53.0
Chennai,2018-10-04,53,29.15,57.24,43.99,60.42,0.56,50.35,4,10,0,71.0
Chennai,2018-11-04,71,39.05,76.68,58.93,80.94,0.75,67.45,4,11,1,64.0
Chennai,2018-12-04,64,35.2,69.12,53.12,72.96,0.67,60.8,4,12,0,118.0
Chennai,2018-01-05,118,64.9,127.44,97.94,134.52,1.24,112.1,5,1,0,132.0
Chennai,2018-02-05,132,72.6,142.56,109.56,150.48,1.39,125.4,5,2,0,119.0
Chennai,2018-03-05,119,65.45,128.52,98.77,135.66,1.25,113.05,5,3,0,148.0
Chennai,2018-04-05,148,81.4,159.84,122.84,168.72,1.55,140.6,5,4,0,110.0
Chennai,2018-05-05,110,60.5,118.8,91.3,125.4,1.16,104.5,5,5,1,68.0
Chennai,2018-06-05,68,37.4,73.44,56.44,77.52,0.71,64.6,5,6,0,86.0
Chennai,2018-07-05,86,47.3,92.88,71.38,98.04,0.9,81.7,5,7,0,68.0
Chennai,2018-08-05,68,37.4,73.44,56.44,77.52,0.71,64.6,5,8,1,63.0
Chennai,2018-09-05,63,34.65,68.04,52.29,71.82,0.66,59.85,5,9,0,56.0
Chennai,2018-10-05,56,30.8,60.48,46.48,63.84,0.59,53.2,5,10,0,55.0
Chennai,2018-11-05,55,30.25,59.4,45.65,62.7,0.58,52.25,5,11,0,58.0
Chennai,2018-12-05,58,31.9,62.64,48.14,66.12,0.61,55.1,5,12,0,108.0
Chennai,2018-01-06,108,59.4,116.64,89.64,123.12,1.13,102.6,6,1,1,132.0
Chennai,2018-02-06,132,72.6,142.56,109.56,150.48,1.39,125.4,6,2,0,86.0
Chennai,2018-03-06,86,47.3,92.88,71.38,98.04,0.9,81.7,6,3,0,88.0
Chennai,2018-04-06,88,48.4,95.04,73.04,100.32,0.92,83.6,6,4,0,90.0
Chennai,2018-05-06,90,49.5,97.2,74.7,102.6,0.95,85.5,6,5,1,72.0
Chennai,2018-06-06,72,39.6,77.76,59.76,82.08,0.76,68.4,6,6,0,57.0
Chennai,2018-07-06,57,31.35,61.56,47.31,64.98,0.6,54.15,6,7,0,74.0
Chennai,2018-08-06,74,40.7,79.92,61.42,84.36,0.78,70.3,6,8,0,70.0
Chennai,2018-09-06,70,38.5,75.6,58.1,79.8,0.74,66.5,6,9,0,64.0
Chennai,2018-10-06,64,35.2,69.12,53.12,72.96,0.67,60.8,6,10,1,71.0
Chennai,2018-11-06,71,39.05,76.68,58.93,80.94,0.75,67.45,6,11,0,90.0
Chennai,2018-12-06,90,49.5,97.2,74.7,102.6,0.95,85.5,6,12,0,150.0
Chennai,2018-01-07,150,82.5,162.0,124.5,171.0,1.58,142.5,7,1,1,148.0
Chennai,2018-02-07,148,81.4,159.84,122.84,168.72,1.55,140.6,7,2,0,164.0
Chennai,2018-03-07,164,90.2,177.12,136.12,186.96,1.72,155.8,7,3,0,98.0
Chennai,2018-04-07,98,53.9,105.84,81.34,111.72,1.03,93.1,7,4,1,96.0
Chennai,2018-05-07,96,52.8,103.68,79.68,109.44,1.01,91.2,7,5,0,148.0
Chennai,2018-06-07,148,81.4,159.84,122.84,168.72,1.55,140.6,7,6,0,130.0
Chennai,2018-07-07,130,71.5,140.4,107.9,148.2,1.37,123.5,7,7,1,81.0
Chennai,2018-08-07,81,44.55,87.48,67.23,92.34,0.85,76.95,7,8,0,127.0
Chennai,2018-09-07,127,69.85,137.16,105.41,144.78,1.33,120.65,7,9,0,109.0
Chennai,2018-10-07,109,59.95,117.72,90.47,124.26,1.14,103.55,7,10,1,98.0
Chennai,2018-11-07,98,53.9,105.84,81.34,111.72,1.03,93.1,7,11,0,70.0
Chennai,2018-12-07,70,38.5,75.6,58.1,79.8,0.74,66.5,7,12,0,114.0
Chennai,2018-01-08,114,62.7,123.12,94.62,129.96,1.2,108.3,8,1,0,86.0
Chennai,2018-02-08,86,47.3,92.88,71.38,98.04,0.9,81.7,8,2,0,86.0
Chennai,2018-03-08,86,47.3,92.88,71.38,98.04,0.9,81.7,8,3,0,94.0
Chennai,2018-04-08,94,51.7,101.52,78.02,107.16,0.99,89.3,8,4,1,108.0
Chennai,2018-05-08,108,59.4,116.64,89.64,123.12,1.13,102.6,8,5,0,110.0
Chennai,2018-06-08,110,60.5,118.8,91.3,125.4,1.16,104.5,8,6,0,98.0
Chennai,2018-07-08,98,53.9,105.84,81.34,111.72,1.03,93.1,8,7,1,59.0
Chennai,2018-08-08,59,32.45,63.72,48.97,67.26,0.62,56.05,8,8,0,46.0
Chennai,2018-09-08,46,25.3,49.68,38.18,52.44,0.48,43.7,8,9,1,71.0
Chennai,2018-10-08,71,39.05,76.68,58.93,80.94,0.75,67.45,8,10,0,70.0
Chennai,2018-11-08,70,38.5,75.6,58.1,79.8,0.74,66.5,8,11,0,46.0
Chennai,2018-12-08,46,25.3,49.68,38.18,52.44,0.48,43.7,8,12,1,62.0
Chennai,2018-01-09,62,34.1,66.96,51.46,70.68,0.65,58.9,9,1,0,83.0
Chennai,2018-02-09,83,45.65,89.64,68.89,94.62,0.87,78.85,9,2,0,68.0
Chennai,2018-03-09,68,37.4,73.44,56.44,77.52,0.71,64.6,9,3,0,67.0
Chennai,2018-04-09,67,36.85,72.36,55.61,76.38,0.7,63.65,9,4,0,112.0
Chennai,2018-05-09,112,61.6,120.96,92.96,127.68,1.18,106.4,9,5,0,107.0
Chennai,2018-06-09,107,58.85,115.56,88.81,121.98,1.12,101.65,9,6,1,102.0
Chennai,2018-07-09,102,56.1,110.16,84.66,116.28,1.07,96.9,9,7,0,102.0
Chennai,2018-08-09,102,56.1,110.16,84.66,116.28,1.07,96.9,9,8,0,81.0
Chennai,2018-09-09,81,44.55,87.48,67.23,92.34,0.85,76.95,9,9,1,73.0
Chennai,2018-10-09,73,40.15,78.84,60.59,83.22,0.77,69.35,9,10,0,83.0
Chennai,2018-11-09,83,45.65,89.64,68.89,94.62,0.87,78.85,9,11,0,62.0
Chennai,2018-01-10,62,34.1,66.96,51.46,70.68,0.65,58.9,10,1,0,63.0
Chennai,2018-02-10,63,34.65,68.04,52.29,71.82,0.66,59.85,10,2,1,47.0
Chennai,2018-03-10,47,25.85,50.76,39.01,53.58,0.49,44.65,10,3,1,61.0
Chennai,2018-04-10,61,33.55,65.88,50.63,69.54,0.64,57.95,10,4,0,55.0
Chennai,2018-05-10,55,30.25,59.4,45.65,62.7,0.58,52.25,10,5,0,48.0
Chennai,2018-06-10,48,26.4,51.84,39.84,54.72,0.5,45.6,10,6,1,49.0
Chennai,2018-07-10,49,26.95,52.92,40.67,55.86,0.51,46.55,10,7,0,64.0
Chennai,2018-08-10,64,35.2,69.12,53.12,72.96,0.67,60.8,10,8,0,98.0
Chennai,2018-09-10,98,53.9,105.84,81.34,111.72,1.03,93.1,10,9,0,138.0
Chennai,2018-10-10,138,75.9,149.04,114.54,157.32,1.45,131.1,10,10,0,150.0
Chennai,2018-11-10,150,82.5,162.0,124.5,171.0,1.58,142.5,10,11,1,88.0
Chennai,2018-12-10,88,48.4,95.04,73.04,100.32,0.92,83.6,10,12,0,48.0
Chennai,2018-01-11,48,26.4,51.84,39.84,54.72,0.5,45.6,11,1,0,75.0
Chennai,2018-02-11,75,41.25,81.0,62.25,85.5,0.79,71.25,11,2,1,45.0
Chennai,2018-03-11,45,24.75,48.6,37.35,51.3,0.47,42.75,11,3,1,95.0
Chennai,2018-04-11,95,52.25,102.6,78.85,108.3,1.0,90.25,11,4,0,66.0
Chennai,2018-05-11,66,36.3,71.28,54.78,75.24,0.69,62.7,11,5,0,64.0
Chennai,2018-06-11,64,35.2,69.12,53.12,72.96,0.67,60.8,11,6,0,121.0
Chennai,2018-07-11,121,66.55,130.68,100.43,137.94,1.27,114.95,11,7,0,105.0
Chennai,2018-08-11,105,57.75,113.4,87.15,119.7,1.1,99.75,11,8,1,146.0
Chennai,2018-09-11,146,80.3,157.68,121.18,166.44,1.53,138.7,11,9,0,134.0
Chennai,2018-10-11,134,73.7,144.72,111.22,152.76,1.41,127.3,11,10,0,141.0
Chennai,2018-11-11,141,77.55,152.28,117.03,160.74,1.48,133.95,11,11,1,174.0
Chennai,2018-12-11,174,95.7,187.92,144.42,198.36,1.83,165.3,11,12,0,98.0
Chennai,2018-01-12,98,53.9,105.84,81.34,111.72,1.03,93.1,12,1,0,56.0
Chennai,2018-02-12,56,30.8,60.48,46.48,63.84,0.59,53.2,12,2,0,56.0
Chennai,2018-03-12,56,30.8,60.48,46.48,63.84,0.59,53.2,12,3,0,54.0
Chennai,2018-04-12,54,29.7,58.32,44.82,61.56,0.57,51.3,12,4,0,61.0
Chennai,2018-05-12,61,33.55,65.88,50.63,69.54,0.64,57.95,12,5,1,68.0
Chennai,2018-06-12,68,37.4,73.44,56.44,77.52,0.71,64.6,12,6,0,142.0
Chennai,2018-07-12,142,78.1,153.36,117.86,161.88,1.49,134.9,12,7,0,238.0
Chennai,2018-08-12,238,130.9,257.04,197.54,271.32,2.5,226.1,12,8,1,222.0
Chennai,2018-09-12,222,122.1,239.76,184.26,253.08,2.33,210.9,12,9,0,221.0
Chennai,2018-10-12,221,121.55,238.68,183.43,251.94,2.32,209.95,12,10,0,185.0
Chennai,2018-11-12,185,101.75,199.8,153.55,210.9,1.94,175.75,12,11,0,185.0
Chennai,2018-12-12,185,101.75,199.8,153.55,210.9,1.94,175.75,12,12,0,175.0
Chennai,2019-01-01,175,96.25,189.0,145.25,199.5,1.84,166.25,1,1,0,81.0
Chennai,2019-02-01,81,44.55,87.48,67.23,92.34,0.85,76.95,1,2,0,184.0
Chennai,2019-03-01,184,101.2,198.72,152.72,209.76,1.93,174.8,1,3,0,203.0
Chennai,2019-04-01,203,111.65,219.24,168.49,231.42,2.13,192.85,1,4,0,112.0
Chennai,2019-05-01,112,61.6,120.96,92.96,127.68,1.18,106.4,1,5,0,193.0
Chennai,2019-06-01,193,106.15,208.44,160.19,220.02,2.03,183.35,1,6,1,148.0
Chennai,2019-07-01,148,81.4,159.84,122.84,168.72,1.55,140.6,1,7,0,81.0
Chennai,2019-08-01,81,44.55,87.48,67.23,92.34,0.85,76.95,1,8,0,212.0
Chennai,2019-09-01,212,116.6,228.96,175.96,241.68,2.23,201.4,1,9,1,172.0
Chennai,2019-10-01,172,94.6,185.76,142.76,196.08,1.81,163.4,1,10,0,178.0
Chennai,2019-11-01,178,97.9,192.24,147.74,202.92,1.87,169.1,1,11,0,158.0
Chennai,2019-12-01,158,86.9,170.64,131.14,180.12,1.66,150.1,1,12,1,100.0
Chennai,2019-01-02,100,55.0,108.0,83.0,114.0,1.05,95.0,2,1,0,90.0
Chennai,2019-02-02,90,49.5,97.2,74.7,102.6,0.95,85.5,2,2,1,52.0
Chennai,2019-03-02,52,28.6,56.16,43.16,59.28,0.55,49.4,2,3,1,88.0
Chennai,2019-04-02,88,48.4,95.04,73.04,100.32,0.92,83.6,2,4,0,98.0
Chennai,2019-05-02,98,53.9,105.84,81.34,111.72,1.03,93.1,2,5,0,125.0
Chennai,2019-06-02,125,68.75,135.0,103.75,142.5,1.31,118.75,2,6,1,115.0
Chennai,2019-07-02,115,63.25,124.2,95.45,131.1,1.21,109.25,2,7,0,67.0
Chennai,2019-08-02,67,36.85,72.36,55.61,76.38,0.7,63.65,2,8,0,53.0
Chennai,2019-09-02,53,29.15,57.24,43.99,60.42,0.56,50.35,2,9,0,48.0
Chennai,2019-10-02,48,26.4,51.84,39.84,54.72,0.5,45.6,2,10,0,58.0
Chennai,2019-11-02,58,31.9,62.64,48.14,66.12,0.61,55.1,2,11,1,68.0
Chennai,2019-12-02,68,37.4,73.44,56.44,77.52,0.71,64.6,2,12,0,68.0
Chennai,2019-01-03,68,37.4,73.44,56.44,77.52,0.71,64.6,3,1,0,165.0
Chennai,2019-02-03,165,90.75,178.2,136.95,188.1,1.73,156.75,3,2,1,74.0
Chennai,2019-03-03,74,40.7,79.92,61.42,84.36,0.78,70.3,3,3,1,76.0
Chennai,2019-04-03,76,41.8,82.08,63.08,86.64,0.8,72.2,3,4,0,89.0
Chennai,2019-05-03,89,48.95,96.12,73.87,101.46,0.93,84.55,3,5,0,103.0
Chennai,2019-06-03,103,56.65,111.24,85.49,117.42,1.08,97.85,3,6,0,86.0
Chennai,2019-07-03,86,47.3,92.88,71.38,98.04,0.9,81.7,3,7,0,73.0
Chennai,2019-08-03,73,40.15,78.84,60.59,83.22,0.77,69.35,3,8,1,78.0
Chennai,2019-09-03,78,42.9,84.24,64.74,88.92,0.82,74.1,3,9,0,68.0
Chennai,2019-10-03,68,37.4,73.44,56.44,77.52,0.71,64.6,3,10,0,60.0
Chennai,2019-11-03,60,33.0,64.8,49.8,68.4,0.63,57.0,3,11,1,82.0
Chennai,2019-12-03,82,45.1,88.56,68.06,93.48,0.86,77.9,3,12,0,119.0
Chennai,2019-01-04,119,65.45,128.52,98.77,135.66,1.25,113.05,4,1,0,94.0
Chennai,2019-02-04,94,51.7,101.52,78.02,107.16,0.99,89.3,4,2,0,116.0
Chennai,2019-03-04,116,63.8,125.28,96.28,132.24,1.22,110.2,4,3,0,62.0
Chennai,2019-04-04,62,34.1,66.96,51.46,70.68,0.65,58.9,4,4,0,79.0
Chennai,2019-05-04,79,43.45,85.32,65.57,90.06,0.83,75.05,4,5,1,77.0
Chennai,2019-06-04,77,42.35,83.16,63.91,87.78,0.81,73.15,4,6,0,71.0
Chennai,2019-07-04,71,39.05,76.68,58.93,80.94,0.75,67.45,4,7,0,76.0
Chennai,2019-08-04,76,41.8,82.08,63.08,86.64,0.8,72.2,4,8,1,96.0
Chennai,2019-09-04,96,52.8,103.68,79.68,109.44,1.01,91.2,4,9,0,70.0
Chennai,2019-10-04,70,38.5,75.6,58.1,79.8,0.74,66.5,4,10,0,118.0
Chennai,2019-11-04,118,64.9,127.44,97.94,134.52,1.24,112.1,4,11,0,67.0
Chennai,2019-12-04,67,36.85,72.36,55.61,76.38,0.7,63.65,4,12,0,72.0
Chennai,2019-01-05,72,39.6,77.76,59.76,82.08,0.76,68.4,5,1,1,66.0
Chennai,2019-02-05,66,36.3,71.28,54.78,75.24,0.69,62.7,5,2,0,65.0
Chennai,2019-03-05,65,35.75,70.2,53.95,74.1,0.68,61.75,5,3,0,68.0
Chennai,2019-04-05,68,37.4,73.44,56.44,77.52,0.71,64.6,5,4,0,70.0
Chennai,2019-05-05,70,38.5,75.6,58.1,79.8,0.74,66.5,5,5,1,66.0
Chennai,2019-06-05,66,36.3,71.28,54.78,75.24,0.69,62.7,5,6,0,73.0
Chennai,2019-07-05,73,40.15,78.84,60.59,83.22,0.77,69.35,5,7,0,67.0
Chennai,2019-08-05,67,36.85,72.36,55.61,76.38,0.7,63.65,5,8,0,66.0
Chennai,2019-09-05,66,36.3,71.28,54.78,75.24,0.69,62.7,5,9,0,62.0
Chennai,2019-10-05,62,34.1,66.96,51.46,70.68,0.65,58.9,5,10,1,134.0
Chennai,2019-11-05,134,73.7,144.72,111.22,152.76,1.41,127.3,5,11,0,130.0
Chennai,2019-12-05,130,71.5,140.4,107.9,148.2,1.37,123.5,5,12,0,165.0
Chennai,2019-01-06,165,90.75,178.2,136.95,188.1,1.73,156.75,6,1,1,158.0
Chennai,2019-02-06,158,86.9,170.64,131.14,180.12,1.66,150.1,6,2,0,121.0
Chennai,2019-03-06,121,66.55,130.68,100.43,137.94,1.27,114.95,6,3,0,140.0
Chennai,2019-04-06,140,77.0,151.2,116.2,159.6,1.47,133.0,6,4,1,136.0
Chennai,2019-05-06,136,74.8,146.88,112.88,155.04,1.43,129.2,6,5,0,106.0
Chennai,2019-06-06,106,58.3,114.48,87.98,120.84,1.11,100.7,6,6,0,75.0
Chennai,2019-07-06,75,41.25,81.0,62.25,85.5,0.79,71.25,6,7,1,57.0
Chennai,2019-08-06,57,31.35,61.56,47.31,64.98,0.6,54.15,6,8,0,86.0
Chennai,2019-09-06,86,47.3,92.88,71.38,98.04,0.9,81.7,6,9,0,100.0
Chennai,2019-10-06,100,55.0,108.0,83.0,114.0,1.05,95.0,6,10,1,70.0
Chennai,2019-11-06,70,38.5,75.6,58.1,79.8,0.74,66.5,6,11,0,86.0
Chennai,2019-12-06,86,47.3,92.88,71.38,98.04,0.9,81.7,6,12,0,50.0
Chennai,2019-01-07,50,27.5,54.0,41.5,57.0,0.53,47.5,7,1,0,56.0
Chennai,2019-02-07,56,30.8,60.48,46.48,63.84,0.59,53.2,7,2,0,144.0
Chennai,2019-03-07,144,79.2,155.52,119.52,164.16,1.51,136.8,7,3,0,87.0
Chennai,2019-04-07,87,47.85,93.96,72.21,99.18,0.91,82.65,7,4,1,133.0
Chennai,2019-05-07,133,73.15,143.64,110.39,151.62,1.4,126.35,7,5,0,48.0
Chennai,2019-06-07,48,26.4,51.84,39.84,54.72,0.5,45.6,7,6,0,61.0
Chennai,2019-07-07,61,33.55,65.88,50.63,69.54,0.64,57.95,7,7,1,97.0
Chennai,2019-08-07,97,53.35,104.76,80.51,110.58,1.02,92.15,7,8,0,92.0
Chennai,2019-09-07,92,50.6,99.36,76.36,104.88,0.97,87.4,7,9,1,65.0
Chennai,2019-10-07,65,35.75,70.2,53.95,74.1,0.68,61.75,7,10,0,66.0
Chennai,2019-11-07,66,36.3,71.28,54.78,75.24,0.69,62.7,7,11,0,65.0
Chennai,2019-12-07,65,35.75,70.2,53.95,74.1,0.68,61.75,7,12,1,97.0
Chennai,2019-01-08,97,53.35,104.76,80.51,110.58,1.02,92.15,8,1,0,86.0
Chennai,2019-02-08,86,47.3,92.88,71.38,98.04,0.9,81.7,8,2,0,84.0
Chennai,2019-03-08,84,46.2,90.72,69.72,95.76,0.88,79.8,8,3,0,91.0
Chennai,2019-04-08,91,50.05,98.28,75.53,103.74,0.96,86.45,8,4,0,77.0
Chennai,2019-05-08,77,42.35,83.16,63.91,87.78,0.81,73.15,8,5,0,89.0
Chennai,2019-06-08,89,48.95,96.12,73.87,101.46,0.93,84.55,8,6,1,61.0
Chennai,2019-07-08,61,33.55,65.88,50.63,69.54,0.64,57.95,8,7,0,107.0
Chennai,2019-08-08,107,58.85,115.56,88.81,121.98,1.12,101.65,8,8,0,59.0
Chennai,2019-09-08,59,32.45,63.72,48.97,67.26,0.62,56.05,8,9,1,65.0
Chennai,2019-10-08,65,35.75,70.2,53.95,74.1,0.68,61.75,8,10,0,35.0
Chennai,2019-11-08,35,19.25,37.8,29.05,39.9,0.37,33.25,8,11,0,48.0
Chennai,2019-12-08,48,26.4,51.84,39.84,54.72,0.5,45.6,8,12,1,77.0
Chennai,2019-01-09,77,42.35,83.16,63.91,87.78,0.81,73.15,9,1,0,76.0
Chennai,2019-02-09,76,41.8,82.08,63.08,86.64,0.8,72.2,9,2,1,74.0
Chennai,2019-03-09,74,40.7,79.92,61.42,84.36,0.78,70.3,9,3,1,94.0
Chennai,2019-04-09,94,51.7,101.52,78.02,107.16,0.99,89.3,9,4,0,53.0
Chennai,2019-05-09,53,29.15,57.24,43.99,60.42,0.56,50.35,9,5,0,58.0
Chennai,2019-06-09,58,31.9,62.64,48.14,66.12,0.61,55.1,9,6,1,77.0
Chennai,2019-07-09,77,42.35,83.16,63.91,87.78,0.81,73.15,9,7,0,61.0
Chennai,2019-08-09,61,33.55,65.88,50.63,69.54,0.64,57.95,9,8,0,75.0
Chennai,2019-09-09,75,41.25,81.0,62.25,85.5,0.79,71.25,9,9,0,108.0
Chennai,2019-10-09,108,59.4,116.64,89.64,123.12,1.13,102.6,9,10,0,105.0
Chennai,2019-11-09,105,57.75,113.4,87.15,119.7,1.1,99.75,9,11,1,88.0
Chennai,2019-12-09,88,48.4,95.04,73.04,100.32,0.92,83.6,9,12,0,86.0
Chennai,2019-01-10,86,47.3,92.88,71.38,98.04,0.9,81.7,10,1,0,99.0
Chennai,2019-02-10,99,54.45,106.92,82.17,112.86,1.04,94.05,10,2,1,84.0
Chennai,2019-03-10,84,46.2,90.72,69.72,95.76,0.88,79.8,10,3,1,71.0
Chennai,2019-04-10,71,39.05,76.68,58.93,80.94,0.75,67.45,10,4,0,80.0
Chennai,2019-05-10,80,44.0,86.4,66.4,91.2,0.84,76.0,10,5,0,88.0
Chennai,2019-06-10,88,48.4,95.04,73.04,100.32,0.92,83.6,10,6,0,50.0
Chennai,2019-07-10,50,27.5,54.0,41.5,57.0,0.53,47.5,10,7,0,80.0
Chennai,2019-08-10,80,44.0,86.4,66.4,91.2,0.84,76.0,10,8,1,85.0
Chennai,2019-09-10,85,46.75,91.8,70.55,96.9,0.89,80.75,10,9,0,84.0
Chennai,2019-10-10,84,46.2,90.72,69.72,95.76,0.88,79.8,10,10,0,69.0
Chennai,2019-11-10,69,37.95,74.52,57.27,78.66,0.72,65.55,10,11,1,73.0
Chennai,2019-12-10,73,40.15,78.84,60.59,83.22,0.77,69.35,10,12,0,100.0
Chennai,2019-01-11,100,55.0,108.0,83.0,114.0,1.05,95.0,11,1,0,56.0
Chennai,2019-02-11,56,30.8,60.48,46.48,63.84,0.59,53.2,11,2,0,107.0
Chennai,2019-03-11,107,58.85,115.56,88.81,121.98,1.12,101.65,11,3,0,262.0
Chennai,2019-04-11,262,144.1,282.96,217.46,298.68,2.75,248.9,11,4,0,237.0
Chennai,2019-05-11,237,130.35,255.96,196.71,270.18,2.49,225.15,11,5,1,224.0
Chennai,2019-06-11,224,123.2,241.92,185.92,255.36,2.35,212.8,11,6,0,272.0
Chennai,2019-07-11,272,149.6,293.76,225.76,310.08,2.86,258.4,11,7,0,288.0
Chennai,2019-08-11,288,158.4,311.04,239.04,328.32,3.02,273.6,11,8,1,218.0
Chennai,2019-09-11,218,119.9,235.44,180.94,248.52,2.29,207.1,11,9,0,234.0
Chennai,2019-10-11,234,128.7,252.72,194.22,266.76,2.46,222.3,11,10,0,184.0
Chennai,2019-11-11,184,101.2,198.72,152.72,209.76,1.93,174.8,11,11,0,65.0
Chennai,2019-12-11,65,35.75,70.2,53.95,74.1,0.68,61.75,11,12,0,45.0
Chennai,2019-01-12,45,24.75,48.6,37.35,51.3,0.47,42.75,12,1,1,36.0
Chennai,2019-02-12,36,19.8,38.88,29.88,41.04,0.38,34.2,12,2,0,58.0
Chennai,2019-03-12,58,31.9,62.64,48.14,66.12,0.61,55.1,12,3,0,71.0
Chennai,2019-04-12,71,39.05,76.68,58.93,80.94,0.75,67.45,12,4,0,109.0
Chennai,2019-05-12,109,59.95,117.72,90.47,124.26,1.14,103.55,12,5,1,96.0
Chennai,2019-06-12,96,52.8,103.68,79.68,109.44,1.01,91.2,12,6,0,74.0
Chennai,2019-07-12,74,40.7,79.92,61.42,84.36,0.78,70.3,12,7,0,72.0
Chennai,2019-08-12,72,39.6,77.76,59.76,82.08,0.76,68.4,12,8,0,54.0
Chennai,2019-09-12,54,29.7,58.32,44.82,61.56,0.57,51.3,12,9,0,56.0
Chennai,2019-10-12,56,30.8,60.48,46.48,63.84,0.59,53.2,12,10,1,69.0
Chennai,2019-11-12,69,37.95,74.52,57.27,78.66,0.72,65.55,12,11,0,52.0
Chennai,2019-12-12,52,28.6,56.16,43.16,59.28,0.55,49.4,12,12,0,64.0
Chennai,2020-01-01,64,35.2,69.12,53.12,72.96,0.67,60.8,1,1,0,57.0
Chennai,2020-02-01,57,31.35,61.56,47.31,64.98,0.6,54.15,1,2,1,69.0
Chennai,2020-03-01,69,37.95,74.52,57.27,78.66,0.72,65.55,1,3,1,47.0
Chennai,2020-04-01,47,25.85,50.76,39.01,53.58,0.49,44.65,1,4,0,60.0
Chennai,2020-05-01,60,33.0,64.8,49.8,68.4,0.63,57.0,1,5,0,52.0
Chennai,2020-06-01,52,28.6,56.16,43.16,59.28,0.55,49.4,1,6,0,47.0
Chennai,2020-07-01,47,25.85,50.76,39.01,53.58,0.49,44.65,1,7,0,78.0
Chennai,2020-08-01,78,42.9,84.24,64.74,88.92,0.82,74.1,1,8,1,77.0
Chennai,2020-09-01,77,42.35,83.16,63.91,87.78,0.81,73.15,1,9,0,73.0
Chennai,2020-10-01,73,40.15,78.84,60.59,83.22,0.77,69.35,1,10,0,70.0
Chennai,2020-11-01,70,38.5,75.6,58.1,79.8,0.74,66.5,1,11,1,89.0
Chennai,2020-12-01,89,48.95,96.12,73.87,101.46,0.93,84.55,1,12,0,61.0
Chennai,2020-01-02,61,33.55,65.88,50.63,69.54,0.64,57.95,2,1,0,50.0
Chennai,2020-02-02,50,27.5,54.0,41.5,57.0,0.53,47.5,2,2,1,76.0
Chennai,2020-03-02,76,41.8,82.08,63.08,86.64,0.8,72.2,2,3,0,76.0
Chennai,2020-04-02,76,41.8,82.08,63.08,86.64,0.8,72.2,2,4,0,85.0
Chennai,2020-05-02,85,46.75,91.8,70.55,96.9,0.89,80.75,2,5,1,86.0
Chennai,2020-06-02,86,47.3,92.88,71.38,98.04,0.9,81.7,2,6,0,71.0
Chennai,2020-07-02,71,39.05,76.68,58.93,80.94,0.75,67.45,2,7,0,54.0
Chennai,2020-08-02,54,29.7,58.32,44.82,61.56,0.57,51.3,2,8,1,60.0
Chennai,2020-09-02,60,33.0,64.8,49.8,68.4,0.63,57.0,2,9,0,58.0
Chennai,2020-10-02,58,31.9,62.64,48.14,66.12,0.61,55.1,2,10,0,64.0
Chennai,2020-11-02,64,35.2,69.12,53.12,72.96,0.67,60.8,2,11,0,70.0
Chennai,2020-12-02,70,38.5,75.6,58.1,79.8,0.74,66.5,2,12,0,66.0
Chennai,2020-01-03,66,36.3,71.28,54.78,75.24,0.69,62.7,3,1,0,89.0
Chennai,2020-02-03,89,48.95,96.12,73.87,101.46,0.93,84.55,3,2,0,97.0
Chennai,2020-03-03,97,53.35,104.76,80.51,110.58,1.02,92.15,3,3,0,79.0
Chennai,2020-04-03,79,43.45,85.32,65.57,90.06,0.83,75.05,3,4,0,68.0
Chennai,2020-05-03,68,37.4,73.44,56.44,77.52,0.71,64.6,3,5,1,52.0
Chennai,2020-06-03,52,28.6,56.16,43.16,59.28,0.55,49.4,3,6,0,63.0
Chennai,2020-07-03,63,34.65,68.04,52.29,71.82,0.66,59.85,3,7,0,45.0
Chennai,2020-08-03,45,24.75,48.6,37.35,51.3,0.47,42.75,3,8,0,58.0
Chennai,2020-09-03,58,31.9,62.64,48.14,66.12,0.61,55.1,3,9,0,38.0
Chennai,2020-10-03,38,20.9,41.04,31.54,43.32,0.4,36.1,3,10,1,54.0
Chennai,2020-11-03,54,29.7,58.32,44.82,61.56,0.57,51.3,3,11,0,53.0
Chennai,2020-12-03,53,29.15,57.24,43.99,60.42,0.56,50.35,3,12,0,61.0
Chennai,2020-01-04,61,33.55,65.88,50.63,69.54,0.64,57.95,4,1,1,62.0
Chennai,2020-02-04,62,34.1,66.96,51.46,70.68,0.65,58.9,4,2,0,56.0
Chennai,2020-03-04,56,30.8,60.48,46.48,63.84,0.59,53.2,4,3,0,55.0
Chennai,2020-04-04,55,30.25,59.4,45.65,62.7,0.58,52.25,4,4,1,55.0
Chennai,2020-05-04,55,30.25,59.4,45.65,62.7,0.58,52.25,4,5,0,46.0
Chennai,2020-06-04,46,25.3,49.68,38.18,52.44,0.48,43.7,4,6,0,40.0
Chennai,2020-07-04,40,22.0,43.2,33.2,45.6,0.42,38.0,4,7,1,44.0
Chennai,2020-08-04,44,24.2,47.52,36.52,50.16,0.46,41.8,4,8,0,42.0
Chennai,2020-09-04,42,23.1,45.36,34.86,47.88,0.44,39.9,4,9,0,62.0
Chennai,2020-10-04,62,34.1,66.96,51.46,70.68,0.65,58.9,4,10,1,43.0
Chennai,2020-11-04,43,23.65,46.44,35.69,49.02,0.45,40.85,4,11,0,44.0
Chennai,2020-12-04,44,24.2,47.52,36.52,50.16,0.46,41.8,4,12,0,60.0
Chennai,2020-01-05,60,33.0,64.8,49.8,68.4,0.63,57.0,5,1,1,51.0
Chennai,2020-02-05,51,28.05,55.08,42.33,58.14,0.54,48.45,5,2,0,51.0
Chennai,2020-03-05,51,28.05,55.08,42.33,58.14,0.54,48.45,5,3,0,45.0
Chennai,2020-04-05,45,24.75,48.6,37.35,51.3,0.47,42.75,5,4,1,52.0
Chennai,2020-05-05,52,28.6,56.16,43.16,59.28,0.55,49.4,5,5,0,51.0
Chennai,2020-06-05,51,28.05,55.08,42.33,58.14,0.54,48.45,5,6,0,51.0
Chennai,2020-07-05,51,28.05,55.08,42.33,58.14,0.54,48.45,5,7,1,51.0
Chennai,2020-08-05,51,28.05,55.08,42.33,58.14,0.54,48.45,5,8,0,48.0
Chennai,2020-09-05,48,26.4,51.84,39.84,54.72,0.5,45.6,5,9,1,54.0
Chennai,2020-10-05,54,29.7,58.32,44.82,61.56,0.57,51.3,5,10,0,45.0
Chennai,2020-11-05,45,24.75,48.6,37.35,51.3,0.47,42.75,5,11,0,48.0
Chennai,2020-12-05,48,26.4,51.84,39.84,54.72,0.5,45.6,5,12,1,92.0
Chennai,2020-01-06,92,50.6,99.36,76.36,104.88,0.97,87.4,6,1,0,77.0
Chennai,2020-02-06,77,42.35,83.16,63.91,87.78,0.81,73.15,6,2,0,66.0
Chennai,2020-03-06,66,36.3,71.28,54.78,75.24,0.69,62.7,6,3,0,67.0
Chennai,2020-04-06,67,36.85,72.36,55.61,76.38,0.7,63.65,6,4,0,69.0
Chennai,2020-05-06,69,37.95,74.52,57.27,78.66,0.72,65.55,6,5,0,71.0
Chennai,2020-06-06,71,39.05,76.68,58.93,80.94,0.75,67.45,6,6,1,88.0
Chennai,2020-07-06,88,48.4,95.04,73.04,100.32,0.92,83.6,6,7,0,68.0
Chennai,2020-08-06,68,37.4,73.44,56.44,77.52,0.71,64.6,6,8,0,70.0
Chennai,2020-09-06,70,38.5,75.6,58.1,79.8,0.74,66.5,6,9,1,70.0
Chennai,2020-10-06,70,38.5,75.6,58.1,79.8,0.74,66.5,6,10,0,78.0
Chennai,2020-11-06,78,42.9,84.24,64.74,88.92,0.82,74.1,6,11,0,112.0
Chennai,2020-12-06,112,61.6,120.96,92.96,127.68,1.18,106.4,6,12,1,75.0
Chennai,2020-01-07,75,41.25,81.0,62.25,85.5,0.79,71.25,7,1,0,76.0
Chennai,2020-02-07,76,41.8,82.08,63.08,86.64,0.8,72.2,7,2,0,132.0
Chennai,2020-03-07,132,72.6,142.56,109.56,150.48,1.39,125.4,7,3,1,117.0
Chennai,2020-04-07,117,64.35,126.36,97.11,133.38,1.23,111.15,7,4,0,85.0
Chennai,2020-05-07,85,46.75,91.8,70.55,96.9,0.89,80.75,7,5,0,109.0
Chennai,2020-06-07,109,59.95,117.72,90.47,124.26,1.14,103.55,7,6,1,76.0
Chennai,2020-07-07,76,41.8,82.08,63.08,86.64,0.8,72.2,7,7,0,60.0
Chennai,2020-08-07,60,33.0,64.8,49.8,68.4,0.63,57.0,7,8,0,60.0
Chennai,2020-09-07,60,33.0,64.8,49.8,68.4,0.63,57.0,7,9,0,64.0
Chennai,2020-10-07,64,35.2,69.12,53.12,72.96,0.67,60.8,7,10,0,61.0
Chennai,2020-11-07,61,33.55,65.88,50.63,69.54,0.64,57.95,7,11,1,65.0
Chennai,2020-12-07,65,35.75,70.2,53.95,74.1,0.68,61.75,7,12,0,61.0
Chennai,2020-01-08,61,33.55,65.88,50.63,69.54,0.64,57.95,8,1,0,58.0
Chennai,2020-02-08,58,31.9,62.64,48.14,66.12,0.61,55.1,8,2,1,55.0
Chennai,2020-03-08,55,30.25,59.4,45.65,62.7,0.58,52.25,8,3,1,76.0
Chennai,2020-04-08,76,41.8,82.08,63.08,86.64,0.8,72.2,8,4,0,48.0
Chennai,2020-05-08,48,26.4,51.84,39.84,54.72,0.5,45.6,8,5,0,54.0
Chennai,2020-06-08,54,29.7,58.32,44.82,61.56,0.57,51.3,8,6,0,71.0
Chennai,2020-07-08,71,39.05,76.68,58.93,80.94,0.75,67.45,8,7,0,70.0
Chennai,2020-08-08,70,38.5,75.6,58.1,79.8,0.74,66.5,8,8,1,56.0
Chennai,2020-09-08,56,30.8,60.48,46.48,63.84,0.59,53.2,8,9,0,59.0
Chennai,2020-10-08,59,32.45,63.72,48.97,67.26,0.62,56.05,8,10,0,56.0
Chennai,2020-11-08,56,30.8,60.48,46.48,63.84,0.59,53.2,8,11,1,65.0
Chennai,2020-12-08,65,35.75,70.2,53.95,74.1,0.68,61.75,8,12,0,69.0
Chennai,2020-01-09,69,37.95,74.52,57.27,78.66,0.72,65.55,9,1,0,73.0
Chennai,2020-02-09,73,40.15,78.84,60.59,83.22,0.77,69.35,9,2,1,71.0
Chennai,2020-03-09,71,39.05,76.68,58.93,80.94,0.75,67.45,9,3,0,62.0
Chennai,2020-04-09,62,34.1,66.96,51.46,70.68,0.65,58.9,9,4,0,58.0
Chennai,2020-05-09,58,31.9,62.64,48.14,66.12,0.61,55.1,9,5,1,66.0
Chennai,2020-06-09,66,36.3,71.28,54.78,75.24,0.69,62.7,9,6,0,62.0
Chennai,2020-07-09,62,34.1,66.96,51.46,70.68,0.65,58.9,9,7,0,52.0
Chennai,2020-08-09,52,28.6,56.16,43.16,59.28,0.55,49.4,9,8,1,85.0
Chennai,2020-09-09,85,46.75,91.8,70.55,96.9,0.89,80.75,9,9,0,50.0
Chennai,2020-10-09,50,27.5,54.0,41.5,57.0,0.53,47.5,9,10,0,73.0
Chennai,2020-11-09,73,40.15,78.84,60.59,83.22,0.77,69.35,9,11,0,64.0
Chennai,2020-12-09,64,35.2,69.12,53.12,72.96,0.67,60.8,9,12,0,50.0
Chennai,2020-01-10,50,27.5,54.0,41.5,57.0,0.53,47.5,10,1,0,50.0
Chennai,2020-02-10,50,27.5,54.0,41.5,57.0,0.53,47.5,10,2,0,46.0
Chennai,2020-03-10,46,25.3,49.68,38.18,52.44,0.48,43.7,10,3,0,47.0
Chennai,2020-04-10,47,25.85,50.76,39.01,53.58,0.49,44.65,10,4,0,45.0
Chennai,2020-05-10,45,24.75,48.6,37.35,51.3,0.47,42.75,10,5,1,66.0
Chennai,2020-06-10,66,36.3,71.28,54.78,75.24,0.69,62.7,10,6,0,58.0
Chennai,2020-07-10,58,31.9,62.64,48.14,66.12,0.61,55.1,10,7,0,56.0
Chennai,2020-08-10,56,30.8,60.48,46.48,63.84,0.59,53.2,10,8,0,64.0
Chennai,2020-09-10,64,35.2,69.12,53.12,72.96,0.67,60.8,10,9,0,55.0
Chennai,2020-10-10,55,30.25,59.4,45.65,62.7,0.58,52.25,10,10,1,55.0
Chennai,2020-11-10,55,30.25,59.4,45.65,62.7,0.58,52.25,10,11,0,55.0
Chennai,2020-12-10,55,30.25,59.4,45.65,62.7,0.58,52.25,10,12,0,117.0
Chennai,2020-01-11,117,64.35,126.36,97.11,133.38,1.23,111.15,11,1,1,87.0
Chennai,2020-02-11,87,47.85,93.96,72.21,99.18,0.91,82.65,11,2,0,148.0
Chennai,2020-03-11,148,81.4,159.84,122.84,168.72,1.55,140.6,11,3,0,90.0
Chennai,2020-04-11,90,49.5,97.2,74.7,102.6,0.95,85.5,11,4,1,59.0
Chennai,2020-05-11,59,32.45,63.72,48.97,67.26,0.62,56.05,11,5,0,48.0
Chennai,2020-06-11,48,26.4,51.84,39.84,54.72,0.5,45.6,11,6,0,55.0
Chennai,2020-07-11,55,30.25,59.4,45.65,62.7,0.58,52.25,11,7,1,85.0
Chennai,2020-08-11,85,46.75,91.8,70.55,96.9,0.89,80.75,11,8,0,113.0
Chennai,2020-09-11,113,62.15,122.04,93.79,128.82,1.19,107.35,11,9,0,116.0
Chennai,2020-10-11,116,63.8,125.28,96.28,132.24,1.22,110.2,11,10,1,103.0
Chennai,2020-11-11,103,56.65,111.24,85.49,117.42,1.08,97.85,11,11,0,69.0
Chennai,2020-12-11,69,37.95,74.52,57.27,78.66,0.72,65.55,11,12,0,60.0
Chennai,2020-01-12,60,33.0,64.8,49.8,68.4,0.63,57.0,12,1,1,66.0
Chennai,2020-02-12,66,36.3,71.28,54.78,75.24,0.69,62.7,12,2,0,42.0
Chennai,2020-03-12,42,23.1,45.36,34.86,47.88,0.44,39.9,12,3,0,30.0
Chennai,2020-04-12,30,16.5,32.4,24.9,34.2,0.32,28.5,12,4,1,32.0
Chennai,2020-05-12,32,17.6,34.56,26.56,36.48,0.34,30.4,12,5,0,28.0
Chennai,2020-06-12,28,15.4,30.24,23.24,31.92,0.29,26.6,12,6,0,30.0
Chennai,2020-07-12,30,16.5,32.4,24.9,34.2,0.32,28.5,12,7,1,36.0
Chennai,2020-08-12,36,19.8,38.88,29.88,41.04,0.38,34.2,12,8,0,50.0
Chennai,2020-09-12,50,27.5,54.0,41.5,57.0,0.53,47.5,12,9,1,69.0
Chennai,2020-10-12,69,37.95,74.52,57.27,78.66,0.72,65.55,12,10,0,94.0
Chennai,2020-11-12,94,51.7,101.52,78.02,107.16,0.99,89.3,12,11,0,105.0
Chennai,2020-12-12,105,57.75,113.4,87.15,119.7,1.1,99.75,12,12,1,85.0
Chennai,2021-01-01,85,46.75,91.8,70.55,96.9,0.89,80.75,1,1,0,74.0
Chennai,2021-02-01,74,40.7,79.92,61.42,84.36,0.78,70.3,1,2,0,63.0
Chennai,2021-03-01,63,34.65,68.04,52.29,71.82,0.66,59.85,1,3,0,64.0
Chennai,2021-04-01,64,35.2,69.12,53.12,72.96,0.67,60.8,1,4,0,43.0
Chennai,2021-05-01,43,23.65,46.44,35.69,49.02,0.45,40.85,1,5,1,38.0
Chennai,2021-06-01,38,20.9,41.04,31.54,43.32,0.4,36.1,1,6,0,44.0
Chennai,2021-07-01,44,24.2,47.52,36.52,50.16,0.46,41.8,1,7,0,41.0
Chennai,2021-08-01,41,22.55,44.28,34.03,46.74,0.43,38.95,1,8,1,86.0
Chennai,2021-09-01,86,47.3,92.88,71.38,98.04,0.9,81.7,1,9,0,94.0
Chennai,2021-10-01,94,51.7,101.52,78.02,107.16,0.99,89.3,1,10,0,92.0
Chennai,2021-11-01,92,50.6,99.36,76.36,104.88,0.97,87.4,1,11,0,74.0
Chennai,2021-12-01,74,40.7,79.92,61.42,84.36,0.78,70.3,1,12,0,64.0
Chennai,2021-01-02,64,35.2,69.12,53.12,72.96,0.67,60.8,2,1,1,88.0
Chennai,2021-02-02,88,48.4,95.04,73.04,100.32,0.92,83.6,2,2,0,83.0
Chennai,2021-03-02,83,45.65,89.64,68.89,94.62,0.87,78.85,2,3,0,84.0
Chennai,2021-04-02,84,46.2,90.72,69.72,95.76,0.88,79.8,2,4,0,104.0
Chennai,2021-05-02,104,57.2,112.32,86.32,118.56,1.09,98.8,2,5,1,109.0
Chennai,2021-06-02,109,59.95,117.72,90.47,124.26,1.14,103.55,2,6,0,110.0
Chennai,2021-07-02,110,60.5,118.8,91.3,125.4,1.16,104.5,2,7,0,74.0
Chennai,2021-08-02,74,40.7,79.92,61.42,84.36,0.78,70.3,2,8,0,86.0
Chennai,2021-09-02,86,47.3,92.88,71.38,98.04,0.9,81.7,2,9,0,96.0
Chennai,2021-10-02,96,52.8,103.68,79.68,109.44,1.01,91.2,2,10,1,95.0
Chennai,2021-11-02,95,52.25,102.6,78.85,108.3,1.0,90.25,2,11,0,72.0
Chennai,2021-12-02,72,39.6,77.76,59.76,82.08,0.76,68.4,2,12,0,42.0
Chennai,2021-01-03,42,23.1,45.36,34.86,47.88,0.44,39.9,3,1,1,78.0
Chennai,2021-02-03,78,42.9,84.24,64.74,88.92,0.82,74.1,3,2,0,83.0
Chennai,2021-03-03,83,45.65,89.64,68.89,94.62,0.87,78.85,3,3,0,72.0
Chennai,2021-04-03,72,39.6,77.76,59.76,82.08,0.76,68.4,3,4,1,73.0
Chennai,2021-05-03,73,40.15,78.84,60.59,83.22,0.77,69.35,3,5,0,67.0
Chennai,2021-06-03,67,36.85,72.36,55.61,76.38,0.7,63.65,3,6,0,64.0
Chennai,2021-07-03,64,35.2,69.12,53.12,72.96,0.67,60.8,3,7,1,49.0
Chennai,2021-08-03,49,26.95,52.92,40.67,55.86,0.51,46.55,3,8,0,76.0
Chennai,2021-09-03,76,41.8,82.08,63.08,86.64,0.8,72.2,3,9,0,50.0
Chennai,2021-10-03,50,27.5,54.0,41.5,57.0,0.53,47.5,3,10,1,42.0
Chennai,2021-11-03,42,23.1,45.36,34.86,47.88,0.44,39.9,3,11,0,43.0
Chennai,2021-12-03,43,23.65,46.44,35.69,49.02,0.45,40.85,3,12,0,57.0
Chennai,2021-01-04,57,31.35,61.56,47.31,64.98,0.6,54.15,4,1,0,71.0
Chennai,2021-02-04,71,39.05,76.68,58.93,80.94,0.75,67.45,4,2,0,83.0
Chennai,2021-03-04,83,45.65,89.64,68.89,94.62,0.87,78.85,4,3,0,64.0
Chennai,2021-04-04,64,35.2,69.12,53.12,72.96,0.67,60.8,4,4,1,66.0
Chennai,2021-05-04,66,36.3,71.28,54.78,75.24,0.69,62.7,4,5,0,68.0
Chennai,2021-06-04,68,37.4,73.44,56.44,77.52,0.71,64.6,4,6,0,63.0
Chennai,2021-07-04,63,34.65,68.04,52.29,71.82,0.66,59.85,4,7,1,82.0
Chennai,2021-08-04,82,45.1,88.56,68.06,93.48,0.86,77.9,4,8,0,67.0
Chennai,2021-09-04,67,36.85,72.36,55.61,76.38,0.7,63.65,4,9,1,66.0
Chennai,2021-10-04,66,36.3,71.28,54.78,75.24,0.69,62.7,4,10,0,67.0
Chennai,2021-11-04,67,36.85,72.36,55.61,76.38,0.7,63.65,4,11,0,53.0
Chennai,2021-12-04,53,29.15,57.24,43.99,60.42,0.56,50.35,4,12,1,64.0
Chennai,2021-01-05,64,35.2,69.12,53.12,72.96,0.67,60.8,5,1,0,48.0
Chennai,2021-02-05,48,26.4,51.84,39.84,54.72,0.5,45.6,5,2,0,46.0
Chennai,2021-03-05,46,25.3,49.68,38.18,52.44,0.48,43.7,5,3,0,51.0
Chennai,2021-04-05,51,28.05,55.08,42.33,58.14,0.54,48.45,5,4,0,42.0
Chennai,2021-05-05,42,23.1,45.36,34.86,47.88,0.44,39.9,5,5,0,43.0
Chennai,2021-06-05,43,23.65,46.44,35.69,49.02,0.45,40.85,5,6,1,65.0
Chennai,2021-07-05,65,35.75,70.2,53.95,74.1,0.68,61.75,5,7,0,51.0
Chennai,2021-08-05,51,28.05,55.08,42.33,58.14,0.54,48.45,5,8,0,56.0
Chennai,2021-09-05,56,30.8,60.48,46.48,63.84,0.59,53.2,5,9,1,41.0
Chennai,2021-10-05,41,22.55,44.28,34.03,46.74,0.43,38.95,5,10,0,49.0
Chennai,2021-11-05,49,26.95,52.92,40.67,55.86,0.51,46.55,5,11,0,72.0
Chennai,2021-12-05,72,39.6,77.76,59.76,82.08,0.76,68.4,5,12,1,64.0
Chennai,2021-01-06,64,35.2,69.12,53.12,72.96,0.67,60.8,6,1,0,64.0
Chennai,2021-02-06,64,35.2,69.12,53.12,72.96,0.67,60.8,6,2,1,56.0
Chennai,2021-03-06,56,30.8,60.48,46.48,63.84,0.59,53.2,6,3,1,44.0
Chennai,2021-04-06,44,24.2,47.52,36.52,50.16,0.46,41.8,6,4,0,44.0
Chennai,2021-05-06,44,24.2,47.52,36.52,50.16,0.46,41.8,6,5,0,72.0
Chennai,2021-06-06,72,39.6,77.76,59.76,82.08,0.76,68.4,6,6,1,74.0
Chennai,2021-07-06,74,40.7,79.92,61.42,84.36,0.78,70.3,6,7,0,50.0
Chennai,2021-08-06,50,27.5,54.0,41.5,57.0,0.53,47.5,6,8,0,52.0
Chennai,2021-09-06,52,28.6,56.16,43.16,59.28,0.55,49.4,6,9,0,70.0
Chennai,2021-10-06,70,38.5,75.6,58.1,79.8,0.74,66.5,6,10,0,75.0
Chennai,2021-11-06,75,41.25,81.0,62.25,85.5,0.79,71.25,6,11,1,62.0
Chennai,2021-12-06,62,34.1,66.96,51.46,70.68,0.65,58.9,6,12,0,58.0
Chennai,2021-01-07,58,31.9,62.64,48.14,66.12,0.61,55.1,7,1,0,53.0
Chennai,2021-02-07,53,29.15,57.24,43.99,60.42,0.56,50.35,7,2,1,43.0
Chennai,2021-03-07,43,23.65,46.44,35.69,49.02,0.45,40.85,7,3,1,60.0
Chennai,2021-04-07,60,33.0,64.8,49.8,68.4,0.63,57.0,7,4,0,51.0
Chennai,2021-05-07,51,28.05,55.08,42.33,58.14,0.54,48.45,7,5,0,47.0
Chennai,2021-06-07,47,25.85,50.76,39.01,53.58,0.49,44.65,7,6,0,55.0
Chennai,2021-07-07,55,30.25,59.4,45.65,62.7,0.58,52.25,7,7,0,56.0
Chennai,2021-08-07,56,30.8,60.48,46.48,63.84,0.59,53.2,7,8,1,56.0
Chennai,2021-09-07,56,30.8,60.48,46.48,63.84,0.59,53.2,7,9,0,54.0
Chennai,2021-10-07,54,29.7,58.32,44.82,61.56,0.57,51.3,7,10,0,52.0
Chennai,2021-11-07,52,28.6,56.16,43.16,59.28,0.55,49.4,7,11,1,54.0
Chennai,2021-12-07,54,29.7,58.32,44.82,61.56,0.57,51.3,7,12,0,52.0
Chennai,2021-01-08,52,28.6,56.16,43.16,59.28,0.55,49.4,8,1,0,55.0
Chennai,2021-02-08,55,30.25,59.4,45.65,62.7,0.58,52.25,8,2,0,59.0
Chennai,2021-03-08,59,32.45,63.72,48.97,67.26,0.62,56.05,8,3,0,53.0
Chennai,2021-04-08,53,29.15,57.24,43.99,60.42,0.56,50.35,8,4,0,67.0
Chennai,2021-05-08,67,36.85,72.36,55.61,76.38,0.7,63.65,8,5,1,59.0
Chennai,2021-06-08,59,32.45,63.72,48.97,67.26,0.62,56.05,8,6,0,61.0
Chennai,2021-07-08,61,33.55,65.88,50.63,69.54,0.64,57.95,8,7,0,62.0
Chennai,2021-08-08,62,34.1,66.96,51.46,70.68,0.65,58.9,8,8,1,53.0
Chennai,2021-09-08,53,29.15,57.24,43.99,60.42,0.56,50.35,8,9,0,51.0
Chennai,2021-10-08,51,28.05,55.08,42.33,58.14,0.54,48.45,8,10,0,62.0
Chennai,2021-11-08,62,34.1,66.96,51.46,70.68,0.65,58.9,8,11,0,67.0
Chennai,2021-12-08,67,36.85,72.36,55.61,76.38,0.7,63.65,8,12,0,71.0
Chennai,2021-01-09,71,39.05,76.68,58.93,80.94,0.75,67.45,9,1,1,68.0
Chennai,2021-02-09,68,37.4,73.44,56.44,77.52,0.71,64.6,9,2,0,63.0
Chennai,2021-03-09,63,34.65,68.04,52.29,71.82,0.66,59.85,9,3,0,59.0
Chennai,2021-04-09,59,32.45,63.72,48.97,67.26,0.62,56.05,9,4,0,52.0
Chennai,2021-05-09,52,28.6,56.16,43.16,59.28,0.55,49.4,9,5,1,51.0
Chennai,2021-06-09,51,28.05,55.08,42.33,58.14,0.54,48.45,9,6,0,46.0
Chennai,2021-07-09,46,25.3,49.68,38.18,52.44,0.48,43.7,9,7,0,52.0
Chennai,2021-08-09,52,28.6,56.16,43.16,59.28,0.55,49.4,9,8,0,59.0
Chennai,2021-09-09,59,32.45,63.72,48.97,67.26,0.62,56.05,9,9,0,58.0
Chennai,2021-10-09,58,31.9,62.64,48.14,66.12,0.61,55.1,9,10,1,63.0
Chennai,2021-11-09,63,34.65,68.04,52.29,71.82,0.66,59.85,9,11,0,63.0
Chennai,2021-12-09,63,34.65,68.04,52.29,71.82,0.66,59.85,9,12,0,50.0
Chennai,2021-01-10,50,27.5,54.0,41.5,57.0,0.53,47.5,10,1,1,41.0
Chennai,2021-02-10,41,22.55,44.28,34.03,46.74,0.43,38.95,10,2,0,33.0
Chennai,2021-03-10,33,18.15,35.64,27.39,37.62,0.35,31.35,10,3,0,41.0
Chennai,2021-04-10,41,22.55,44.28,34.03,46.74,0.43,38.95,10,4,1,45.0
Chennai,2021-05-10,45,24.75,48.6,37.35,51.3,0.47,42.75,10,5,0,45.0
Chennai,2021-06-10,45,24.75,48.6,37.35,51.3,0.47,42.75,10,6,0,51.0
Chennai,2021-07-10,51,28.05,55.08,42.33,58.14,0.54,48.45,10,7,1,55.0
Chennai,2021-08-10,55,30.25,59.4,45.65,62.7,0.58,52.25,10,8,0,59.0
Chennai,2021-09-10,59,32.45,63.72,48.97,67.26,0.62,56.05,10,9,0,55.0
Chennai,2021-10-10,55,30.25,59.4,45.65,62.7,0.58,52.25,10,10,1,62.0
Chennai,2021-11-10,62,34.1,66.96,51.46,70.68,0.65,58.9,10,11,0,63.0
Chennai,2021-12-10,63,34.65,68.04,52.29,71.82,0.66,59.85,10,12,0,48.0
Chennai,2021-01-11,48,26.4,51.84,39.84,54.72,0.5,45.6,11,1,0,41.0
Chennai,2021-02-11,41,22.55,44.28,34.03,46.74,0.43,38.95,11,2,0,48.0
Chennai,2021-03-11,48,26.4,51.84,39.84,54.72,0.5,45.6,11,3,0,89.0
Chennai,2021-04-11,89,48.95,96.12,73.87,101.46,0.93,84.55,11,4,1,150.0
Chennai,2021-05-11,150,82.5,162.0,124.5,171.0,1.58,142.5,11,5,0,52.0
Chennai,2021-06-11,52,28.6,56.16,43.16,59.28,0.55,49.4,11,6,0,49.0
Chennai,2021-07-11,49,26.95,52.92,40.67,55.86,0.51,46.55,11,7,1,93.0
Chennai,2021-08-11,93,51.15,100.44,77.19,106.02,0.98,88.35,11,8,0,92.0
Chennai,2021-09-11,92,50.6,99.36,76.36,104.88,0.97,87.4,11,9,1,90.0
Chennai,2021-10-11,90,49.5,97.2,74.7,102.6,0.95,85.5,11,10,0,60.0
Chennai,2021-11-11,60,33.0,64.8,49.8,68.4,0.63,57.0,11,11,0,64.0
Chennai,2021-12-11,64,35.2,69.12,53.12,72.96,0.67,60.8,11,12,1,59.0
Chennai,2021-01-12,59,32.45,63.72,48.97,67.26,0.62,56.05,12,1,0,68.0
Chennai,2021-02-12,68,37.4,73.44,56.44,77.52,0.71,64.6,12,2,0,81.0
Chennai,2021-03-12,81,44.55,87.48,67.23,92.34,0.85,76.95,12,3,0,90.0
Chennai,2021-04-12,90,49.5,97.2,74.7,102.6,0.95,85.5,12,4,0,120.0
Chennai,2021-05-12,120,66.0,129.6,99.6,136.8,1.26,114.0,12,5,0,100.0
Chennai,2021-06-12,100,55.0,108.0,83.0,114.0,1.05,95.0,12,6,1,95.0
Chennai,2021-07-12,95,52.25,102.6,78.85,108.3,1.0,90.25,12,7,0,59.0
Chennai,2021-08-12,59,32.45,63.72,48.97,67.26,0.62,56.05,12,8,0,36.0
Chennai,2021-09-12,36,19.8,38.88,29.88,41.04,0.38,34.2,12,9,1,48.0
Chennai,2021-10-12,48,26.4,51.84,39.84,54.72,0.5,45.6,12,10,0,39.0
Chennai,2021-11-12,39,21.45,42.12,32.37,44.46,0.41,37.05,12,11,0,39.0
Chennai,2021-12-12,39,21.45,42.12,32.37,44.46,0.41,37.05,12,12,1,60.0
Chennai,2022-01-01,60,33.0,64.8,49.8,68.4,0.63,57.0,1,1,1,49.0
Chennai,2022-02-01,49,26.95,52.92,40.67,55.86,0.51,46.55,1,2,0,68.0
Chennai,2022-03-01,68,37.4,73.44,56.44,77.52,0.71,64.6,1,3,0,77.0
Chennai,2022-04-01,77,42.35,83.16,63.91,87.78,0.81,73.15,1,4,0,78.0
Chennai,2022-05-01,78,42.9,84.24,64.74,88.92,0.82,74.1,1,5,1,66.0
Chennai,2022-06-01,66,36.3,71.28,54.78,75.24,0.69,62.7,1,6,0,61.0
Chennai,2022-07-01,61,33.55,65.88,50.63,69.54,0.64,57.95,1,7,0,42.0
Chennai,2022-08-01,42,23.1,45.36,34.86,47.88,0.44,39.9,1,8,0,50.0
Chennai,2022-09-01,50,27.5,54.0,41.5,57.0,0.53,47.5,1,9,0,48.0
Chennai,2022-10-01,48,26.4,51.84,39.84,54.72,0.5,45.6,1,10,1,45.0
Chennai,2022-11-01,45,24.75,48.6,37.35,51.3,0.47,42.75,1,11,0,50.0
Chennai,2022-12-01,50,27.5,54.0,41.5,57.0,0.53,47.5,1,12,0,95.0
Chennai,2022-01-02,95,52.25,102.6,78.85,108.3,1.0,90.25,2,1,1,75.0
Chennai,2022-02-02,75,41.25,81.0,62.25,85.5,0.79,71.25,2,2,0,63.0
Chennai,2022-03-02,63,34.65,68.04,52.29,71.82,0.66,59.85,2,3,0,58.0
Chennai,2022-04-02,58,31.9,62.64,48.14,66.12,0.61,55.1,2,4,1,62.0
Chennai,2022-05-02,62,34.1,66.96,51.46,70.68,0.65,58.9,2,5,0,59.0
Chennai,2022-06-02,59,32.45,63.72,48.97,67.26,0.62,56.05,2,6,0,67.0
Chennai,2022-07-02,67,36.85,72.36,55.61,76.38,0.7,63.65,2,7,1,83.0
Chennai,2022-08-02,83,45.65,89.64,68.89,94.62,0.87,78.85,2,8,0,68.0
Chennai,2022-09-02,68,37.4,73.44,56.44,77.52,0.71,64.6,2,9,0,85.0
Chennai,2022-10-02,85,46.75,91.8,70.55,96.9,0.89,80.75,2,10,1,69.0
Chennai,2022-11-02,69,37.95,74.52,57.27,78.66,0.72,65.55,2,11,0,95.0
Chennai,2022-12-02,95,52.25,102.6,78.85,108.3,1.0,90.25,2,12,0,68.0
Chennai,2022-01-03,68,37.4,73.44,56.44,77.52,0.71,64.6,3,1,0,84.0
Chennai,2022-02-03,84,46.2,90.72,69.72,95.76,0.88,79.8,3,2,0,82.0
Chennai,2022-03-03,82,45.1,88.56,68.06,93.48,0.86,77.9,3,3,0,92.0
Chennai,2022-04-03,92,50.6,99.36,76.36,104.88,0.97,87.4,3,4,1,72.0
Chennai,2022-05-03,72,39.6,77.76,59.76,82.08,0.76,68.4,3,5,0,64.0
Chennai,2022-06-03,64,35.2,69.12,53.12,72.96,0.67,60.8,3,6,0,60.0
Chennai,2022-07-03,60,33.0,64.8,49.8,68.4,0.63,57.0,3,7,1,82.0
Chennai,2022-08-03,82,45.1,88.56,68.06,93.48,0.86,77.9,3,8,0,96.0
Chennai,2022-09-03,96,52.8,103.68,79.68,109.44,1.01,91.2,3,9,1,86.0
Chennai,2022-10-03,86,47.3,92.88,71.38,98.04,0.9,81.7,3,10,0,80.0
Chennai,2022-11-03,80,44.0,86.4,66.4,91.2,0.84,76.0,3,11,0,90.0
Chennai,2022-12-03,90,49.5,97.2,74.7,102.6,0.95,85.5,3,12,1,45.0
Chennai,2022-01-04,45,24.75,48.6,37.35,51.3,0.47,42.75,4,1,0,42.0
Chennai,2022-02-04,42,23.1,45.36,34.86,47.88,0.44,39.9,4,2,0,44.0
Chennai,2022-03-04,44,24.2,47.52,36.52,50.16,0.46,41.8,4,3,0,41.0
Chennai,2022-04-04,41,22.55,44.28,34.03,46.74,0.43,38.95,4,4,0,34.0
Chennai,2022-05-04,34,18.7,36.72,28.22,38.76,0.36,32.3,4,5,0,44.0
Chennai,2022-06-04,44,24.2,47.52,36.52,50.16,0.46,41.8,4,6,1,49.0
Chennai,2022-07-04,49,26.95,52.92,40.67,55.86,0.51,46.55,4,7,0,42.0
Chennai,2022-08-04,42,23.1,45.36,34.86,47.88,0.44,39.9,4,8,0,43.0
Chennai,2022-09-04,43,23.65,46.44,35.69,49.02,0.45,40.85,4,9,1,46.0
Chennai,2022-10-04,46,25.3,49.68,38.18,52.44,0.48,43.7,4,10,0,42.0
Chennai,2022-11-04,42,23.1,45.36,34.86,47.88,0.44,39.9,4,11,0,35.0
Chennai,2022-12-04,35,19.25,37.8,29.05,39.9,0.37,33.25,4,12,1,58.0
Chennai,2022-01-05,58,31.9,62.64,48.14,66.12,0.61,55.1,5,1,0,89.0
Chennai,2022-02-05,89,48.95,96.12,73.87,101.46,0.93,84.55,5,2,1,84.0
Chennai,2022-03-05,84,46.2,90.72,69.72,95.76,0.88,79.8,5,3,1,58.0
Chennai,2022-04-05,58,31.9,62.64,48.14,66.12,0.61,55.1,5,4,0,91.0
Chennai,2022-05-05,91,50.05,98.28,75.53,103.74,0.96,86.45,5,5,0,56.0
Chennai,2022-06-05,56,30.8,60.48,46.48,63.84,0.59,53.2,5,6,1,80.0
Chennai,2022-07-05,80,44.0,86.4,66.4,91.2,0.84,76.0,5,7,0,78.0
Chennai,2022-08-05,78,42.9,84.24,64.74,88.92,0.82,74.1,5,8,0,94.0
Chennai,2022-09-05,94,51.7,101.52,78.02,107.16,0.99,89.3,5,9,0,81.0
Chennai,2022-10-05,81,44.55,87.48,67.23,92.34,0.85,76.95,5,10,0,71.0
Chennai,2022-11-05,71,39.05,76.68,58.93,80.94,0.75,67.45,5,11,1,61.0
Chennai,2022-12-05,61,33.55,65.88,50.63,69.54,0.64,57.95,5,12,0,69.0
Chennai,2022-01-06,69,37.95,74.52,57.27,78.66,0.72,65.55,6,1,0,75.0
Chennai,2022-02-06,75,41.25,81.0,62.25,85.5,0.79,71.25,6,2,1,75.0
Chennai,2022-03-06,75,41.25,81.0,62.25,85.5,0.79,71.25,6,3,1,83.0
Chennai,2022-04-06,83,45.65,89.64,68.89,94.62,0.87,78.85,6,4,0,71.0
Chennai,2022-05-06,71,39.05,76.68,58.93,80.94,0.75,67.45,6,5,0,62.0
Chennai,2022-06-06,62,34.1,66.96,51.46,70.68,0.65,58.9,6,6,0,62.0
Chennai,2022-07-06,62,34.1,66.96,51.46,70.68,0.65,58.9,6,7,0,68.0
Chennai,2022-08-06,68,37.4,73.44,56.44,77.52,0.71,64.6,6,8,1,67.0
Chennai,2022-09-06,67,36.85,72.36,55.61,76.38,0.7,63.65,6,9,0,60.0
Chennai,2022-10-06,60,33.0,64.8,49.8,68.4,0.63,57.0,6,10,0,69.0
Chennai,2022-11-06,69,37.95,74.52,57.27,78.66,0.72,65.55,6,11,1,65.0
Chennai,2022-12-06,65,35.75,70.2,53.95,74.1,0.68,61.75,6,12,0,63.0
Chennai,2022-01-07,63,34.65,68.04,52.29,71.82,0.66,59.85,7,1,0,53.0
Chennai,2022-02-07,53,29.15,57.24,43.99,60.42,0.56,50.35,7,2,0,65.0
Chennai,2022-03-07,65,35.75,70.2,53.95,74.1,0.68,61.75,7,3,0,64.0
Chennai,2022-04-07,64,35.2,69.12,53.12,72.96,0.67,60.8,7,4,0,52.0
Chennai,2022-05-07,52,28.6,56.16,43.16,59.28,0.55,49.4,7,5,1,52.0
Chennai,2022-06-07,52,28.6,56.16,43.16,59.28,0.55,49.4,7,6,0,62.0
Chennai,2022-07-07,62,34.1,66.96,51.46,70.68,0.65,58.9,7,7,0,65.0
Chennai,2022-08-07,65,35.75,70.2,53.95,74.1,0.68,61.75,7,8,1,70.0
Chennai,2022-09-07,70,38.5,75.6,58.1,79.8,0.74,66.5,7,9,0,60.0
Chennai,2022-10-07,60,33.0,64.8,49.8,68.4,0.63,57.0,7,10,0,50.0
Chennai,2022-11-07,50,27.5,54.0,41.5,57.0,0.53,47.5,7,11,0,51.0
Chennai,2022-12-07,51,28.05,55.08,42.33,58.14,0.54,48.45,7,12,0,61.0
Chennai,2022-01-08,61,33.55,65.88,50.63,69.54,0.64,57.95,8,1,1,61.0
Chennai,2022-02-08,61,33.55,65.88,50.63,69.54,0.64,57.95,8,2,0,56.0
Chennai,2022-03-08,56,30.8,60.48,46.48,63.84,0.59,53.2,8,3,0,84.0
Chennai,2022-04-08,84,46.2,90.72,69.72,95.76,0.88,79.8,8,4,0,57.0
Chennai,2022-05-08,57,31.35,61.56,47.31,64.98,0.6,54.15,8,5,1,49.0
Chennai,2022-06-08,49,26.95,52.92,40.67,55.86,0.51,46.55,8,6,0,54.0
Chennai,2022-07-08,54,29.7,58.32,44.82,61.56,0.57,51.3,8,7,0,49.0
Chennai,2022-08-08,49,26.95,52.92,40.67,55.86,0.51,46.55,8,8,0,64.0
Chennai,2022-09-08,64,35.2,69.12,53.12,72.96,0.67,60.8,8,9,0,68.0
Chennai,2022-10-08,68,37.4,73.44,56.44,77.52,0.71,64.6,8,10,1,70.0
Chennai,2022-11-08,70,38.5,75.6,58.1,79.8,0.74,66.5,8,11,0,62.0
Chennai,2022-12-08,62,34.1,66.96,51.46,70.68,0.65,58.9,8,12,0,62.0
Chennai,2022-01-09,62,34.1,66.96,51.46,70.68,0.65,58.9,9,1,1,48.0
Chennai,2022-02-09,48,26.4,51.84,39.84,54.72,0.5,45.6,9,2,0,58.0
Chennai,2022-03-09,58,31.9,62.64,48.14,66.12,0.61,55.1,9,3,0,58.0
Chennai,2022-04-09,58,31.9,62.64,48.14,66.12,0.61,55.1,9,4,1,55.0
Chennai,2022-05-09,55,30.25,59.4,45.65,62.7,0.58,52.25,9,5,0,57.0
Chennai,2022-06-09,57,31.35,61.56,47.31,64.98,0.6,54.15,9,6,0,72.0
Chennai,2022-07-09,72,39.6,77.76,59.76,82.08,0.76,68.4,9,7,1,61.0
Chennai,2022-08-09,61,33.55,65.88,50.63,69.54,0.64,57.95,9,8,0,74.0
Chennai,2022-09-09,74,40.7,79.92,61.42,84.36,0.78,70.3,9,9,0,59.0
Chennai,2022-10-09,59,32.45,63.72,48.97,67.26,0.62,56.05,9,10,1,62.0
Chennai,2022-11-09,62,34.1,66.96,51.46,70.68,0.65,58.9,9,11,0,69.0
Chennai,2022-12-09,69,37.95,74.52,57.27,78.66,0.72,65.55,9,12,0,70.0
Chennai,2022-01-10,70,38.5,75.6,58.1,79.8,0.74,66.5,10,1,0,73.0
Chennai,2022-02-10,73,40.15,78.84,60.59,83.22,0.77,69.35,10,2,0,90.0
Chennai,2022-03-10,90,49.5,97.2,74.7,102.6,0.95,85.5,10,3,0,101.0
Chennai,2022-04-10,101,55.55,109.08,83.83,115.14,1.06,95.95,10,4,1,128.0
Chennai,2022-05-10,128,70.4,138.24,106.24,145.92,1.34,121.6,10,5,0,96.0
Chennai,2022-06-10,96,52.8,103.68,79.68,109.44,1.01,91.2,10,6,0,88.0
Chennai,2022-07-10,88,48.4,95.04,73.04,100.32,0.92,83.6,10,7,1,112.0
Chennai,2022-08-10,112,61.6,120.96,92.96,127.68,1.18,106.4,10,8,0,67.0
Chennai,2022-09-10,67,36.85,72.36,55.61,76.38,0.7,63.65,10,9,1,61.0
Chennai,2022-10-10,61,33.55,65.88,50.63,69.54,0.64,57.95,10,10,0,53.0
Chennai,2022-11-10,53,29.15,57.24,43.99,60.42,0.56,50.35,10,11,0,58.0
Chennai,2022-12-10,58,31.9,62.64,48.14,66.12,0.61,55.1,10,12,1,59.0
Chennai,2022-01-11,59,32.45,63.72,48.97,67.26,0.62,56.05,11,1,0,50.0
Chennai,2022-02-11,50,27.5,54.0,41.5,57.0,0.53,47.5,11,2,0,59.0
Chennai,2022-03-11,59,32.45,63.72,48.97,67.26,0.62,56.05,11,3,0,56.0
Chennai,2022-04-11,56,30.8,60.48,46.48,63.84,0.59,53.2,11,4,0,44.0
Chennai,2022-05-11,44,24.2,47.52,36.52,50.16,0.46,41.8,11,5,0,58.0
Chennai,2022-06-11,58,31.9,62.64,48.14,66.12,0.61,55.1,11,6,1,105.0
Chennai,2022-07-11,105,57.75,113.4,87.15,119.7,1.1,99.75,11,7,0,82.0
Chennai,2022-08-11,82,45.1,88.56,68.06,93.48,0.86,77.9,11,8,0,74.0
Chennai,2022-09-11,74,40.7,79.92,61.42,84.36,0.78,70.3,11,9,1,58.0
Chennai,2022-10-11,58,31.9,62.64,48.14,66.12,0.61,55.1,11,10,0,46.0
Chennai,2022-11-11,46,25.3,49.68,38.18,52.44,0.48,43.7,11,11,0,44.0
Chennai,2022-12-11,44,24.2,47.52,36.52,50.16,0.46,41.8,11,12,1,132.0
Chennai,2022-01-12,132,72.6,142.56,109.56,150.48,1.39,125.4,12,1,0,77.0
Chennai,2022-02-12,77,42.35,83.16,63.91,87.78,0.81,73.15,12,2,1,50.0
Chennai,2022-03-12,50,27.5,54.0,41.5,57.0,0.53,47.5,12,3,1,64.0
Chennai,2022-04-12,64,35.2,69.12,53.12,72.96,0.67,60.8,12,4,0,127.0
Chennai,2022-05-12,127,69.85,137.16,105.41,144.78,1.33,120.65,12,5,0,203.0
Chennai,2022-06-12,203,111.65,219.24,168.49,231.42,2.13,192.85,12,6,1,238.0
Chennai,2022-07-12,238,130.9,257.04,197.54,271.32,2.5,226.1,12,7,0,203.0
Chennai,2022-08-12,203,111.65,219.24,168.49,231.42,2.13,192.85,12,8,0,115.0
Chennai,2022-09-12,115,63.25,124.2,95.45,131.1,1.21,109.25,12,9,0,40.0
Chennai,2022-10-12,40,22.0,43.2,33.2,45.6,0.42,38.0,12,10,0,45.0
Chennai,2022-11-12,45,24.75,48.6,37.35,51.3,0.47,42.75,12,11,1,49.0
Chennai,2022-12-12,49,26.95,52.92,40.67,55.86,0.51,46.55,12,12,0,104.0
Chennai,2023-01-01,104,57.2,112.32,86.32,118.56,1.09,98.8,1,1,1,76.0
Chennai,2023-02-01,76,41.8,82.08,63.08,86.64,0.8,72.2,1,2,0,86.0
Chennai,2023-03-01,86,47.3,92.88,71.38,98.04,0.9,81.7,1,3,0,99.0
Chennai,2023-04-01,99,54.45,106.92,82.17,112.86,1.04,94.05,1,4,1,80.0
Chennai,2023-05-01,80,44.0,86.4,66.4,91.2,0.84,76.0,1,5,0,95.0
Chennai,2023-06-01,95,52.25,102.6,78.85,108.3,1.0,90.25,1,6,0,101.0
Chennai,2023-07-01,101,55.55,109.08,83.83,115.14,1.06,95.95,1,7,1,184.0
Chennai,2023-08-01,184,101.2,198.72,152.72,209.76,1.93,174.8,1,8,0,118.0
Chennai,2023-09-01,118,64.9,127.44,97.94,134.52,1.24,112.1,1,9,0,140.0
Chennai,2023-10-01,140,77.0,151.2,116.2,159.6,1.47,133.0,1,10,1,125.0
Chennai,2023-11-01,125,68.75,135.0,103.75,142.5,1.31,118.75,1,11,0,111.0
Chennai,2023-12-01,111,61.05,119.88,92.13,126.54,1.17,105.45,1,12,0,101.0
Chennai,2023-01-02,101,55.55,109.08,83.83,115.14,1.06,95.95,2,1,0,81.0
Chennai,2023-02-02,81,44.55,87.48,67.23,92.34,0.85,76.95,2,2,0,95.0
Chennai,2023-03-02,95,52.25,102.6,78.85,108.3,1.0,90.25,2,3,0,101.0
Chennai,2023-04-02,101,55.55,109.08,83.83,115.14,1.06,95.95,2,4,1,113.0
Chennai,2023-05-02,113,62.15,122.04,93.79,128.82,1.19,107.35,2,5,0,108.0
Chennai,2023-06-02,108,59.4,116.64,89.64,123.12,1.13,102.6,2,6,0,92.0
Chennai,2023-07-02,92,50.6,99.36,76.36,104.88,0.97,87.4,2,7,1,95.0
Chennai,2023-08-02,95,52.25,102.6,78.85,108.3,1.0,90.25,2,8,0,96.0
Chennai,2023-09-02,96,52.8,103.68,79.68,109.44,1.01,91.2,2,9,1,91.0
Chennai,2023-10-02,91,50.05,98.28,75.53,103.74,0.96,86.45,2,10,0,99.0
Chennai,2023-11-02,99,54.45,106.92,82.17,112.86,1.04,94.05,2,11,0,136.0
Chennai,2023-12-02,136,74.8,146.88,112.88,155.04,1.43,129.2,2,12,1,85.0
Chennai,2023-01-03,85,46.75,91.8,70.55,96.9,0.89,80.75,3,1,0,92.0
Chennai,2023-02-03,92,50.6,99.36,76.36,104.88,0.97,87.4,3,2,0,118.0
Chennai,2023-03-03,118,64.9,127.44,97.94,134.52,1.24,112.1,3,3,0,113.0
Chennai,2023-04-03,113,62.15,122.04,93.79,128.82,1.19,107.35,3,4,0,91.0
Chennai,2023-05-03,91,50.05,98.28,75.53,103.74,0.96,86.45,3,5,0,93.0
Chennai,2023-06-03,93,51.15,100.44,77.19,106.02,0.98,88.35,3,6,1,91.0
Chennai,2023-07-03,91,50.05,98.28,75.53,103.74,0.96,86.45,3,7,0,74.0
Chennai,2023-08-03,74,40.7,79.92,61.42,84.36,0.78,70.3,3,8,0,87.0
Chennai,2023-09-03,87,47.85,93.96,72.21,99.18,0.91,82.65,3,9,1,93.0
Chennai,2023-10-03,93,51.15,100.44,77.19,106.02,0.98,88.35,3,10,0,94.0
Chennai,2023-11-03,94,51.7,101.52,78.02,107.16,0.99,89.3,3,11,0,90.0
Chennai,2023-12-03,90,49.5,97.2,74.7,102.6,0.95,85.5,3,12,1,65.0
Chennai,2023-01-04,65,35.75,70.2,53.95,74.1,0.68,61.75,4,1,0,54.0
Chennai,2023-02-04,54,29.7,58.32,44.82,61.56,0.57,51.3,4,2,1,72.0
Chennai,2023-03-04,72,39.6,77.76,59.76,82.08,0.76,68.4,4,3,1,53.0
Chennai,2023-04-04,53,29.15,57.24,43.99,60.42,0.56,50.35,4,4,0,53.0
Chennai,2023-05-04,53,29.15,57.24,43.99,60.42,0.56,50.35,4,5,0,53.0
Chennai,2023-06-04,53,29.15,57.24,43.99,60.42,0.56,50.35,4,6,1,42.0
Chennai,2023-07-04,42,23.1,45.36,34.86,47.88,0.44,39.9,4,7,0,54.0
Chennai,2023-08-04,54,29.7,58.32,44.82,61.56,0.57,51.3,4,8,0,56.0
Chennai,2023-09-04,56,30.8,60.48,46.48,63.84,0.59,53.2,4,9,0,60.0
Chennai,2023-10-04,60,33.0,64.8,49.8,68.4,0.63,57.0,4,10,0,69.0
Chennai,2023-11-04,69,37.95,74.52,57.27,78.66,0.72,65.55,4,11,1,83.0
Chennai,2023-12-04,83,45.65,89.64,68.89,94.62,0.87,78.85,4,12,0,59.0
Chennai,2023-01-05,59,32.45,63.72,48.97,67.26,0.62,56.05,5,1,0,58.0
Chennai,2023-02-05,58,31.9,62.64,48.14,66.12,0.61,55.1,5,2,1,59.0
Chennai,2023-03-05,59,32.45,63.72,48.97,67.26,0.62,56.05,5,3,1,59.0
Chennai,2023-04-05,59,32.45,63.72,48.97,67.26,0.62,56.05,5,4,0,62.0
Chennai,2023-05-05,62,34.1,66.96,51.46,70.68,0.65,58.9,5,5,0,64.0
Chennai,2023-06-05,64,35.2,69.12,53.12,72.96,0.67,60.8,5,6,0,66.0
Chennai,2023-07-05,66,36.3,71.28,54.78,75.24,0.69,62.7,5,7,0,65.0
Chennai,2023-08-05,65,35.75,70.2,53.95,74.1,0.68,61.75,5,8,1,67.0
Chennai,2023-09-05,67,36.85,72.36,55.61,76.38,0.7,63.65,5,9,0,58.0
Chennai,2023-10-05,58,31.9,62.64,48.14,66.12,0.61,55.1,5,10,0,82.0
Chennai,2023-11-05,82,45.1,88.56,68.06,93.48,0.86,77.9,5,11,1,111.0
Chennai,2023-12-05,111,61.05,119.88,92.13,126.54,1.17,105.45,5,12,0,82.0
Chennai,2023-01-06,82,45.1,88.56,68.06,93.48,0.86,77.9,6,1,0,90.0
Chennai,2023-02-06,90,49.5,97.2,74.7,102.6,0.95,85.5,6,2,0,92.0
Chennai,2023-03-06,92,50.6,99.36,76.36,104.88,0.97,87.4,6,3,0,80.0
Chennai,2023-04-06,80,44.0,86.4,66.4,91.2,0.84,76.0,6,4,0,88.0
Chennai,2023-05-06,88,48.4,95.04,73.04,100.32,0.92,83.6,6,5,1,70.0
Chennai,2023-06-06,70,38.5,75.6,58.1,79.8,0.74,66.5,6,6,0,72.0
Chennai,2023-07-06,72,39.6,77.76,59.76,82.08,0.76,68.4,6,7,0,73.0
Chennai,2023-08-06,73,40.15,78.84,60.59,83.22,0.77,69.35,6,8,1,69.0
Chennai,2023-09-06,69,37.95,74.52,57.27,78.66,0.72,65.55,6,9,0,67.0
Chennai,2023-10-06,67,36.85,72.36,55.61,76.38,0.7,63.65,6,10,0,67.0
Chennai,2023-11-06,67,36.85,72.36,55.61,76.38,0.7,63.65,6,11,0,54.0
Chennai,2023-12-06,54,29.7,58.32,44.82,61.56,0.57,51.3,6,12,0,61.0
Chennai,2023-01-07,61,33.55,65.88,50.63,69.54,0.64,57.95,7,1,1,75.0
Chennai,2023-02-07,75,41.25,81.0,62.25,85.5,0.79,71.25,7,2,0,58.0
Chennai,2023-03-07,58,31.9,62.64,48.14,66.12,0.61,55.1,7,3,0,56.0
Chennai,2023-04-07,56,30.8,60.48,46.48,63.84,0.59,53.2,7,4,0,64.0
Chennai,2023-05-07,64,35.2,69.12,53.12,72.96,0.67,60.8,7,5,1,66.0
Chennai,2023-06-07,66,36.3,71.28,54.78,75.24,0.69,62.7,7,6,0,82.0
Chennai,2023-07-07,82,45.1,88.56,68.06,93.48,0.86,77.9,7,7,0,63.0
Chennai,2023-08-07,63,34.65,68.04,52.29,71.82,0.66,59.85,7,8,0,73.0
Chennai,2023-09-07,73,40.15,78.84,60.59,83.22,0.77,69.35,7,9,0,48.0
Chennai,2023-10-07,48,26.4,51.84,39.84,54.72,0.5,45.6,7,10,1,52.0
Chennai,2023-11-07,52,28.6,56.16,43.16,59.28,0.55,49.4,7,11,0,76.0
Chennai,2023-12-07,76,41.8,82.08,63.08,86.64,0.8,72.2,7,12,0,79.0
Chennai,2023-01-08,79,43.45,85.32,65.57,90.06,0.83,75.05,8,1,1,99.0
Chennai,2023-02-08,99,54.45,106.92,82.17,112.86,1.04,94.05,8,2,0,95.0
Chennai,2023-03-08,95,52.25,102.6,78.85,108.3,1.0,90.25,8,3,0,87.0
Chennai,2023-04-08,87,47.85,93.96,72.21,99.18,0.91,82.65,8,4,1,79.0
Chennai,2023-05-08,79,43.45,85.32,65.57,90.06,0.83,75.05,8,5,0,78.0
Chennai,2023-06-08,78,42.9,84.24,64.74,88.92,0.82,74.1,8,6,0,56.0
Chennai,2023-07-08,56,30.8,60.48,46.48,63.84,0.59,53.2,8,7,1,66.0
Chennai,2023-08-08,66,36.3,71.28,54.78,75.24,0.69,62.7,8,8,0,79.0
Chennai,2023-09-08,79,43.45,85.32,65.57,90.06,0.83,75.05,8,9,0,82.0
Chennai,2023-10-08,82,45.1,88.56,68.06,93.48,0.86,77.9,8,10,1,61.0
Chennai,2023-11-08,61,33.55,65.88,50.63,69.54,0.64,57.95,8,11,0,74.0
Chennai,2023-12-08,74,40.7,79.92,61.42,84.36,0.78,70.3,8,12,0,71.0
Chennai,2023-01-09,71,39.05,76.68,58.93,80.94,0.75,67.45,9,1,0,77.0
Chennai,2023-02-09,77,42.35,83.16,63.91,87.78,0.81,73.15,9,2,0,63.0
Chennai,2023-03-09,63,34.65,68.04,52.29,71.82,0.66,59.85,9,3,0,53.0
Chennai,2023-04-09,53,29.15,57.24,43.99,60.42,0.56,50.35,9,4,1,70.0
Chennai,2023-05-09,70,38.5,75.6,58.1,79.8,0.74,66.5,9,5,0,63.0
Chennai,2023-06-09,63,34.65,68.04,52.29,71.82,0.66,59.85,9,6,0,71.0
Chennai,2023-07-09,71,39.05,76.68,58.93,80.94,0.75,67.45,9,7,1,51.0
Chennai,2023-08-09,51,28.05,55.08,42.33,58.14,0.54,48.45,9,8,0,83.0
Chennai,2023-09-09,83,45.65,89.64,68.89,94.62,0.87,78.85,9,9,1,63.0
Chennai,2023-10-09,63,34.65,68.04,52.29,71.82,0.66,59.85,9,10,0,54.0
Chennai,2023-11-09,54,29.7,58.32,44.82,61.56,0.57,51.3,9,11,0,63.0
Chennai,2023-12-09,63,34.65,68.04,52.29,71.82,0.66,59.85,9,12,1,57.0
Chennai,2023-01-10,57,31.35,61.56,47.31,64.98,0.6,54.15,10,1,0,46.0
Chennai,2023-02-10,46,25.3,49.68,38.18,52.44,0.48,43.7,10,2,0,56.0
Chennai,2023-03-10,56,30.8,60.48,46.48,63.84,0.59,53.2,10,3,0,68.0
Chennai,2023-04-10,68,37.4,73.44,56.44,77.52,0.71,64.6,10,4,0,77.0
Chennai,2023-05-10,77,42.35,83.16,63.91,87.78,0.81,73.15,10,5,0,76.0
Chennai,2023-06-10,76,41.8,82.08,63.08,86.64,0.8,72.2,10,6,1,73.0
Chennai,2023-07-10,73,40.15,78.84,60.59,83.22,0.77,69.35,10,7,0,52.0
Chennai,2023-08-10,52,28.6,56.16,43.16,59.28,0.55,49.4,10,8,0,47.0
Chennai,2023-09-10,47,25.85,50.76,39.01,53.58,0.49,44.65,10,9,1,52.0
Chennai,2023-10-10,52,28.6,56.16,43.16,59.28,0.55,49.4,10,10,0,70.0
Chennai,2023-11-10,70,38.5,75.6,58.1,79.8,0.74,66.5,10,11,0,55.0
Chennai,2023-12-10,55,30.25,59.4,45.65,62.7,0.58,52.25,10,12,1,93.0
Chennai,2023-01-11,93,51.15,100.44,77.19,106.02,0.98,88.35,11,1,0,61.0
Chennai,2023-02-11,61,33.55,65.88,50.63,69.54,0.64,57.95,11,2,1,57.0
Chennai,2023-03-11,57,31.35,61.56,47.31,64.98,0.6,54.15,11,3,1,59.0
Chennai,2023-04-11,59,32.45,63.72,48.97,67.26,0.62,56.05,11,4,0,33.0
Chennai,2023-05-11,33,18.15,35.64,27.39,37.62,0.35,31.35,11,5,0,40.0
Chennai,2023-06-11,40,22.0,43.2,33.2,45.6,0.42,38.0,11,6,1,49.0
Chennai,2023-07-11,49,26.95,52.92,40.67,55.86,0.51,46.55,11,7,0,73.0
Chennai,2023-08-11,73,40.15,78.84,60.59,83.22,0.77,69.35,11,8,0,69.0
Chennai,2023-09-11,69,37.95,74.52,57.27,78.66,0.72,65.55,11,9,0,83.0
Chennai,2023-10-11,83,45.65,89.64,68.89,94.62,0.87,78.85,11,10,0,115.0
Chennai,2023-11-11,115,63.25,124.2,95.45,131.1,1.21,109.25,11,11,1,178.0
Chennai,2023-12-11,178,97.9,192.24,147.74,202.92,1.87,169.1,11,12,0,42.0
Chennai,2023-01-12,42,23.1,45.36,34.86,47.88,0.44,39.9,12,1,0,65.0
Chennai,2023-02-12,65,35.75,70.2,53.95,74.1,0.68,61.75,12,2,1,46.0
Chennai,2023-03-12,46,25.3,49.68,38.18,52.44,0.48,43.7,12,3,1,36.0
Chennai,2023-04-12,36,19.8,38.88,29.88,41.04,0.38,34.2,12,4,0,38.0
Chennai,2023-07-12,38,20.9,41.04,31.54,43.32,0.4,36.1,12,7,0,57.0
Chennai,2023-08-12,57,31.35,61.56,47.31,64.98,0.6,54.15,12,8,1,70.0
Chennai,2023-09-12,70,38.5,75.6,58.1,79.8,0.74,66.5,12,9,0,88.0
Chennai,2023-10-12,88,48.4,95.04,73.04,100.32,0.92,83.6,12,10,0,82.0
Chennai,2023-11-12,82,45.1,88.56,68.06,93.48,0.86,77.9,12,11,1,70.0
Chennai,2023-12-12,70,38.5,75.6,58.1,79.8,0.74,66.5,12,12,0,142.0
Chennai,2024-01-01,142,78.1,153.36,117.86,161.88,1.49,134.9,1,1,0,101.0
Chennai,2024-02-01,101,55.55,109.08,83.83,115.14,1.06,95.95,1,2,0,119.0
Chennai,2024-03-01,119,65.45,128.52,98.77,135.66,1.25,113.05,1,3,0,107.0
Chennai,2024-04-01,107,58.85,115.56,88.81,121.98,1.12,101.65,1,4,0,92.0
Chennai,2024-05-01,92,50.6,99.36,76.36,104.88,0.97,87.4,1,5,0,71.0
Chennai,2024-06-01,71,39.05,76.68,58.93,80.94,0.75,67.45,1,6,1,66.0
Chennai,2024-07-01,66,36.3,71.28,54.78,75.24,0.69,62.7,1,7,0,67.0
Chennai,2024-08-01,67,36.85,72.36,55.61,76.38,0.7,63.65,1,8,0,80.0
Chennai,2024-09-01,80,44.0,86.4,66.4,91.2,0.84,76.0,1,9,1,81.0
Chennai,2024-10-01,81,44.55,87.48,67.23,92.34,0.85,76.95,1,10,0,94.0
Chennai,2024-11-01,94,51.7,101.52,78.02,107.16,0.99,89.3,1,11,0,114.0
Chennai,2024-12-01,114,62.7,123.12,94.62,129.96,1.2,108.3,1,12,1,55.0
Chennai,2024-01-02,55,30.25,59.4,45.65,62.7,0.58,52.25,2,1,0,39.0
Chennai,2024-02-02,39,21.45,42.12,32.37,44.46,0.41,37.05,2,2,0,69.0
Chennai,2024-03-02,69,37.95,74.52,57.27,78.66,0.72,65.55,2,3,1,72.0
Chennai,2024-04-02,72,39.6,77.76,59.76,82.08,0.76,68.4,2,4,0,72.0
Chennai,2024-05-02,72,39.6,77.76,59.76,82.08,0.76,68.4,2,5,0,88.0
Chennai,2024-06-02,88,48.4,95.04,73.04,100.32,0.92,83.6,2,6,1,109.0
Chennai,2024-07-02,109,59.95,117.72,90.47,124.26,1.14,103.55,2,7,0,93.0
Chennai,2024-08-02,93,51.15,100.44,77.19,106.02,0.98,88.35,2,8,0,83.0
Chennai,2024-09-02,83,45.65,89.64,68.89,94.62,0.87,78.85,2,9,0,85.0
Chennai,2024-10-02,85,46.75,91.8,70.55,96.9,0.89,80.75,2,10,0,100.0
Chennai,2024-11-02,100,55.0,108.0,83.0,114.0,1.05,95.0,2,11,1,69.0
Chennai,2024-12-02,69,37.95,74.52,57.27,78.66,0.72,65.55,2,12,0,83.0
Chennai,2024-01-03,83,45.65,89.64,68.89,94.62,0.87,78.85,3,1,0,101.0
Chennai,2024-02-03,101,55.55,109.08,83.83,115.14,1.06,95.95,3,2,1,80.0
Chennai,2024-03-03,80,44.0,86.4,66.4,91.2,0.84,76.0,3,3,1,84.0
Chennai,2024-04-03,84,46.2,90.72,69.72,95.76,0.88,79.8,3,4,0,76.0
Chennai,2024-05-03,76,41.8,82.08,63.08,86.64,0.8,72.2,3,5,0,90.0
Chennai,2024-06-03,90,49.5,97.2,74.7,102.6,0.95,85.5,3,6,0,81.0
Chennai,2024-07-03,81,44.55,87.48,67.23,92.34,0.85,76.95,3,7,0,83.0
Chennai,2024-08-03,83,45.65,89.64,68.89,94.62,0.87,78.85,3,8,1,90.0
Chennai,2024-09-03,90,49.5,97.2,74.7,102.6,0.95,85.5,3,9,0,78.0
Chennai,2024-10-03,78,42.9,84.24,64.74,88.92,0.82,74.1,3,10,0,77.0
Chennai,2024-11-03,77,42.35,83.16,63.91,87.78,0.81,73.15,3,11,1,77.0
Chennai,2024-12-03,77,42.35,83.16,63.91,87.78,0.81,73.15,3,12,0,46.0
Chennai,2024-01-04,46,25.3,49.68,38.18,52.44,0.48,43.7,4,1,0,56.0
Chennai,2024-02-04,56,30.8,60.48,46.48,63.84,0.59,53.2,4,2,1,64.0
Chennai,2024-03-04,64,35.2,69.12,53.12,72.96,0.67,60.8,4,3,0,66.0
Chennai,2024-04-04,66,36.3,71.28,54.78,75.24,0.69,62.7,4,4,0,62.0
Chennai,2024-05-04,62,34.1,66.96,51.46,70.68,0.65,58.9,4,5,1,59.0
Chennai,2024-06-04,59,32.45,63.72,48.97,67.26,0.62,56.05,4,6,0,65.0
Chennai,2024-07-04,65,35.75,70.2,53.95,74.1,0.68,61.75,4,7,0,62.0
Chennai,2024-08-04,62,34.1,66.96,51.46,70.68,0.65,58.9,4,8,1,62.0
Chennai,2024-09-04,62,34.1,66.96,51.46,70.68,0.65,58.9,4,9,0,75.0
Chennai,2024-10-04,75,41.25,81.0,62.25,85.5,0.79,71.25,4,10,0,63.0
Chennai,2024-11-04,63,34.65,68.04,52.29,71.82,0.66,59.85,4,11,0,61.0
Chennai,2024-12-04,61,33.55,65.88,50.63,69.54,0.64,57.95,4,12,0,59.0
Chennai,2024-01-05,59,32.45,63.72,48.97,67.26,0.62,56.05,5,1,0,54.0
Chennai,2024-02-05,54,29.7,58.32,44.82,61.56,0.57,51.3,5,2,0,62.0
Chennai,2024-03-05,62,34.1,66.96,51.46,70.68,0.65,58.9,5,3,0,60.0
Chennai,2024-04-05,60,33.0,64.8,49.8,68.4,0.63,57.0,5,4,0,57.0
Chennai,2024-05-05,57,31.35,61.56,47.31,64.98,0.6,54.15,5,5,1,59.0
Chennai,2024-06-05,59,32.45,63.72,48.97,67.26,0.62,56.05,5,6,0,61.0
Chennai,2024-07-05,61,33.55,65.88,50.63,69.54,0.64,57.95,5,7,0,62.0
Chennai,2024-08-05,62,34.1,66.96,51.46,70.68,0.65,58.9,5,8,0,46.0
Chennai,2024-09-05,46,25.3,49.68,38.18,52.44,0.48,43.7,5,9,0,51.0
Chennai,2024-10-05,51,28.05,55.08,42.33,58.14,0.54,48.45,5,10,1,56.0
Chennai,2024-11-05,56,30.8,60.48,46.48,63.84,0.59,53.2,5,11,0,50.0
Chennai,2024-12-05,50,27.5,54.0,41.5,57.0,0.53,47.5,5,12,0,74.0
Chennai,2024-01-06,74,40.7,79.92,61.42,84.36,0.78,70.3,6,1,1,65.0
Chennai,2024-02-06,65,35.75,70.2,53.95,74.1,0.68,61.75,6,2,0,65.0
Chennai,2024-03-06,65,35.75,70.2,53.95,74.1,0.68,61.75,6,3,0,65.0
Chennai,2024-04-06,65,35.75,70.2,53.95,74.1,0.68,61.75,6,4,1,59.0
Chennai,2024-05-06,59,32.45,63.72,48.97,67.26,0.62,56.05,6,5,0,59.0
Chennai,2024-06-06,59,32.45,63.72,48.97,67.26,0.62,56.05,6,6,0,62.0
Chennai,2024-07-06,62,34.1,66.96,51.46,70.68,0.65,58.9,6,7,1,99.0
Chennai,2024-08-06,99,54.45,106.92,82.17,112.86,1.04,94.05,6,8,0,65.0
Chennai,2024-09-06,65,35.75,70.2,53.95,74.1,0.68,61.75,6,9,0,97.0
Chennai,2024-10-06,97,53.35,104.76,80.51,110.58,1.02,92.15,6,10,1,74.0
Chennai,2024-11-06,74,40.7,79.92,61.42,84.36,0.78,70.3,6,11,0,64.0
Chennai,2024-12-06,64,35.2,69.12,53.12,72.96,0.67,60.8,6,12,0,57.0
Chennai,2024-01-07,57,31.35,61.56,47.31,64.98,0.6,54.15,7,1,1,70.0
Chennai,2024-02-07,70,38.5,75.6,58.1,79.8,0.74,66.5,7,2,0,72.0
Chennai,2024-03-07,72,39.6,77.76,59.76,82.08,0.76,68.4,7,3,0,57.0
Chennai,2024-04-07,57,31.35,61.56,47.31,64.98,0.6,54.15,7,4,1,63.0
Chennai,2024-05-07,63,34.65,68.04,52.29,71.82,0.66,59.85,7,5,0,71.0
Chennai,2024-06-07,71,39.05,76.68,58.93,80.94,0.75,67.45,7,6,0,59.0
Chennai,2024-07-07,59,32.45,63.72,48.97,67.26,0.62,56.05,7,7,1,48.0
Chennai,2024-08-07,48,26.4,51.84,39.84,54.72,0.5,45.6,7,8,0,57.0
Chennai,2024-09-07,57,31.35,61.56,47.31,64.98,0.6,54.15,7,9,1,68.0
Chennai,2024-10-07,68,37.4,73.44,56.44,77.52,0.71,64.6,7,10,0,69.0
Chennai,2024-11-07,69,37.95,74.52,57.27,78.66,0.72,65.55,7,11,0,73.0
Chennai,2024-12-07,73,40.15,78.84,60.59,83.22,0.77,69.35,7,12,1,78.0
Chennai,2024-01-08,78,42.9,84.24,64.74,88.92,0.82,74.1,8,1,0,89.0
Chennai,2024-02-08,89,48.95,96.12,73.87,101.46,0.93,84.55,8,2,0,72.0
Chennai,2024-03-08,72,39.6,77.76,59.76,82.08,0.76,68.4,8,3,0,60.0
Chennai,2024-04-08,60,33.0,64.8,49.8,68.4,0.63,57.0,8,4,0,65.0
Chennai,2024-05-08,65,35.75,70.2,53.95,74.1,0.68,61.75,8,5,0,72.0
Chennai,2024-06-08,72,39.6,77.76,59.76,82.08,0.76,68.4,8,6,1,68.0
Chennai,2024-07-08,68,37.4,73.44,56.44,77.52,0.71,64.6,8,7,0,64.0
Chennai,2024-08-08,64,35.2,69.12,53.12,72.96,0.67,60.8,8,8,0,55.0
Chennai,2024-09-08,55,30.25,59.4,45.65,62.7,0.58,52.25,8,9,1,72.0
Chennai,2024-10-08,72,39.6,77.76,59.76,82.08,0.76,68.4,8,10,0,72.0
Chennai,2024-11-08,72,39.6,77.76,59.76,82.08,0.76,68.4,8,11,0,72.0
Chennai,2024-12-08,72,39.6,77.76,59.76,82.08,0.76,68.4,8,12,1,44.0
Chennai,2024-01-09,44,24.2,47.52,36.52,50.16,0.46,41.8,9,1,0,42.0
Chennai,2024-02-09,42,23.1,45.36,34.86,47.88,0.44,39.9,9,2,0,50.0
Chennai,2024-03-09,50,27.5,54.0,41.5,57.0,0.53,47.5,9,3,1,44.0
Chennai,2024-04-09,44,24.2,47.52,36.52,50.16,0.46,41.8,9,4,0,62.0
Chennai,2024-05-09,62,34.1,66.96,51.46,70.68,0.65,58.9,9,5,0,55.0
Chennai,2024-06-09,55,30.25,59.4,45.65,62.7,0.58,52.25,9,6,1,67.0
Chennai,2024-07-09,67,36.85,72.36,55.61,76.38,0.7,63.65,9,7,0,48.0
Chennai,2024-08-09,48,26.4,51.84,39.84,54.72,0.5,45.6,9,8,0,56.0
Chennai,2024-09-09,56,30.8,60.48,46.48,63.84,0.59,53.2,9,9,0,55.0
Chennai,2024-10-09,55,30.25,59.4,45.65,62.7,0.58,52.25,9,10,0,62.0
Chennai,2024-11-09,62,34.1,66.96,51.46,70.68,0.65,58.9,9,11,1,58.0
Chennai,2024-12-09,58,31.9,62.64,48.14,66.12,0.61,55.1,9,12,0,46.0
Chennai,2024-01-10,46,25.3,49.68,38.18,52.44,0.48,43.7,10,1,0,55.0
Chennai,2024-02-10,55,30.25,59.4,45.65,62.7,0.58,52.25,10,2,1,52.0
Chennai,2024-03-10,52,28.6,56.16,43.16,59.28,0.55,49.4,10,3,1,69.0
Chennai,2024-04-10,69,37.95,74.52,57.27,78.66,0.72,65.55,10,4,0,58.0
Chennai,2024-05-10,58,31.9,62.64,48.14,66.12,0.61,55.1,10,5,0,70.0
Chennai,2024-06-10,70,38.5,75.6,58.1,79.8,0.74,66.5,10,6,0,51.0
Chennai,2024-07-10,51,28.05,55.08,42.33,58.14,0.54,48.45,10,7,0,44.0
Chennai,2024-08-10,44,24.2,47.52,36.52,50.16,0.46,41.8,10,8,1,35.0
Chennai,2024-09-10,35,19.25,37.8,29.05,39.9,0.37,33.25,10,9,0,37.0
Chennai,2024-10-10,37,20.35,39.96,30.71,42.18,0.39,35.15,10,10,0,51.0
Chennai,2024-11-10,51,28.05,55.08,42.33,58.14,0.54,48.45,10,11,1,30.0
Chennai,2024-12-10,30,16.5,32.4,24.9,34.2,0.32,28.5,10,12,0,142.0
Chennai,2024-01-11,142,78.1,153.36,117.86,161.88,1.49,134.9,11,1,0,71.0
Chennai,2024-02-11,71,39.05,76.68,58.93,80.94,0.75,67.45,11,2,1,72.0
Chennai,2024-03-11,72,39.6,77.76,59.76,82.08,0.76,68.4,11,3,0,56.0
Chennai,2024-04-11,56,30.8,60.48,46.48,63.84,0.59,53.2,11,4,0,90.0
Chennai,2024-05-11,90,49.5,97.2,74.7,102.6,0.95,85.5,11,5,1,107.0
Chennai,2024-06-11,107,58.85,115.56,88.81,121.98,1.12,101.65,11,6,0,51.0
Chennai,2024-07-11,51,28.05,55.08,42.33,58.14,0.54,48.45,11,7,0,50.0
Chennai,2024-08-11,50,27.5,54.0,41.5,57.0,0.53,47.5,11,8,1,57.0
Chennai,2024-09-11,57,31.35,61.56,47.31,64.98,0.6,54.15,11,9,0,85.0
Chennai,2024-10-11,85,46.75,91.8,70.55,96.9,0.89,80.75,11,10,0,99.0
Chennai,2024-11-11,99,54.45,106.92,82.17,112.86,1.04,94.05,11,11,0,60.0
Chennai,2024-12-11,60,33.0,64.8,49.8,68.4,0.63,57.0,11,12,0,24.0
Chennai,2024-01-12,24,13.2,25.92,19.92,27.36,0.25,22.8,12,1,0,40.0
Chennai,2024-02-12,40,22.0,43.2,33.2,45.6,0.42,38.0,12,2,0,53.0
Chennai,2024-03-12,53,29.15,57.24,43.99,60.42,0.56,50.35,12,3,0,45.0
Chennai,2024-04-12,45,24.75,48.6,37.35,51.3,0.47,42.75,12,4,0,38.0
Chennai,2024-05-12,38,20.9,41.04,31.54,43.32,0.4,36.1,12,5,1,56.0
Chennai,2024-06-12,56,30.8,60.48,46.48,63.84,0.59,53.2,12,6,0,44.0
Chennai,2024-07-12,44,24.2,47.52,36.52,50.16,0.46,41.8,12,7,0,49.0
Chennai,2024-08-12,49,26.95,52.92,40.67,55.86,0.51,46.55,12,8,0,75.0
Chennai,2024-09-12,75,41.25,81.0,62.25,85.5,0.79,71.25,12,9,0,89.0
Chennai,2024-10-12,89,48.95,96.12,73.87,101.46,0.93,84.55,12,10,1,76.0
Chennai,2024-11-12,76,41.8,82.08,63.08,86.64,0.8,72.2,12,11,0,46.0
Chennai,2024-12-12,46,25.3,49.68,38.18,52.44,0.48,43.7,12,12,0,406.0
Delhi,2018-01-01,406,223.3,438.48,336.98,462.84,4.26,385.7,1,1,0,418.0
Delhi,2018-02-01,418,229.9,451.44,346.94,476.52,4.39,397.1,1,2,0,382.0
Delhi,2018-03-01,382,210.1,412.56,317.06,435.48,4.01,362.9,1,3,0,366.0
Delhi,2018-04-01,366,201.3,395.28,303.78,417.24,3.84,347.7,1,4,1,390.0
Delhi,2018-05-01,390,214.5,421.2,323.7,444.6,4.1,370.5,1,5,0,405.0
Delhi,2018-06-01,405,222.75,437.4,336.15,461.7,4.25,384.75,1,6,0,355.0
Delhi,2018-07-01,355,195.25,383.4,294.65,404.7,3.73,337.25,1,7,1,288.0
Delhi,2018-08-01,288,158.4,311.04,239.04,328.32,3.02,273.6,1,8,0,359.0
Delhi,2018-09-01,359,197.45,387.72,297.97,409.26,3.77,341.05,1,9,1,352.0
Delhi,2018-10-01,352,193.6,380.16,292.16,401.28,3.7,334.4,1,10,0,309.0
Delhi,2018-11-01,309,169.95,333.72,256.47,352.26,3.24,293.55,1,11,0,298.0
Delhi,2018-12-01,298,163.9,321.84,247.34,339.72,3.13,283.1,1,12,1,274.0
Delhi,2018-01-02,274,150.7,295.92,227.42,312.36,2.88,260.3,2,1,0,293.0
Delhi,2018-02-02,293,161.15,316.44,243.19,334.02,3.08,278.35,2,2,0,243.0
Delhi,2018-03-02,243,133.65,262.44,201.69,277.02,2.55,230.85,2,3,0,256.0
Delhi,2018-04-02,256,140.8,276.48,212.48,291.84,2.69,243.2,2,4,0,291.0
Delhi,2018-05-02,291,160.05,314.28,241.53,331.74,3.06,276.45,2,5,0,287.0
Delhi,2018-06-02,287,157.85,309.96,238.21,327.18,3.01,272.65,2,6,1,261.0
Delhi,2018-07-02,261,143.55,281.88,216.63,297.54,2.74,247.95,2,7,0,308.0
Delhi,2018-08-02,308,169.4,332.64,255.64,351.12,3.23,292.6,2,8,0,335.0
Delhi,2018-09-02,335,184.25,361.8,278.05,381.9,3.52,318.25,2,9,1,341.0
Delhi,2018-10-02,341,187.55,368.28,283.03,388.74,3.58,323.95,2,10,0,304.0
Delhi,2018-11-02,304,167.2,328.32,252.32,346.56,3.19,288.8,2,11,0,178.0
Delhi,2018-12-02,178,97.9,192.24,147.74,202.92,1.87,169.1,2,12,1,257.0
Delhi,2018-01-03,257,141.35,277.56,213.31,292.98,2.7,244.15,3,1,0,260.0
Delhi,2018-02-03,260,143.0,280.8,215.8,296.4,2.73,247.0,3,2,1,203.0
Delhi,2018-03-03,203,111.65,219.24,168.49,231.42,2.13,192.85,3,3,1,178.0
Delhi,2018-04-03,178,97.9,192.24,147.74,202.92,1.87,169.1,3,4,0,172.0
Delhi,2018-05-03,172,94.6,185.76,142.76,196.08,1.81,163.4,3,5,0,167.0
Delhi,2018-06-03,167,91.85,180.36,138.61,190.38,1.75,158.65,3,6,1,185.0
Delhi,2018-07-03,185,101.75,199.8,153.55,210.9,1.94,175.75,3,7,0,245.0
Delhi,2018-08-03,245,134.75,264.6,203.35,279.3,2.57,232.75,3,8,0,280.0
Delhi,2018-09-03,280,154.0,302.4,232.4,319.2,2.94,266.0,3,9,0,170.0
Delhi,2018-10-03,170,93.5,183.6,141.1,193.8,1.79,161.5,3,10,0,170.0
Delhi,2018-11-03,170,93.5,183.6,141.1,193.8,1.79,161.5,3,11,1,214.0
Delhi,2018-12-03,214,117.7,231.12,177.62,243.96,2.25,203.3,3,12,0,195.0
Delhi,2018-01-04,195,107.25,210.6,161.85,222.3,2.05,185.25,4,1,0,219.0
Delhi,2018-02-04,219,120.45,236.52,181.77,249.66,2.3,208.05,4,2,1,207.0
Delhi,2018-03-04,207,113.85,223.56,171.81,235.98,2.17,196.65,4,3,1,203.0
Delhi,2018-04-04,203,111.65,219.24,168.49,231.42,2.13,192.85,4,4,0,290.0
Delhi,2018-05-04,290,159.5,313.2,240.7,330.6,3.05,275.5,4,5,0,208.0
Delhi,2018-06-04,208,114.4,224.64,172.64,237.12,2.18,197.6,4,6,0,143.0
Delhi,2018-07-04,143,78.65,154.44,118.69,163.02,1.5,135.85,4,7,0,141.0
Delhi,2018-08-04,141,77.55,152.28,117.03,160.74,1.48,133.95,4,8,1,120.0
Delhi,2018-09-04,120,66.0,129.6,99.6,136.8,1.26,114.0,4,9,0,230.0
Delhi,2018-10-04,230,126.5,248.4,190.9,262.2,2.42,218.5,4,10,0,141.0
Delhi,2018-11-04,141,77.55,152.28,117.03,160.74,1.48,133.95,4,11,1,99.0
Delhi,2018-12-04,99,54.45,106.92,82.17,112.86,1.04,94.05,4,12,0,177.0
Delhi,2018-01-05,177,97.35,191.16,146.91,201.78,1.86,168.15,5,1,0,153.0
Delhi,2018-02-05,153,84.15,165.24,126.99,174.42,1.61,145.35,5,2,0,160.0
Delhi,2018-03-05,160,88.0,172.8,132.8,182.4,1.68,152.0,5,3,0,139.0
Delhi,2018-04-05,139,76.45,150.12,115.37,158.46,1.46,132.05,5,4,0,173.0
Delhi,2018-05-05,173,95.15,186.84,143.59,197.22,1.82,164.35,5,5,1,269.0
Delhi,2018-06-05,269,147.95,290.52,223.27,306.66,2.82,255.55,5,6,0,211.0
Delhi,2018-07-05,211,116.05,227.88,175.13,240.54,2.22,200.45,5,7,0,208.0
Delhi,2018-08-05,208,114.4,224.64,172.64,237.12,2.18,197.6,5,8,1,163.0
Delhi,2018-09-05,163,89.65,176.04,135.29,185.82,1.71,154.85,5,9,0,190.0
Delhi,2018-10-05,190,104.5,205.2,157.7,216.6,2.0,180.5,5,10,0,256.0
Delhi,2018-11-05,256,140.8,276.48,212.48,291.84,2.69,243.2,5,11,0,304.0
Delhi,2018-12-05,304,167.2,328.32,252.32,346.56,3.19,288.8,5,12,0,198.0
Delhi,2018-01-06,198,108.9,213.84,164.34,225.72,2.08,188.1,6,1,1,173.0
Delhi,2018-02-06,173,95.15,186.84,143.59,197.22,1.82,164.35,6,2,0,174.0
Delhi,2018-03-06,174,95.7,187.92,144.42,198.36,1.83,165.3,6,3,0,183.0
Delhi,2018-04-06,183,100.65,197.64,151.89,208.62,1.92,173.85,6,4,0,169.0
Delhi,2018-05-06,169,92.95,182.52,140.27,192.66,1.77,160.55,6,5,1,136.0
Delhi,2018-06-06,136,74.8,146.88,112.88,155.04,1.43,129.2,6,6,0,164.0
Delhi,2018-07-06,164,90.2,177.12,136.12,186.96,1.72,155.8,6,7,0,179.0
Delhi,2018-08-06,179,98.45,193.32,148.57,204.06,1.88,170.05,6,8,0,127.0
Delhi,2018-09-06,127,69.85,137.16,105.41,144.78,1.33,120.65,6,9,0,158.0
Delhi,2018-10-06,158,86.9,170.64,131.14,180.12,1.66,150.1,6,10,1,183.0
Delhi,2018-11-06,183,100.65,197.64,151.89,208.62,1.92,173.85,6,11,0,296.0
Delhi,2018-12-06,296,162.8,319.68,245.68,337.44,3.11,281.2,6,12,0,92.0
Delhi,2018-01-07,92,50.6,99.36,76.36,104.88,0.97,87.4,7,1,1,106.0
Delhi,2018-02-07,106,58.3,114.48,87.98,120.84,1.11,100.7,7,2,0,114.0
Delhi,2018-03-07,114,62.7,123.12,94.62,129.96,1.2,108.3,7,3,0,137.0
Delhi,2018-04-07,137,75.35,147.96,113.71,156.18,1.44,130.15,7,4,1,123.0
Delhi,2018-05-07,123,67.65,132.84,102.09,140.22,1.29,116.85,7,5,0,147.0
Delhi,2018-06-07,147,80.85,158.76,122.01,167.58,1.54,139.65,7,6,0,151.0
Delhi,2018-07-07,151,83.05,163.08,125.33,172.14,1.59,143.45,7,7,1,182.0
Delhi,2018-08-07,182,100.1,196.56,151.06,207.48,1.91,172.9,7,8,0,157.0
Delhi,2018-09-07,157,86.35,169.56,130.31,178.98,1.65,149.15,7,9,0,134.0
Delhi,2018-10-07,134,73.7,144.72,111.22,152.76,1.41,127.3,7,10,1,106.0
Delhi,2018-11-07,106,58.3,114.48,87.98,120.84,1.11,100.7,7,11,0,143.0
Delhi,2018-12-07,143,78.65,154.44,118.69,163.02,1.5,135.85,7,12,0,153.0
Delhi,2018-01-08,153,84.15,165.24,126.99,174.42,1.61,145.35,8,1,0,235.0
Delhi,2018-02-08,235,129.25,253.8,195.05,267.9,2.47,223.25,8,2,0,213.0
Delhi,2018-03-08,213,117.15,230.04,176.79,242.82,2.24,202.35,8,3,0,216.0
Delhi,2018-04-08,216,118.8,233.28,179.28,246.24,2.27,205.2,8,4,1,241.0
Delhi,2018-05-08,241,132.55,260.28,200.03,274.74,2.53,228.95,8,5,0,133.0
Delhi,2018-06-08,133,73.15,143.64,110.39,151.62,1.4,126.35,8,6,0,113.0
Delhi,2018-07-08,113,62.15,122.04,93.79,128.82,1.19,107.35,8,7,1,86.0
Delhi,2018-08-08,86,47.3,92.88,71.38,98.04,0.9,81.7,8,8,0,88.0
Delhi,2018-09-08,88,48.4,95.04,73.04,100.32,0.92,83.6,8,9,1,102.0
Delhi,2018-10-08,102,56.1,110.16,84.66,116.28,1.07,96.9,8,10,0,96.0
Delhi,2018-11-08,96,52.8,103.68,79.68,109.44,1.01,91.2,8,11,0,83.0
Delhi,2018-12-08,83,45.65,89.64,68.89,94.62,0.87,78.85,8,12,1,114.0
Delhi,2018-01-09,114,62.7,123.12,94.62,129.96,1.2,108.3,9,1,0,106.0
Delhi,2018-02-09,106,58.3,114.48,87.98,120.84,1.11,100.7,9,2,0,73.0
Delhi,2018-03-09,73,40.15,78.84,60.59,83.22,0.77,69.35,9,3,0,112.0
Delhi,2018-04-09,112,61.6,120.96,92.96,127.68,1.18,106.4,9,4,0,90.0
Delhi,2018-05-09,90,49.5,97.2,74.7,102.6,0.95,85.5,9,5,0,137.0
Delhi,2018-06-09,137,75.35,147.96,113.71,156.18,1.44,130.15,9,6,1,91.0
Delhi,2018-07-09,91,50.05,98.28,75.53,103.74,0.96,86.45,9,7,0,86.0
Delhi,2018-08-09,86,47.3,92.88,71.38,98.04,0.9,81.7,9,8,0,61.0
Delhi,2018-09-09,61,33.55,65.88,50.63,69.54,0.64,57.95,9,9,1,84.0
Delhi,2018-10-09,84,46.2,90.72,69.72,95.76,0.88,79.8,9,10,0,79.0
Delhi,2018-11-09,79,43.45,85.32,65.57,90.06,0.83,75.05,9,11,0,90.0
Delhi,2018-12-09,90,49.5,97.2,74.7,102.6,0.95,85.5,9,12,1,148.0
Delhi,2018-01-10,148,81.4,159.84,122.84,168.72,1.55,140.6,10,1,0,202.0
Delhi,2018-02-10,202,111.1,218.16,167.66,230.28,2.12,191.9,10,2,1,143.0
Delhi,2018-03-10,143,78.65,154.44,118.69,163.02,1.5,135.85,10,3,1,201.0
Delhi,2018-04-10,201,110.55,217.08,166.83,229.14,2.11,190.95,10,4,0,256.0
Delhi,2018-05-10,256,140.8,276.48,212.48,291.84,2.69,243.2,10,5,0,209.0
Delhi,2018-06-10,209,114.95,225.72,173.47,238.26,2.19,198.55,10,6,1,181.0
Delhi,2018-07-10,181,99.55,195.48,150.23,206.34,1.9,171.95,10,7,0,246.0
Delhi,2018-08-10,246,135.3,265.68,204.18,280.44,2.58,233.7,10,8,0,251.0
Delhi,2018-09-10,251,138.05,271.08,208.33,286.14,2.64,238.45,10,9,0,241.0
Delhi,2018-10-10,241,132.55,260.28,200.03,274.74,2.53,228.95,10,10,0,210.0
Delhi,2018-11-10,210,115.5,226.8,174.3,239.4,2.21,199.5,10,11,1,154.0
Delhi,2018-12-10,154,84.7,166.32,127.82,175.56,1.62,146.3,10,12,0,393.0
Delhi,2018-01-11,393,216.15,424.44,326.19,448.02,4.13,373.35,11,1,0,370.0
Delhi,2018-02-11,370,203.5,399.6,307.1,421.8,3.89,351.5,11,2,1,340.0
Delhi,2018-03-11,340,187.0,367.2,282.2,387.6,3.57,323.0,11,3,1,171.0
Delhi,2018-04-11,171,94.05,184.68,141.93,194.94,1.8,162.45,11,4,0,426.0
Delhi,2018-05-11,426,234.3,460.08,353.58,485.64,4.47,404.7,11,5,0,338.0
Delhi,2018-06-11,338,185.9,365.04,280.54,385.32,3.55,321.1,11,6,0,281.0
Delhi,2018-07-11,281,154.55,303.48,233.23,320.34,2.95,266.95,11,7,0,390.0
Delhi,2018-08-11,390,214.5,421.2,323.7,444.6,4.1,370.5,11,8,1,423.0
Delhi,2018-09-11,423,232.65,456.84,351.09,482.22,4.44,401.85,11,9,0,401.0
Delhi,2018-10-11,401,220.55,433.08,332.83,457.14,4.21,380.95,11,10,0,405.0
Delhi,2018-11-11,405,222.75,437.4,336.15,461.7,4.25,384.75,11,11,1,399.0
Delhi,2018-12-11,399,219.45,430.92,331.17,454.86,4.19,379.05,11,12,0,306.0
Delhi,2018-01-12,306,168.3,330.48,253.98,348.84,3.21,290.7,12,1,0,297.0
Delhi,2018-02-12,297,163.35,320.76,246.51,338.58,3.12,282.15,12,2,0,328.0
Delhi,2018-03-12,328,180.4,354.24,272.24,373.92,3.44,311.6,12,3,0,356.0
Delhi,2018-04-12,356,195.8,384.48,295.48,405.84,3.74,338.2,12,4,0,331.0
Delhi,2018-05-12,331,182.05,357.48,274.73,377.34,3.48,314.45,12,5,1,349.0
Delhi,2018-06-12,349,191.95,376.92,289.67,397.86,3.66,331.55,12,6,0,348.0
Delhi,2018-07-12,348,191.4,375.84,288.84,396.72,3.65,330.6,12,7,0,347.0
Delhi,2018-08-12,347,190.85,374.76,288.01,395.58,3.64,329.65,12,8,1,374.0
Delhi,2018-09-12,374,205.7,403.92,310.42,426.36,3.93,355.3,12,9,0,403.0
Delhi,2018-10-12,403,221.65,435.24,334.49,459.42,4.23,382.85,12,10,0,413.0
Delhi,2018-11-12,413,227.15,446.04,342.79,470.82,4.34,392.35,12,11,0,392.0
Delhi,2018-12-12,392,215.6,423.36,325.36,446.88,4.12,372.4,12,12,0,393.0
Delhi,2019-01-01,393,216.15,424.44,326.19,448.02,4.13,373.35,1,1,0,430.0
Delhi,2019-02-01,430,236.5,464.4,356.9,490.2,4.52,408.5,1,2,0,444.0
Delhi,2019-03-01,444,244.2,479.52,368.52,506.16,4.66,421.8,1,3,0,386.0
Delhi,2019-04-01,386,212.3,416.88,320.38,440.04,4.05,366.7,1,4,0,407.0
Delhi,2019-05-01,407,223.85,439.56,337.81,463.98,4.27,386.65,1,5,0,336.0
Delhi,2019-06-01,336,184.8,362.88,278.88,383.04,3.53,319.2,1,6,1,333.0
Delhi,2019-07-01,333,183.15,359.64,276.39,379.62,3.5,316.35,1,7,0,320.0
Delhi,2019-08-01,320,176.0,345.6,265.6,364.8,3.36,304.0,1,8,0,288.0
Delhi,2019-09-01,288,158.4,311.04,239.04,328.32,3.02,273.6,1,9,1,292.0
Delhi,2019-10-01,292,160.6,315.36,242.36,332.88,3.07,277.4,1,10,0,371.0
Delhi,2019-11-01,371,204.05,400.68,307.93,422.94,3.9,352.45,1,11,0,423.0
Delhi,2019-12-01,423,232.65,456.84,351.09,482.22,4.44,401.85,1,12,1,306.0
Delhi,2019-01-02,306,168.3,330.48,253.98,348.84,3.21,290.7,2,1,0,332.0
Delhi,2019-02-02,332,182.6,358.56,275.56,378.48,3.49,315.4,2,2,1,289.0
Delhi,2019-03-02,289,158.95,312.12,239.87,329.46,3.03,274.55,2,3,1,288.0
Delhi,2019-04-02,288,158.4,311.04,239.04,328.32,3.02,273.6,2,4,0,382.0
Delhi,2019-05-02,382,210.1,412.56,317.06,435.48,4.01,362.9,2,5,0,352.0
Delhi,2019-06-02,352,193.6,380.16,292.16,401.28,3.7,334.4,2,6,1,176.0
Delhi,2019-07-02,176,96.8,190.08,146.08,200.64,1.85,167.2,2,7,0,144.0
Delhi,2019-08-02,144,79.2,155.52,119.52,164.16,1.51,136.8,2,8,0,158.0
Delhi,2019-09-02,158,86.9,170.64,131.14,180.12,1.66,150.1,2,9,0,276.0
Delhi,2019-10-02,276,151.8,298.08,229.08,314.64,2.9,262.2,2,10,0,309.0
Delhi,2019-11-02,309,169.95,333.72,256.47,352.26,3.24,293.55,2,11,1,342.0
Delhi,2019-12-02,342,188.1,369.36,283.86,389.88,3.59,324.9,2,12,0,225.0
Delhi,2019-01-03,225,123.75,243.0,186.75,256.5,2.36,213.75,3,1,0,217.0
Delhi,2019-02-03,217,119.35,234.36,180.11,247.38,2.28,206.15,3,2,1,117.0
Delhi,2019-03-03,117,64.35,126.36,97.11,133.38,1.23,111.15,3,3,1,234.0
Delhi,2019-04-03,234,128.7,252.72,194.22,266.76,2.46,222.3,3,4,0,140.0
Delhi,2019-05-03,140,77.0,151.2,116.2,159.6,1.47,133.0,3,5,0,186.0
Delhi,2019-06-03,186,102.3,200.88,154.38,212.04,1.95,176.7,3,6,0,217.0
Delhi,2019-07-03,217,119.35,234.36,180.11,247.38,2.28,206.15,3,7,0,197.0
Delhi,2019-08-03,197,108.35,212.76,163.51,224.58,2.07,187.15,3,8,1,187.0
Delhi,2019-09-03,187,102.85,201.96,155.21,213.18,1.96,177.65,3,9,0,160.0
Delhi,2019-10-03,160,88.0,172.8,132.8,182.4,1.68,152.0,3,10,0,187.0
Delhi,2019-11-03,187,102.85,201.96,155.21,213.18,1.96,177.65,3,11,1,134.0
Delhi,2019-12-03,134,73.7,144.72,111.22,152.76,1.41,127.3,3,12,0,151.0
Delhi,2019-01-04,151,83.05,163.08,125.33,172.14,1.59,143.45,4,1,0,198.0
Delhi,2019-02-04,198,108.9,213.84,164.34,225.72,2.08,188.1,4,2,0,187.0
Delhi,2019-03-04,187,102.85,201.96,155.21,213.18,1.96,177.65,4,3,0,254.0
Delhi,2019-04-04,254,139.7,274.32,210.82,289.56,2.67,241.3,4,4,0,264.0
Delhi,2019-05-04,264,145.2,285.12,219.12,300.96,2.77,250.8,4,5,1,266.0
Delhi,2019-06-04,266,146.3,287.28,220.78,303.24,2.79,252.7,4,6,0,302.0
Delhi,2019-07-04,302,166.1,326.16,250.66,344.28,3.17,286.9,4,7,0,264.0
Delhi,2019-08-04,264,145.2,285.12,219.12,300.96,2.77,250.8,4,8,1,204.0
Delhi,2019-09-04,204,112.2,220.32,169.32,232.56,2.14,193.8,4,9,0,238.0
Delhi,2019-10-04,238,130.9,257.04,197.54,271.32,2.5,226.1,4,10,0,183.0
Delhi,2019-11-04,183,100.65,197.64,151.89,208.62,1.92,173.85,4,11,0,212.0
Delhi,2019-12-04,212,116.6,228.96,175.96,241.68,2.23,201.4,4,12,0,295.0
Delhi,2019-01-05,295,162.25,318.6,244.85,336.3,3.1,280.25,5,1,1,257.0
Delhi,2019-02-05,257,141.35,277.56,213.31,292.98,2.7,244.15,5,2,0,183.0
Delhi,2019-03-05,183,100.65,197.64,151.89,208.62,1.92,173.85,5,3,0,182.0
Delhi,2019-04-05,182,100.1,196.56,151.06,207.48,1.91,172.9,5,4,0,227.0
Delhi,2019-05-05,227,124.85,245.16,188.41,258.78,2.38,215.65,5,5,1,249.0
Delhi,2019-06-05,249,136.95,268.92,206.67,283.86,2.61,236.55,5,6,0,294.0
Delhi,2019-07-05,294,161.7,317.52,244.02,335.16,3.09,279.3,5,7,0,357.0
Delhi,2019-08-05,357,196.35,385.56,296.31,406.98,3.75,339.15,5,8,0,347.0
Delhi,2019-09-05,347,190.85,374.76,288.01,395.58,3.64,329.65,5,9,0,277.0
Delhi,2019-10-05,277,152.35,299.16,229.91,315.78,2.91,263.15,5,10,1,251.0
Delhi,2019-11-05,251,138.05,271.08,208.33,286.14,2.64,238.45,5,11,0,334.0
Delhi,2019-12-05,334,183.7,360.72,277.22,380.76,3.51,317.3,5,12,0,264.0
Delhi,2019-01-06,264,145.2,285.12,219.12,300.96,2.77,250.8,6,1,1,201.0
Delhi,2019-02-06,201,110.55,217.08,166.83,229.14,2.11,190.95,6,2,0,261.0
Delhi,2019-03-06,261,143.55,281.88,216.63,297.54,2.74,247.95,6,3,0,169.0
Delhi,2019-04-06,169,92.95,182.52,140.27,192.66,1.77,160.55,6,4,1,192.0
Delhi,2019-05-06,192,105.6,207.36,159.36,218.88,2.02,182.4,6,5,0,206.0
Delhi,2019-06-06,206,113.3,222.48,170.98,234.84,2.16,195.7,6,6,0,173.0
Delhi,2019-07-06,173,95.15,186.84,143.59,197.22,1.82,164.35,6,7,1,181.0
Delhi,2019-08-06,181,99.55,195.48,150.23,206.34,1.9,171.95,6,8,0,239.0
Delhi,2019-09-06,239,131.45,258.12,198.37,272.46,2.51,227.05,6,9,0,207.0
Delhi,2019-10-06,207,113.85,223.56,171.81,235.98,2.17,196.65,6,10,1,307.0
Delhi,2019-11-06,307,168.85,331.56,254.81,349.98,3.22,291.65,6,11,0,233.0
Delhi,2019-12-06,233,128.15,251.64,193.39,265.62,2.45,221.35,6,12,0,183.0
Delhi,2019-01-07,183,100.65,197.64,151.89,208.62,1.92,173.85,7,1,0,218.0
Delhi,2019-02-07,218,119.9,235.44,180.94,248.52,2.29,207.1,7,2,0,136.0
Delhi,2019-03-07,136,74.8,146.88,112.88,155.04,1.43,129.2,7,3,0,103.0
Delhi,2019-04-07,103,56.65,111.24,85.49,117.42,1.08,97.85,7,4,1,106.0
Delhi,2019-05-07,106,58.3,114.48,87.98,120.84,1.11,100.7,7,5,0,88.0
Delhi,2019-06-07,88,48.4,95.04,73.04,100.32,0.92,83.6,7,6,0,91.0
Delhi,2019-07-07,91,50.05,98.28,75.53,103.74,0.96,86.45,7,7,1,127.0
Delhi,2019-08-07,127,69.85,137.16,105.41,144.78,1.33,120.65,7,8,0,126.0
Delhi,2019-09-07,126,69.3,136.08,104.58,143.64,1.32,119.7,7,9,1,148.0
Delhi,2019-10-07,148,81.4,159.84,122.84,168.72,1.55,140.6,7,10,0,317.0
Delhi,2019-11-07,317,174.35,342.36,263.11,361.38,3.33,301.15,7,11,0,272.0
Delhi,2019-12-07,272,149.6,293.76,225.76,310.08,2.86,258.4,7,12,1,89.0
Delhi,2019-01-08,89,48.95,96.12,73.87,101.46,0.93,84.55,8,1,0,84.0
Delhi,2019-02-08,84,46.2,90.72,69.72,95.76,0.88,79.8,8,2,0,89.0
Delhi,2019-03-08,89,48.95,96.12,73.87,101.46,0.93,84.55,8,3,0,87.0
Delhi,2019-04-08,87,47.85,93.96,72.21,99.18,0.91,82.65,8,4,0,105.0
Delhi,2019-05-08,105,57.75,113.4,87.15,119.7,1.1,99.75,8,5,0,76.0
Delhi,2019-06-08,76,41.8,82.08,63.08,86.64,0.8,72.2,8,6,1,75.0
Delhi,2019-07-08,75,41.25,81.0,62.25,85.5,0.79,71.25,8,7,0,79.0
Delhi,2019-08-08,79,43.45,85.32,65.57,90.06,0.83,75.05,8,8,0,75.0
Delhi,2019-09-08,75,41.25,81.0,62.25,85.5,0.79,71.25,8,9,1,59.0
Delhi,2019-10-08,59,32.45,63.72,48.97,67.26,0.62,56.05,8,10,0,68.0
Delhi,2019-11-08,68,37.4,73.44,56.44,77.52,0.71,64.6,8,11,0,57.0
Delhi,2019-12-08,57,31.35,61.56,47.31,64.98,0.6,54.15,8,12,1,108.0
Delhi,2019-01-09,108,59.4,116.64,89.64,123.12,1.13,102.6,9,1,0,96.0
Delhi,2019-02-09,96,52.8,103.68,79.68,109.44,1.01,91.2,9,2,1,141.0
Delhi,2019-03-09,141,77.55,152.28,117.03,160.74,1.48,133.95,9,3,1,173.0
Delhi,2019-04-09,173,95.15,186.84,143.59,197.22,1.82,164.35,9,4,0,95.0
Delhi,2019-05-09,95,52.25,102.6,78.85,108.3,1.0,90.25,9,5,0,90.0
Delhi,2019-06-09,90,49.5,97.2,74.7,102.6,0.95,85.5,9,6,1,82.0
Delhi,2019-07-09,82,45.1,88.56,68.06,93.48,0.86,77.9,9,7,0,77.0
Delhi,2019-08-09,77,42.35,83.16,63.91,87.78,0.81,73.15,9,8,0,108.0
Delhi,2019-09-09,108,59.4,116.64,89.64,123.12,1.13,102.6,9,9,0,137.0
Delhi,2019-10-09,137,75.35,147.96,113.71,156.18,1.44,130.15,9,10,0,168.0
Delhi,2019-11-09,168,92.4,181.44,139.44,191.52,1.76,159.6,9,11,1,151.0
Delhi,2019-12-09,151,83.05,163.08,125.33,172.14,1.59,143.45,9,12,0,93.0
Delhi,2019-01-10,93,51.15,100.44,77.19,106.02,0.98,88.35,10,1,0,90.0
Delhi,2019-02-10,90,49.5,97.2,74.7,102.6,0.95,85.5,10,2,1,136.0
Delhi,2019-03-10,136,74.8,146.88,112.88,155.04,1.43,129.2,10,3,1,100.0
Delhi,2019-04-10,100,55.0,108.0,83.0,114.0,1.05,95.0,10,4,0,98.0
Delhi,2019-05-10,98,53.9,105.84,81.34,111.72,1.03,93.1,10,5,0,127.0
Delhi,2019-06-10,127,69.85,137.16,105.41,144.78,1.33,120.65,10,6,0,130.0
Delhi,2019-07-10,130,71.5,140.4,107.9,148.2,1.37,123.5,10,7,0,112.0
Delhi,2019-08-10,112,61.6,120.96,92.96,127.68,1.18,106.4,10,8,1,173.0
Delhi,2019-09-10,173,95.15,186.84,143.59,197.22,1.82,164.35,10,9,0,211.0
Delhi,2019-10-10,211,116.05,227.88,175.13,240.54,2.22,200.45,10,10,0,216.0
Delhi,2019-11-10,216,118.8,233.28,179.28,246.24,2.27,205.2,10,11,1,222.0
Delhi,2019-12-10,222,122.1,239.76,184.26,253.08,2.33,210.9,10,12,0,484.0
Delhi,2019-01-11,484,266.2,522.72,401.72,551.76,5.08,459.8,11,1,0,399.0
Delhi,2019-02-11,399,219.45,430.92,331.17,454.86,4.19,379.05,11,2,0,494.0
Delhi,2019-03-11,494,271.7,533.52,410.02,563.16,5.19,469.3,11,3,0,407.0
Delhi,2019-04-11,407,223.85,439.56,337.81,463.98,4.27,386.65,11,4,0,324.0
Delhi,2019-05-11,324,178.2,349.92,268.92,369.36,3.4,307.8,11,5,1,214.0
Delhi,2019-06-11,214,117.7,231.12,177.62,243.96,2.25,203.3,11,6,0,309.0
Delhi,2019-07-11,309,169.95,333.72,256.47,352.26,3.24,293.55,11,7,0,330.0
Delhi,2019-08-11,330,181.5,356.4,273.9,376.2,3.47,313.5,11,8,1,283.0
Delhi,2019-09-11,283,155.65,305.64,234.89,322.62,2.97,268.85,11,9,0,321.0
Delhi,2019-10-11,321,176.55,346.68,266.43,365.94,3.37,304.95,11,10,0,360.0
Delhi,2019-11-11,360,198.0,388.8,298.8,410.4,3.78,342.0,11,11,0,425.0
Delhi,2019-12-11,425,233.75,459.0,352.75,484.5,4.46,403.75,11,12,0,250.0
Delhi,2019-01-12,250,137.5,270.0,207.5,285.0,2.63,237.5,12,1,1,279.0
Delhi,2019-02-12,279,153.45,301.32,231.57,318.06,2.93,265.05,12,2,0,282.0
Delhi,2019-03-12,282,155.1,304.56,234.06,321.48,2.96,267.9,12,3,0,296.0
Delhi,2019-04-12,296,162.8,319.68,245.68,337.44,3.11,281.2,12,4,0,382.0
Delhi,2019-05-12,382,210.1,412.56,317.06,435.48,4.01,362.9,12,5,1,404.0
Delhi,2019-06-12,404,222.2,436.32,335.32,460.56,4.24,383.8,12,6,0,371.0
Delhi,2019-07-12,371,204.05,400.68,307.93,422.94,3.9,352.45,12,7,0,391.0
Delhi,2019-08-12,391,215.05,422.28,324.53,445.74,4.11,371.45,12,8,0,343.0
Delhi,2019-09-12,343,188.65,370.44,284.69,391.02,3.6,325.85,12,9,0,369.0
Delhi,2019-10-12,369,202.95,398.52,306.27,420.66,3.87,350.55,12,10,1,408.0
Delhi,2019-11-12,408,224.4,440.64,338.64,465.12,4.28,387.6,12,11,0,430.0
Delhi,2019-12-12,430,236.5,464.4,356.9,490.2,4.52,408.5,12,12,0,437.0
Delhi,2020-01-01,437,240.35,471.96,362.71,498.18,4.59,415.15,1,1,0,417.0
Delhi,2020-02-01,417,229.35,450.36,346.11,475.38,4.38,396.15,1,2,1,352.0
Delhi,2020-03-01,352,193.6,380.16,292.16,401.28,3.7,334.4,1,3,1,334.0
Delhi,2020-04-01,334,183.7,360.72,277.22,380.76,3.51,317.3,1,4,0,330.0
Delhi,2020-05-01,330,181.5,356.4,273.9,376.2,3.47,313.5,1,5,0,325.0
Delhi,2020-06-01,325,178.75,351.0,269.75,370.5,3.41,308.75,1,6,0,254.0
Delhi,2020-07-01,254,139.7,274.32,210.82,289.56,2.67,241.3,1,7,0,266.0
Delhi,2020-08-01,266,146.3,287.28,220.78,303.24,2.79,252.7,1,8,1,203.0
Delhi,2020-09-01,203,111.65,219.24,168.49,231.42,2.13,192.85,1,9,0,255.0
Delhi,2020-10-01,255,140.25,275.4,211.65,290.7,2.68,242.25,1,10,0,288.0
Delhi,2020-11-01,288,158.4,311.04,239.04,328.32,3.02,273.6,1,11,1,348.0
Delhi,2020-12-01,348,191.4,375.84,288.84,396.72,3.65,330.6,1,12,0,232.0
Delhi,2020-01-02,232,127.6,250.56,192.56,264.48,2.44,220.4,2,1,0,244.0
Delhi,2020-02-02,244,134.2,263.52,202.52,278.16,2.56,231.8,2,2,1,270.0
Delhi,2020-03-02,270,148.5,291.6,224.1,307.8,2.84,256.5,2,3,0,310.0
Delhi,2020-04-02,310,170.5,334.8,257.3,353.4,3.26,294.5,2,4,0,312.0
Delhi,2020-05-02,312,171.6,336.96,258.96,355.68,3.28,296.4,2,5,1,231.0
Delhi,2020-06-02,231,127.05,249.48,191.73,263.34,2.43,219.45,2,6,0,295.0
Delhi,2020-07-02,295,162.25,318.6,244.85,336.3,3.1,280.25,2,7,0,289.0
Delhi,2020-08-02,289,158.95,312.12,239.87,329.46,3.03,274.55,2,8,1,285.0
Delhi,2020-09-02,285,156.75,307.8,236.55,324.9,2.99,270.75,2,9,0,309.0
Delhi,2020-10-02,309,169.95,333.72,256.47,352.26,3.24,293.55,2,10,0,323.0
Delhi,2020-11-02,323,177.65,348.84,268.09,368.22,3.39,306.85,2,11,0,320.0
Delhi,2020-12-02,320,176.0,345.6,265.6,364.8,3.36,304.0,2,12,0,90.0
Delhi,2020-01-03,90,49.5,97.2,74.7,102.6,0.95,85.5,3,1,0,205.0
Delhi,2020-02-03,205,112.75,221.4,170.15,233.7,2.15,194.75,3,2,0,205.0
Delhi,2020-03-03,205,112.75,221.4,170.15,233.7,2.15,194.75,3,3,0,195.0
Delhi,2020-04-03,195,107.25,210.6,161.85,222.3,2.05,185.25,3,4,0,79.0
Delhi,2020-05-03,79,43.45,85.32,65.57,90.06,0.83,75.05,3,5,1,64.0
Delhi,2020-06-03,64,35.2,69.12,53.12,72.96,0.67,60.8,3,6,0,67.0
Delhi,2020-07-03,67,36.85,72.36,55.61,76.38,0.7,63.65,3,7,0,164.0
Delhi,2020-08-03,164,90.2,177.12,136.12,186.96,1.72,155.8,3,8,0,123.0
Delhi,2020-09-03,123,67.65,132.84,102.09,140.22,1.29,116.85,3,9,0,188.0
Delhi,2020-10-03,188,103.4,203.04,156.04,214.32,1.97,178.6,3,10,1,116.0
Delhi,2020-11-03,116,63.8,125.28,96.28,132.24,1.22,110.2,3,11,0,127.0
Delhi,2020-12-03,127,69.85,137.16,105.41,144.78,1.33,120.65,3,12,0,73.0
Delhi,2020-01-04,73,40.15,78.84,60.59,83.22,0.77,69.35,4,1,1,69.0
Delhi,2020-02-04,69,37.95,74.52,57.27,78.66,0.72,65.55,4,2,0,79.0
Delhi,2020-03-04,79,43.45,85.32,65.57,90.06,0.83,75.05,4,3,0,87.0
Delhi,2020-04-04,87,47.85,93.96,72.21,99.18,0.91,82.65,4,4,1,102.0
Delhi,2020-05-04,102,56.1,110.16,84.66,116.28,1.07,96.9,4,5,0,142.0
Delhi,2020-06-04,142,78.1,153.36,117.86,161.88,1.49,134.9,4,6,0,90.0
Delhi,2020-07-04,90,49.5,97.2,74.7,102.6,0.95,85.5,4,7,1,83.0
Delhi,2020-08-04,83,45.65,89.64,68.89,94.62,0.87,78.85,4,8,0,86.0
Delhi,2020-09-04,86,47.3,92.88,71.38,98.04,0.9,81.7,4,9,0,118.0
Delhi,2020-10-04,118,64.9,127.44,97.94,134.52,1.24,112.1,4,10,1,124.0
Delhi,2020-11-04,124,68.2,133.92,102.92,141.36,1.3,117.8,4,11,0,94.0
Delhi,2020-12-04,94,51.7,101.52,78.02,107.16,0.99,89.3,4,12,0,146.0
Delhi,2020-01-05,146,80.3,157.68,121.18,166.44,1.53,138.7,5,1,1,112.0
Delhi,2020-02-05,112,61.6,120.96,92.96,127.68,1.18,106.4,5,2,0,93.0
Delhi,2020-03-05,93,51.15,100.44,77.19,106.02,0.98,88.35,5,3,0,94.0
Delhi,2020-04-05,94,51.7,101.52,78.02,107.16,0.99,89.3,5,4,1,119.0
Delhi,2020-05-05,119,65.45,128.52,98.77,135.66,1.25,113.05,5,5,0,139.0
Delhi,2020-06-05,139,76.45,150.12,115.37,158.46,1.46,132.05,5,6,0,127.0
Delhi,2020-07-05,127,69.85,137.16,105.41,144.78,1.33,120.65,5,7,1,134.0
Delhi,2020-08-05,134,73.7,144.72,111.22,152.76,1.41,127.3,5,8,0,144.0
Delhi,2020-09-05,144,79.2,155.52,119.52,164.16,1.51,136.8,5,9,1,121.0
Delhi,2020-10-05,121,66.55,130.68,100.43,137.94,1.27,114.95,5,10,0,116.0
Delhi,2020-11-05,116,63.8,125.28,96.28,132.24,1.22,110.2,5,11,0,125.0
Delhi,2020-12-05,125,68.75,135.0,103.75,142.5,1.31,118.75,5,12,1,104.0
Delhi,2020-01-06,104,57.2,112.32,86.32,118.56,1.09,98.8,6,1,0,124.0
Delhi,2020-02-06,124,68.2,133.92,102.92,141.36,1.3,117.8,6,2,0,122.0
Delhi,2020-03-06,122,67.1,131.76,101.26,139.08,1.28,115.9,6,3,0,153.0
Delhi,2020-04-06,153,84.15,165.24,126.99,174.42,1.61,145.35,6,4,0,111.0
Delhi,2020-05-06,111,61.05,119.88,92.13,126.54,1.17,105.45,6,5,0,102.0
Delhi,2020-06-06,102,56.1,110.16,84.66,116.28,1.07,96.9,6,6,1,107.0
Delhi,2020-07-06,107,58.85,115.56,88.81,121.98,1.12,101.65,6,7,0,108.0
Delhi,2020-08-06,108,59.4,116.64,89.64,123.12,1.13,102.6,6,8,0,139.0
Delhi,2020-09-06,139,76.45,150.12,115.37,158.46,1.46,132.05,6,9,1,152.0
Delhi,2020-10-06,152,83.6,164.16,126.16,173.28,1.6,144.4,6,10,0,141.0
Delhi,2020-11-06,141,77.55,152.28,117.03,160.74,1.48,133.95,6,11,0,153.0
Delhi,2020-12-06,153,84.15,165.24,126.99,174.42,1.61,145.35,6,12,1,117.0
Delhi,2020-01-07,117,64.35,126.36,97.11,133.38,1.23,111.15,7,1,0,127.0
Delhi,2020-02-07,127,69.85,137.16,105.41,144.78,1.33,120.65,7,2,0,156.0
Delhi,2020-03-07,156,85.8,168.48,129.48,177.84,1.64,148.2,7,3,1,105.0
Delhi,2020-04-07,105,57.75,113.4,87.15,119.7,1.1,99.75,7,4,0,90.0
Delhi,2020-05-07,90,49.5,97.2,74.7,102.6,0.95,85.5,7,5,0,90.0
Delhi,2020-06-07,90,49.5,97.2,74.7,102.6,0.95,85.5,7,6,1,65.0
Delhi,2020-07-07,65,35.75,70.2,53.95,74.1,0.68,61.75,7,7,0,51.0
Delhi,2020-08-07,51,28.05,55.08,42.33,58.14,0.54,48.45,7,8,0,78.0
Delhi,2020-09-07,78,42.9,84.24,64.74,88.92,0.82,74.1,7,9,0,67.0
Delhi,2020-10-07,67,36.85,72.36,55.61,76.38,0.7,63.65,7,10,0,68.0
Delhi,2020-11-07,68,37.4,73.44,56.44,77.52,0.71,64.6,7,11,1,71.0
Delhi,2020-12-07,71,39.05,76.68,58.93,80.94,0.75,67.45,7,12,0,81.0
Delhi,2020-01-08,81,44.55,87.48,67.23,92.34,0.85,76.95,8,1,0,61.0
Delhi,2020-02-08,61,33.55,65.88,50.63,69.54,0.64,57.95,8,2,1,67.0
Delhi,2020-03-08,67,36.85,72.36,55.61,76.38,0.7,63.65,8,3,1,62.0
Delhi,2020-04-08,62,34.1,66.96,51.46,70.68,0.65,58.9,8,4,0,86.0
Delhi,2020-05-08,86,47.3,92.88,71.38,98.04,0.9,81.7,8,5,0,69.0
Delhi,2020-06-08,69,37.95,74.52,57.27,78.66,0.72,65.55,8,6,0,54.0
Delhi,2020-07-08,54,29.7,58.32,44.82,61.56,0.57,51.3,8,7,0,87.0
Delhi,2020-08-08,87,47.85,93.96,72.21,99.18,0.91,82.65,8,8,1,74.0
Delhi,2020-09-08,74,40.7,79.92,61.42,84.36,0.78,70.3,8,9,0,72.0
Delhi,2020-10-08,72,39.6,77.76,59.76,82.08,0.76,68.4,8,10,0,75.0
Delhi,2020-11-08,75,41.25,81.0,62.25,85.5,0.79,71.25,8,11,1,63.0
Delhi,2020-12-08,63,34.65,68.04,52.29,71.82,0.66,59.85,8,12,0,53.0
Delhi,2020-01-09,53,29.15,57.24,43.99,60.42,0.56,50.35,9,1,0,69.0
Delhi,2020-02-09,69,37.95,74.52,57.27,78.66,0.72,65.55,9,2,1,84.0
Delhi,2020-03-09,84,46.2,90.72,69.72,95.76,0.88,79.8,9,3,0,82.0
Delhi,2020-04-09,82,45.1,88.56,68.06,93.48,0.86,77.9,9,4,0,101.0
Delhi,2020-05-09,101,55.55,109.08,83.83,115.14,1.06,95.95,9,5,1,70.0
Delhi,2020-06-09,70,38.5,75.6,58.1,79.8,0.74,66.5,9,6,0,93.0
Delhi,2020-07-09,93,51.15,100.44,77.19,106.02,0.98,88.35,9,7,0,79.0
Delhi,2020-08-09,79,43.45,85.32,65.57,90.06,0.83,75.05,9,8,1,105.0
Delhi,2020-09-09,105,57.75,113.4,87.15,119.7,1.1,99.75,9,9,0,108.0
Delhi,2020-10-09,108,59.4,116.64,89.64,123.12,1.13,102.6,9,10,0,136.0
Delhi,2020-11-09,136,74.8,146.88,112.88,155.04,1.43,129.2,9,11,0,144.0
Delhi,2020-12-09,144,79.2,155.52,119.52,164.16,1.51,136.8,9,12,0,152.0
Delhi,2020-01-10,152,83.6,164.16,126.16,173.28,1.6,144.4,10,1,0,180.0
Delhi,2020-02-10,180,99.0,194.4,149.4,205.2,1.89,171.0,10,2,0,189.0
Delhi,2020-03-10,189,103.95,204.12,156.87,215.46,1.98,179.55,10,3,0,184.0
Delhi,2020-04-10,184,101.2,198.72,152.72,209.76,1.93,174.8,10,4,0,179.0
Delhi,2020-05-10,179,98.45,193.32,148.57,204.06,1.88,170.05,10,5,1,178.0
Delhi,2020-06-10,178,97.9,192.24,147.74,202.92,1.87,169.1,10,6,0,215.0
Delhi,2020-07-10,215,118.25,232.2,178.45,245.1,2.26,204.25,10,7,0,208.0
Delhi,2020-08-10,208,114.4,224.64,172.64,237.12,2.18,197.6,10,8,0,202.0
Delhi,2020-09-10,202,111.1,218.16,167.66,230.28,2.12,191.9,10,9,0,221.0
Delhi,2020-10-10,221,121.55,238.68,183.43,251.94,2.32,209.95,10,10,1,216.0
Delhi,2020-11-10,216,118.8,233.28,179.28,246.24,2.27,205.2,10,11,0,261.0
Delhi,2020-12-10,261,143.55,281.88,216.63,297.54,2.74,247.95,10,12,0,364.0
Delhi,2020-01-11,364,200.2,393.12,302.12,414.96,3.82,345.8,11,1,1,293.0
Delhi,2020-02-11,293,161.15,316.44,243.19,334.02,3.08,278.35,11,2,0,302.0
Delhi,2020-03-11,302,166.1,326.16,250.66,344.28,3.17,286.9,11,3,0,343.0
Delhi,2020-04-11,343,188.65,370.44,284.69,391.02,3.6,325.85,11,4,1,450.0
Delhi,2020-05-11,450,247.5,486.0,373.5,513.0,4.73,427.5,11,5,0,406.0
Delhi,2020-06-11,406,223.3,438.48,336.98,462.84,4.26,385.7,11,6,0,427.0
Delhi,2020-07-11,427,234.85,461.16,354.41,486.78,4.48,405.65,11,7,1,416.0
Delhi,2020-08-11,416,228.8,449.28,345.28,474.24,4.37,395.2,11,8,0,477.0
Delhi,2020-09-11,477,262.35,515.16,395.91,543.78,5.01,453.15,11,9,0,476.0
Delhi,2020-10-11,476,261.8,514.08,395.08,542.64,5.0,452.2,11,10,1,344.0
Delhi,2020-11-11,344,189.2,371.52,285.52,392.16,3.61,326.8,11,11,0,314.0
Delhi,2020-12-11,314,172.7,339.12,260.62,357.96,3.3,298.3,11,12,0,367.0
Delhi,2020-01-12,367,201.85,396.36,304.61,418.38,3.85,348.65,12,1,1,373.0
Delhi,2020-02-12,373,205.15,402.84,309.59,425.22,3.92,354.35,12,2,0,341.0
Delhi,2020-03-12,341,187.55,368.28,283.03,388.74,3.58,323.95,12,3,0,382.0
Delhi,2020-04-12,382,210.1,412.56,317.06,435.48,4.01,362.9,12,4,1,404.0
Delhi,2020-05-12,404,222.2,436.32,335.32,460.56,4.24,383.8,12,5,0,389.0
Delhi,2020-06-12,389,213.95,420.12,322.87,443.46,4.08,369.55,12,6,0,400.0
Delhi,2020-07-12,400,220.0,432.0,332.0,456.0,4.2,380.0,12,7,1,383.0
Delhi,2020-08-12,383,210.65,413.64,317.89,436.62,4.02,363.85,12,8,0,358.0
Delhi,2020-09-12,358,196.9,386.64,297.14,408.12,3.76,340.1,12,9,1,284.0
Delhi,2020-10-12,284,156.2,306.72,235.72,323.76,2.98,269.8,12,10,0,295.0
Delhi,2020-11-12,295,162.25,318.6,244.85,336.3,3.1,280.25,12,11,0,356.0
Delhi,2020-12-12,356,195.8,384.48,295.48,405.84,3.74,338.2,12,12,1,441.0
Delhi,2021-01-01,441,242.55,476.28,366.03,502.74,4.63,418.95,1,1,0,443.0
Delhi,2021-02-01,443,243.65,478.44,367.69,505.02,4.65,420.85,1,2,0,354.0
Delhi,2021-03-01,354,194.7,382.32,293.82,403.56,3.72,336.3,1,3,0,151.0
Delhi,2021-04-01,151,83.05,163.08,125.33,172.14,1.59,143.45,1,4,0,140.0
Delhi,2021-05-01,140,77.0,151.2,116.2,159.6,1.47,133.0,1,5,1,226.0
Delhi,2021-06-01,226,124.3,244.08,187.58,257.64,2.37,214.7,1,6,0,255.0
Delhi,2021-07-01,255,140.25,275.4,211.65,290.7,2.68,242.25,1,7,0,234.0
Delhi,2021-08-01,234,128.7,252.72,194.22,266.76,2.46,222.3,1,8,1,301.0
Delhi,2021-09-01,301,165.55,325.08,249.83,343.14,3.16,285.95,1,9,0,245.0
Delhi,2021-10-01,245,134.75,264.6,203.35,279.3,2.57,232.75,1,10,0,243.0
Delhi,2021-11-01,243,133.65,262.44,201.69,277.02,2.55,230.85,1,11,0,293.0
Delhi,2021-12-01,293,161.15,316.44,243.19,334.02,3.08,278.35,1,12,0,352.0
Delhi,2021-01-02,352,193.6,380.16,292.16,401.28,3.7,334.4,2,1,1,364.0
Delhi,2021-02-02,364,200.2,393.12,302.12,414.96,3.82,345.8,2,2,0,330.0
Delhi,2021-03-02,330,181.5,356.4,273.9,376.2,3.47,313.5,2,3,0,316.0
Delhi,2021-04-02,316,173.8,341.28,262.28,360.24,3.32,300.2,2,4,0,133.0
Delhi,2021-05-02,133,73.15,143.64,110.39,151.62,1.4,126.35,2,5,1,199.0
Delhi,2021-06-02,199,109.45,214.92,165.17,226.86,2.09,189.05,2,6,0,232.0
Delhi,2021-07-02,232,127.6,250.56,192.56,264.48,2.44,220.4,2,7,0,303.0
Delhi,2021-08-02,303,166.65,327.24,251.49,345.42,3.18,287.85,2,8,0,305.0
Delhi,2021-09-02,305,167.75,329.4,253.15,347.7,3.2,289.75,2,9,0,291.0
Delhi,2021-10-02,291,160.05,314.28,241.53,331.74,3.06,276.45,2,10,1,330.0
Delhi,2021-11-02,330,181.5,356.4,273.9,376.2,3.47,313.5,2,11,0,341.0
Delhi,2021-12-02,341,187.55,368.28,283.03,388.74,3.58,323.95,2,12,0,177.0
Delhi,2021-01-03,177,97.35,191.16,146.91,201.78,1.86,168.15,3,1,1,175.0
Delhi,2021-02-03,175,96.25,189.0,145.25,199.5,1.84,166.25,3,2,0,188.0
Delhi,2021-03-03,188,103.4,203.04,156.04,214.32,1.97,178.6,3,3,0,278.0
Delhi,2021-04-03,278,152.9,300.24,230.74,316.92,2.92,264.1,3,4,1,255.0
Delhi,2021-05-03,255,140.25,275.4,211.65,290.7,2.68,242.25,3,5,0,204.0
Delhi,2021-06-03,204,112.2,220.32,169.32,232.56,2.14,193.8,3,6,0,256.0
Delhi,2021-07-03,256,140.8,276.48,212.48,291.84,2.69,243.2,3,7,1,207.0
Delhi,2021-08-03,207,113.85,223.56,171.81,235.98,2.17,196.65,3,8,0,283.0
Delhi,2021-09-03,283,155.65,305.64,234.89,322.62,2.97,268.85,3,9,0,175.0
Delhi,2021-10-03,175,96.25,189.0,145.25,199.5,1.84,166.25,3,10,1,242.0
Delhi,2021-11-03,242,133.1,261.36,200.86,275.88,2.54,229.9,3,11,0,218.0
Delhi,2021-12-03,218,119.9,235.44,180.94,248.52,2.29,207.1,3,12,0,182.0
Delhi,2021-01-04,182,100.1,196.56,151.06,207.48,1.91,172.9,4,1,0,176.0
Delhi,2021-02-04,176,96.8,190.08,146.08,200.64,1.85,167.2,4,2,0,159.0
Delhi,2021-03-04,159,87.45,171.72,131.97,181.26,1.67,151.05,4,3,0,171.0
Delhi,2021-04-04,171,94.05,184.68,141.93,194.94,1.8,162.45,4,4,1,205.0
Delhi,2021-05-04,205,112.75,221.4,170.15,233.7,2.15,194.75,4,5,0,279.0
Delhi,2021-06-04,279,153.45,301.32,231.57,318.06,2.93,265.05,4,6,0,250.0
Delhi,2021-07-04,250,137.5,270.0,207.5,285.0,2.63,237.5,4,7,1,153.0
Delhi,2021-08-04,153,84.15,165.24,126.99,174.42,1.61,145.35,4,8,0,170.0
Delhi,2021-09-04,170,93.5,183.6,141.1,193.8,1.79,161.5,4,9,1,181.0
Delhi,2021-10-04,181,99.55,195.48,150.23,206.34,1.9,171.95,4,10,0,186.0
Delhi,2021-11-04,186,102.3,200.88,154.38,212.04,1.95,176.7,4,11,0,241.0
Delhi,2021-12-04,241,132.55,260.28,200.03,274.74,2.53,228.95,4,12,1,238.0
Delhi,2021-01-05,238,130.9,257.04,197.54,271.32,2.5,226.1,5,1,0,174.0
Delhi,2021-02-05,174,95.7,187.92,144.42,198.36,1.83,165.3,5,2,0,245.0
Delhi,2021-03-05,245,134.75,264.6,203.35,279.3,2.57,232.75,5,3,0,173.0
Delhi,2021-04-05,173,95.15,186.84,143.59,197.22,1.82,164.35,5,4,0,175.0
Delhi,2021-05-05,175,96.25,189.0,145.25,199.5,1.84,166.25,5,5,0,156.0
Delhi,2021-06-05,156,85.8,168.48,129.48,177.84,1.64,148.2,5,6,1,142.0
Delhi,2021-07-05,142,78.1,153.36,117.86,161.88,1.49,134.9,5,7,0,173.0
Delhi,2021-08-05,173,95.15,186.84,143.59,197.22,1.82,164.35,5,8,0,166.0
Delhi,2021-09-05,166,91.3,179.28,137.78,189.24,1.74,157.7,5,9,1,136.0
Delhi,2021-10-05,136,74.8,146.88,112.88,155.04,1.43,129.2,5,10,0,151.0
Delhi,2021-11-05,151,83.05,163.08,125.33,172.14,1.59,143.45,5,11,0,115.0
Delhi,2021-12-05,115,63.25,124.2,95.45,131.1,1.21,109.25,5,12,1,115.0
Delhi,2021-01-06,115,63.25,124.2,95.45,131.1,1.21,109.25,6,1,0,143.0
Delhi,2021-02-06,143,78.65,154.44,118.69,163.02,1.5,135.85,6,2,1,159.0
Delhi,2021-03-06,159,87.45,171.72,131.97,181.26,1.67,151.05,6,3,1,196.0
Delhi,2021-04-06,196,107.8,211.68,162.68,223.44,2.06,186.2,6,4,0,124.0
Delhi,2021-05-06,124,68.2,133.92,102.92,141.36,1.3,117.8,6,5,0,134.0
Delhi,2021-06-06,134,73.7,144.72,111.22,152.76,1.41,127.3,6,6,1,180.0
Delhi,2021-07-06,180,99.0,194.4,149.4,205.2,1.89,171.0,6,7,0,205.0
Delhi,2021-08-06,205,112.75,221.4,170.15,233.7,2.15,194.75,6,8,0,305.0
Delhi,2021-09-06,305,167.75,329.4,253.15,347.7,3.2,289.75,6,9,0,221.0
Delhi,2021-10-06,221,121.55,238.68,183.43,251.94,2.32,209.95,6,10,0,145.0
Delhi,2021-11-06,145,79.75,156.6,120.35,165.3,1.52,137.75,6,11,1,133.0
Delhi,2021-12-06,133,73.15,143.64,110.39,151.62,1.4,126.35,6,12,0,266.0
Delhi,2021-01-07,266,146.3,287.28,220.78,303.24,2.79,252.7,7,1,0,245.0
Delhi,2021-02-07,245,134.75,264.6,203.35,279.3,2.57,232.75,7,2,1,139.0
Delhi,2021-03-07,139,76.45,150.12,115.37,158.46,1.46,132.05,7,3,1,140.0
Delhi,2021-04-07,140,77.0,151.2,116.2,159.6,1.47,133.0,7,4,0,149.0
Delhi,2021-05-07,149,81.95,160.92,123.67,169.86,1.56,141.55,7,5,0,144.0
Delhi,2021-06-07,144,79.2,155.52,119.52,164.16,1.51,136.8,7,6,0,178.0
Delhi,2021-07-07,178,97.9,192.24,147.74,202.92,1.87,169.1,7,7,0,164.0
Delhi,2021-08-07,164,90.2,177.12,136.12,186.96,1.72,155.8,7,8,1,144.0
Delhi,2021-09-07,144,79.2,155.52,119.52,164.16,1.51,136.8,7,9,0,97.0
Delhi,2021-10-07,97,53.35,104.76,80.51,110.58,1.02,92.15,7,10,0,94.0
Delhi,2021-11-07,94,51.7,101.52,78.02,107.16,0.99,89.3,7,11,1,90.0
Delhi,2021-12-07,90,49.5,97.2,74.7,102.6,0.95,85.5,7,12,0,81.0
Delhi,2021-01-08,81,44.55,87.48,67.23,92.34,0.85,76.95,8,1,0,95.0
Delhi,2021-02-08,95,52.25,102.6,78.85,108.3,1.0,90.25,8,2,0,71.0
Delhi,2021-03-08,71,39.05,76.68,58.93,80.94,0.75,67.45,8,3,0,69.0
Delhi,2021-04-08,69,37.95,74.52,57.27,78.66,0.72,65.55,8,4,0,99.0
Delhi,2021-05-08,99,54.45,106.92,82.17,112.86,1.04,94.05,8,5,1,104.0
Delhi,2021-06-08,104,57.2,112.32,86.32,118.56,1.09,98.8,8,6,0,101.0
Delhi,2021-07-08,101,55.55,109.08,83.83,115.14,1.06,95.95,8,7,0,109.0
Delhi,2021-08-08,109,59.95,117.72,90.47,124.26,1.14,103.55,8,8,1,101.0
Delhi,2021-09-08,101,55.55,109.08,83.83,115.14,1.06,95.95,8,9,0,101.0
Delhi,2021-10-08,101,55.55,109.08,83.83,115.14,1.06,95.95,8,10,0,122.0
Delhi,2021-11-08,122,67.1,131.76,101.26,139.08,1.28,115.9,8,11,0,114.0
Delhi,2021-12-08,114,62.7,123.12,94.62,129.96,1.2,108.3,8,12,0,64.0
Delhi,2021-01-09,64,35.2,69.12,53.12,72.96,0.67,60.8,9,1,1,64.0
Delhi,2021-02-09,64,35.2,69.12,53.12,72.96,0.67,60.8,9,2,0,70.0
Delhi,2021-03-09,70,38.5,75.6,58.1,79.8,0.74,66.5,9,3,0,68.0
Delhi,2021-04-09,68,37.4,73.44,56.44,77.52,0.71,64.6,9,4,0,88.0
Delhi,2021-05-09,88,48.4,95.04,73.04,100.32,0.92,83.6,9,5,1,122.0
Delhi,2021-06-09,122,67.1,131.76,101.26,139.08,1.28,115.9,9,6,0,98.0
Delhi,2021-07-09,98,53.9,105.84,81.34,111.72,1.03,93.1,9,7,0,70.0
Delhi,2021-08-09,70,38.5,75.6,58.1,79.8,0.74,66.5,9,8,0,75.0
Delhi,2021-09-09,75,41.25,81.0,62.25,85.5,0.79,71.25,9,9,0,79.0
Delhi,2021-10-09,79,43.45,85.32,65.57,90.06,0.83,75.05,9,10,1,61.0
Delhi,2021-11-09,61,33.55,65.88,50.63,69.54,0.64,57.95,9,11,0,60.0
Delhi,2021-12-09,60,33.0,64.8,49.8,68.4,0.63,57.0,9,12,0,108.0
Delhi,2021-01-10,108,59.4,116.64,89.64,123.12,1.13,102.6,10,1,1,125.0
Delhi,2021-02-10,125,68.75,135.0,103.75,142.5,1.31,118.75,10,2,0,105.0
Delhi,2021-03-10,105,57.75,113.4,87.15,119.7,1.1,99.75,10,3,0,91.0
Delhi,2021-04-10,91,50.05,98.28,75.53,103.74,0.96,86.45,10,4,1,115.0
Delhi,2021-05-10,115,63.25,124.2,95.45,131.1,1.21,109.25,10,5,0,114.0
Delhi,2021-06-10,114,62.7,123.12,94.62,129.96,1.2,108.3,10,6,0,127.0
Delhi,2021-07-10,127,69.85,137.16,105.41,144.78,1.33,120.65,10,7,1,167.0
Delhi,2021-08-10,167,91.85,180.36,138.61,190.38,1.75,158.65,10,8,0,171.0
Delhi,2021-09-10,171,94.05,184.68,141.93,194.94,1.8,162.45,10,9,0,168.0
Delhi,2021-10-10,168,92.4,181.44,139.44,191.52,1.76,159.6,10,10,1,166.0
Delhi,2021-11-10,166,91.3,179.28,137.78,189.24,1.74,157.7,10,11,0,179.0
Delhi,2021-12-10,179,98.45,193.32,148.57,204.06,1.88,170.05,10,12,0,281.0
Delhi,2021-01-11,281,154.55,303.48,233.23,320.34,2.95,266.95,11,1,0,303.0
Delhi,2021-02-11,303,166.65,327.24,251.49,345.42,3.18,287.85,11,2,0,314.0
Delhi,2021-03-11,314,172.7,339.12,260.62,357.96,3.3,298.3,11,3,0,382.0
Delhi,2021-04-11,382,210.1,412.56,317.06,435.48,4.01,362.9,11,4,1,462.0
Delhi,2021-05-11,462,254.1,498.96,383.46,526.68,4.85,438.9,11,5,0,437.0
Delhi,2021-06-11,437,240.35,471.96,362.71,498.18,4.59,415.15,11,6,0,428.0
Delhi,2021-07-11,428,235.4,462.24,355.24,487.92,4.49,406.6,11,7,1,390.0
Delhi,2021-08-11,390,214.5,421.2,323.7,444.6,4.1,370.5,11,8,0,404.0
Delhi,2021-09-11,404,222.2,436.32,335.32,460.56,4.24,383.8,11,9,1,372.0
Delhi,2021-10-11,372,204.6,401.76,308.76,424.08,3.91,353.4,11,10,0,411.0
Delhi,2021-11-11,411,226.05,443.88,341.13,468.54,4.32,390.45,11,11,0,471.0
Delhi,2021-12-11,471,259.05,508.68,390.93,536.94,4.95,447.45,11,12,1,370.0
Delhi,2021-01-12,370,203.5,399.6,307.1,421.8,3.89,351.5,12,1,0,429.0
Delhi,2021-02-12,429,235.95,463.32,356.07,489.06,4.5,407.55,12,2,0,346.0
Delhi,2021-03-12,346,190.3,373.68,287.18,394.44,3.63,328.7,12,3,0,362.0
Delhi,2021-04-12,362,199.1,390.96,300.46,412.68,3.8,343.9,12,4,0,305.0
Delhi,2021-05-12,305,167.75,329.4,253.15,347.7,3.2,289.75,12,5,0,322.0
Delhi,2021-06-12,322,177.1,347.76,267.26,367.08,3.38,305.9,12,6,1,255.0
Delhi,2021-07-12,255,140.25,275.4,211.65,290.7,2.68,242.25,12,7,0,237.0
Delhi,2021-08-12,237,130.35,255.96,196.71,270.18,2.49,225.15,12,8,0,289.0
Delhi,2021-09-12,289,158.95,312.12,239.87,329.46,3.03,274.55,12,9,1,314.0
Delhi,2021-10-12,314,172.7,339.12,260.62,357.96,3.3,298.3,12,10,0,281.0
Delhi,2021-11-12,281,154.55,303.48,233.23,320.34,2.95,266.95,12,11,0,254.0
Delhi,2021-12-12,254,139.7,274.32,210.82,289.56,2.67,241.3,12,12,1,402.0
Delhi,2022-01-01,402,221.1,434.16,333.66,458.28,4.22,381.9,1,1,1,437.0
Delhi,2022-02-01,437,240.35,471.96,362.71,498.18,4.59,415.15,1,2,0,402.0
Delhi,2022-03-01,402,221.1,434.16,333.66,458.28,4.22,381.9,1,3,0,420.0
Delhi,2022-04-01,420,231.0,453.6,348.6,478.8,4.41,399.0,1,4,0,449.0
Delhi,2022-05-01,449,246.95,484.92,372.67,511.86,4.71,426.55,1,5,1,252.0
Delhi,2022-06-01,252,138.6,272.16,209.16,287.28,2.65,239.4,1,6,0,179.0
Delhi,2022-07-01,179,98.45,193.32,148.57,204.06,1.88,170.05,1,7,0,84.0
Delhi,2022-08-01,84,46.2,90.72,69.72,95.76,0.88,79.8,1,8,0,81.0
Delhi,2022-09-01,81,44.55,87.48,67.23,92.34,0.85,76.95,1,9,0,182.0
Delhi,2022-10-01,182,100.1,196.56,151.06,207.48,1.91,172.9,1,10,1,256.0
Delhi,2022-11-01,256,140.8,276.48,212.48,291.84,2.69,243.2,1,11,0,220.0
Delhi,2022-12-01,220,121.0,237.6,182.6,250.8,2.31,209.0,1,12,0,342.0
Delhi,2022-01-02,342,188.1,369.36,283.86,389.88,3.59,324.9,2,1,1,321.0
Delhi,2022-02-02,321,176.55,346.68,266.43,365.94,3.37,304.95,2,2,0,335.0
Delhi,2022-03-02,335,184.25,361.8,278.05,381.9,3.52,318.25,2,3,0,126.0
Delhi,2022-04-02,126,69.3,136.08,104.58,143.64,1.32,119.7,2,4,1,279.0
Delhi,2022-05-02,279,153.45,301.32,231.57,318.06,2.93,265.05,2,5,0,380.0
Delhi,2022-06-02,380,209.0,410.4,315.4,433.2,3.99,361.0,2,6,0,326.0
Delhi,2022-07-02,326,179.3,352.08,270.58,371.64,3.42,309.7,2,7,1,313.0
Delhi,2022-08-02,313,172.15,338.04,259.79,356.82,3.29,297.35,2,8,0,316.0
Delhi,2022-09-02,316,173.8,341.28,262.28,360.24,3.32,300.2,2,9,0,204.0
Delhi,2022-10-02,204,112.2,220.32,169.32,232.56,2.14,193.8,2,10,1,216.0
Delhi,2022-11-02,216,118.8,233.28,179.28,246.24,2.27,205.2,2,11,0,232.0
Delhi,2022-12-02,232,127.6,250.56,192.56,264.48,2.44,220.4,2,12,0,215.0
Delhi,2022-01-03,215,118.25,232.2,178.45,245.1,2.26,204.25,3,1,0,289.0
Delhi,2022-02-03,289,158.95,312.12,239.87,329.46,3.03,274.55,3,2,0,218.0
Delhi,2022-03-03,218,119.9,235.44,180.94,248.52,2.29,207.1,3,3,0,256.0
Delhi,2022-04-03,256,140.8,276.48,212.48,291.84,2.69,243.2,3,4,1,137.0
Delhi,2022-05-03,137,75.35,147.96,113.71,156.18,1.44,130.15,3,5,0,207.0
Delhi,2022-06-03,207,113.85,223.56,171.81,235.98,2.17,196.65,3,6,0,301.0
Delhi,2022-07-03,301,165.55,325.08,249.83,343.14,3.16,285.95,3,7,1,357.0
Delhi,2022-08-03,357,196.35,385.56,296.31,406.98,3.75,339.15,3,8,0,206.0
Delhi,2022-09-03,206,113.3,222.48,170.98,234.84,2.16,195.7,3,9,1,180.0
Delhi,2022-10-03,180,99.0,194.4,149.4,205.2,1.89,171.0,3,10,0,207.0
Delhi,2022-12-03,207,113.85,223.56,171.81,235.98,2.17,196.65,3,12,1,226.0
Delhi,2022-01-04,226,124.3,244.08,187.58,257.64,2.37,214.7,4,1,0,322.0
Delhi,2022-02-04,322,177.1,347.76,267.26,367.08,3.38,305.9,4,2,0,310.0
Delhi,2022-03-04,310,170.5,334.8,257.3,353.4,3.26,294.5,4,3,0,346.0
Delhi,2022-04-04,346,190.3,373.68,287.18,394.44,3.63,328.7,4,4,0,337.0
Delhi,2022-05-04,337,185.35,363.96,279.71,384.18,3.54,320.15,4,5,0,349.0
Delhi,2022-06-04,349,191.95,376.92,289.67,397.86,3.66,331.55,4,6,1,359.0
Delhi,2022-07-04,359,197.45,387.72,297.97,409.26,3.77,341.05,4,7,0,314.0
Delhi,2022-08-04,314,172.7,339.12,260.62,357.96,3.3,298.3,4,8,0,332.0
Delhi,2022-09-04,332,182.6,358.56,275.56,378.48,3.49,315.4,4,9,1,312.0
Delhi,2022-10-04,312,171.6,336.96,258.96,355.68,3.28,296.4,4,10,0,335.0
Delhi,2022-11-04,335,184.25,361.8,278.05,381.9,3.52,318.25,4,11,0,300.0
Delhi,2022-12-04,300,165.0,324.0,249.0,342.0,3.15,285.0,4,12,1,315.0
Delhi,2022-01-05,315,173.25,340.2,261.45,359.1,3.31,299.25,5,1,0,220.0
Delhi,2022-02-05,220,121.0,237.6,182.6,250.8,2.31,209.0,5,2,1,226.0
Delhi,2022-04-05,226,124.3,244.08,187.58,257.64,2.37,214.7,5,4,0,167.0
Delhi,2022-05-05,167,91.85,180.36,138.61,190.38,1.75,158.65,5,5,0,308.0
Delhi,2022-06-05,308,169.4,332.64,255.64,351.12,3.23,292.6,5,6,1,242.0
Delhi,2022-07-05,242,133.1,261.36,200.86,275.88,2.54,229.9,5,7,0,202.0
Delhi,2022-08-05,202,111.1,218.16,167.66,230.28,2.12,191.9,5,8,0,159.0
Delhi,2022-09-05,159,87.45,171.72,131.97,181.26,1.67,151.05,5,9,0,154.0
Delhi,2022-10-05,154,84.7,166.32,127.82,175.56,1.62,146.3,5,10,0,153.0
Delhi,2022-11-05,153,84.15,165.24,126.99,174.42,1.61,145.35,5,11,1,163.0
Delhi,2022-12-05,163,89.65,176.04,135.29,185.82,1.71,154.85,5,12,0,367.0
Delhi,2022-01-06,367,201.85,396.36,304.61,418.38,3.85,348.65,6,1,0,248.0
Delhi,2022-02-06,248,136.4,267.84,205.84,282.72,2.6,235.6,6,2,1,291.0
Delhi,2022-03-06,291,160.05,314.28,241.53,331.74,3.06,276.45,6,3,1,265.0
Delhi,2022-04-06,265,145.75,286.2,219.95,302.1,2.78,251.75,6,4,0,190.0
Delhi,2022-06-06,190,104.5,205.2,157.7,216.6,2.0,180.5,6,6,0,319.0
Delhi,2022-07-06,319,175.45,344.52,264.77,363.66,3.35,303.05,6,7,0,385.0
Delhi,2022-08-06,385,211.75,415.8,319.55,438.9,4.04,365.75,6,8,1,246.0
Delhi,2022-09-06,246,135.3,265.68,204.18,280.44,2.58,233.7,6,9,0,341.0
Delhi,2022-10-06,341,187.55,368.28,283.03,388.74,3.58,323.95,6,10,0,266.0
Delhi,2022-11-06,266,146.3,287.28,220.78,303.24,2.79,252.7,6,11,1,262.0
Delhi,2022-12-06,262,144.1,282.96,217.46,298.68,2.75,248.9,6,12,0,91.0
Delhi,2022-01-07,91,50.05,98.28,75.53,103.74,0.96,86.45,7,1,0,130.0
Delhi,2022-02-07,130,71.5,140.4,107.9,148.2,1.37,123.5,7,2,0,80.0
Delhi,2022-03-07,80,44.0,86.4,66.4,91.2,0.84,76.0,7,3,0,134.0
Delhi,2022-04-07,134,73.7,144.72,111.22,152.76,1.41,127.3,7,4,0,202.0
Delhi,2022-05-07,202,111.1,218.16,167.66,230.28,2.12,191.9,7,5,1,109.0
Delhi,2022-06-07,109,59.95,117.72,90.47,124.26,1.14,103.55,7,6,0,103.0
Delhi,2022-07-07,103,56.65,111.24,85.49,117.42,1.08,97.85,7,7,0,99.0
Delhi,2022-08-07,99,54.45,106.92,82.17,112.86,1.04,94.05,7,8,1,120.0
Delhi,2022-09-07,120,66.0,129.6,99.6,136.8,1.26,114.0,7,9,0,79.0
Delhi,2022-10-07,79,43.45,85.32,65.57,90.06,0.83,75.05,7,10,0,101.0
Delhi,2022-11-07,101,55.55,109.08,83.83,115.14,1.06,95.95,7,11,0,149.0
Delhi,2022-12-07,149,81.95,160.92,123.67,169.86,1.56,141.55,7,12,0,86.0
Delhi,2022-01-08,86,47.3,92.88,71.38,98.04,0.9,81.7,8,1,1,97.0
Delhi,2022-02-08,97,53.35,104.76,80.51,110.58,1.02,92.15,8,2,0,132.0
Delhi,2022-03-08,132,72.6,142.56,109.56,150.48,1.39,125.4,8,3,0,120.0
Delhi,2022-04-08,120,66.0,129.6,99.6,136.8,1.26,114.0,8,4,0,83.0
Delhi,2022-05-08,83,45.65,89.64,68.89,94.62,0.87,78.85,8,5,1,110.0
Delhi,2022-06-08,110,60.5,118.8,91.3,125.4,1.16,104.5,8,6,0,160.0
Delhi,2022-07-08,160,88.0,172.8,132.8,182.4,1.68,152.0,8,7,0,102.0
Delhi,2022-08-08,102,56.1,110.16,84.66,116.28,1.07,96.9,8,8,0,140.0
Delhi,2022-09-08,140,77.0,151.2,116.2,159.6,1.47,133.0,8,9,0,106.0
Delhi,2022-10-08,106,58.3,114.48,87.98,120.84,1.11,100.7,8,10,1,73.0
Delhi,2022-11-08,73,40.15,78.84,60.59,83.22,0.77,69.35,8,11,0,89.0
Delhi,2022-12-08,89,48.95,96.12,73.87,101.46,0.93,84.55,8,12,0,126.0
Delhi,2022-01-09,126,69.3,136.08,104.58,143.64,1.32,119.7,9,1,1,120.0
Delhi,2022-02-09,120,66.0,129.6,99.6,136.8,1.26,114.0,9,2,0,126.0
Delhi,2022-03-09,126,69.3,136.08,104.58,143.64,1.32,119.7,9,3,0,105.0
Delhi,2022-04-09,105,57.75,113.4,87.15,119.7,1.1,99.75,9,4,1,102.0
Delhi,2022-05-09,102,56.1,110.16,84.66,116.28,1.07,96.9,9,5,0,128.0
Delhi,2022-06-09,128,70.4,138.24,106.24,145.92,1.34,121.6,9,6,0,138.0
Delhi,2022-07-09,138,75.9,149.04,114.54,157.32,1.45,131.1,9,7,1,148.0
Delhi,2022-08-09,148,81.4,159.84,122.84,168.72,1.55,140.6,9,8,0,137.0
Delhi,2022-09-09,137,75.35,147.96,113.71,156.18,1.44,130.15,9,9,0,116.0
Delhi,2022-10-09,116,63.8,125.28,96.28,132.24,1.22,110.2,9,10,1,89.0
Delhi,2022-11-09,89,48.95,96.12,73.87,101.46,0.93,84.55,9,11,0,83.0
Delhi,2022-12-09,83,45.65,89.64,68.89,94.62,0.87,78.85,9,12,0,230.0
Delhi,2022-01-10,230,126.5,248.4,190.9,262.2,2.42,218.5,10,1,0,225.0
Delhi,2022-02-10,225,123.75,243.0,186.75,256.5,2.36,213.75,10,2,0,133.0
Delhi,2022-03-10,133,73.15,143.64,110.39,151.62,1.4,126.35,10,3,0,165.0
Delhi,2022-04-10,165,90.75,178.2,136.95,188.1,1.73,156.75,10,4,1,263.0
Delhi,2022-05-10,263,144.65,284.04,218.29,299.82,2.76,249.85,10,5,0,67.0
Delhi,2022-06-10,67,36.85,72.36,55.61,76.38,0.7,63.65,10,6,0,56.0
Delhi,2022-07-10,56,30.8,60.48,46.48,63.84,0.59,53.2,10,7,1,60.0
Delhi,2022-08-10,60,33.0,64.8,49.8,68.4,0.63,57.0,10,8,0,43.0
Delhi,2022-09-10,43,23.65,46.44,35.69,49.02,0.45,40.85,10,9,1,49.0
Delhi,2022-10-10,49,26.95,52.92,40.67,55.86,0.51,46.55,10,10,0,86.0
Delhi,2022-11-10,86,47.3,92.88,71.38,98.04,0.9,81.7,10,11,0,162.0
Delhi,2022-12-10,162,89.1,174.96,134.46,184.68,1.7,153.9,10,12,1,446.0
Delhi,2022-01-11,446,245.3,481.68,370.18,508.44,4.68,423.7,11,1,0,406.0
Delhi,2022-02-11,406,223.3,438.48,336.98,462.84,4.26,385.7,11,2,0,366.0
Delhi,2022-05-11,366,201.3,395.28,303.78,417.24,3.84,347.7,11,5,0,346.0
Delhi,2022-06-11,346,190.3,373.68,287.18,394.44,3.63,328.7,11,6,1,386.0
Delhi,2022-07-11,386,212.3,416.88,320.38,440.04,4.05,366.7,11,7,0,398.0
Delhi,2022-08-11,398,218.9,429.84,330.34,453.72,4.18,378.1,11,8,0,234.0
Delhi,2022-09-11,234,128.7,252.72,194.22,266.76,2.46,222.3,11,9,1,374.0
Delhi,2022-10-11,374,205.7,403.92,310.42,426.36,3.93,355.3,11,10,0,456.0
Delhi,2022-11-11,456,250.8,492.48,378.48,519.84,4.79,433.2,11,11,0,422.0
Delhi,2022-12-11,422,232.1,455.76,350.26,481.08,4.43,400.9,11,12,1,399.0
Delhi,2022-01-12,399,219.45,430.92,331.17,454.86,4.19,379.05,12,1,0,389.0
Delhi,2022-03-12,389,213.95,420.12,322.87,443.46,4.08,369.55,12,3,1,441.0
Delhi,2022-04-12,441,242.55,476.28,366.03,502.74,4.63,418.95,12,4,0,373.0
Delhi,2022-05-12,373,205.15,402.84,309.59,425.22,3.92,354.35,12,5,0,369.0
Delhi,2022-06-12,369,202.95,398.52,306.27,420.66,3.87,350.55,12,6,1,309.0
Delhi,2022-07-12,309,169.95,333.72,256.47,352.26,3.24,293.55,12,7,0,303.0
Delhi,2022-08-12,303,166.65,327.24,251.49,345.42,3.18,287.85,12,8,0,367.0
Delhi,2022-09-12,367,201.85,396.36,304.61,418.38,3.85,348.65,12,9,0,407.0
Delhi,2022-10-12,407,223.85,439.56,337.81,463.98,4.27,386.65,12,10,0,338.0
Delhi,2022-11-12,338,185.9,365.04,280.54,385.32,3.55,321.1,12,11,1,228.0
Delhi,2022-12-12,228,125.4,246.24,189.24,259.92,2.39,216.6,12,12,0,259.0
Delhi,2023-01-01,259,142.45,279.72,214.97,295.26,2.72,246.05,1,1,1,357.0
Delhi,2023-02-01,357,196.35,385.56,296.31,406.98,3.75,339.15,1,2,0,385.0
Delhi,2023-03-01,385,211.75,415.8,319.55,438.9,4.04,365.75,1,3,0,343.0
Delhi,2023-04-01,343,188.65,370.44,284.69,391.02,3.6,325.85,1,4,1,340.0
Delhi,2023-05-01,340,187.0,367.2,282.2,387.6,3.57,323.0,1,5,0,400.0
Delhi,2023-06-01,400,220.0,432.0,332.0,456.0,4.2,380.0,1,6,0,377.0
Delhi,2023-07-01,377,207.35,407.16,312.91,429.78,3.96,358.15,1,7,1,375.0
Delhi,2023-08-01,375,206.25,405.0,311.25,427.5,3.94,356.25,1,8,0,434.0
Delhi,2023-09-01,434,238.7,468.72,360.22,494.76,4.56,412.3,1,9,0,407.0
Delhi,2023-10-01,407,223.85,439.56,337.81,463.98,4.27,386.65,1,10,1,308.0
Delhi,2023-11-01,308,169.4,332.64,255.64,351.12,3.23,292.6,1,11,0,371.0
Delhi,2023-12-01,371,204.05,400.68,307.93,422.94,3.9,352.45,1,12,0,164.0
Delhi,2023-01-02,164,90.2,177.12,136.12,186.96,1.72,155.8,2,1,0,194.0
Delhi,2023-02-02,194,106.7,209.52,161.02,221.16,2.04,184.3,2,2,0,199.0
Delhi,2023-03-02,199,109.45,214.92,165.17,226.86,2.09,189.05,2,3,0,242.0
Delhi,2023-04-02,242,133.1,261.36,200.86,275.88,2.54,229.9,2,4,1,244.0
Delhi,2023-05-02,244,134.2,263.52,202.52,278.16,2.56,231.8,2,5,0,265.0
Delhi,2023-06-02,265,145.75,286.2,219.95,302.1,2.78,251.75,2,6,0,285.0
Delhi,2023-07-02,285,156.75,307.8,236.55,324.9,2.99,270.75,2,7,1,144.0
Delhi,2023-08-02,144,79.2,155.52,119.52,164.16,1.51,136.8,2,8,0,212.0
Delhi,2023-09-02,212,116.6,228.96,175.96,241.68,2.23,201.4,2,9,1,187.0
Delhi,2023-10-02,187,102.85,201.96,155.21,213.18,1.96,177.65,2,10,0,275.0
Delhi,2023-11-02,275,151.25,297.0,228.25,313.5,2.89,261.25,2,11,0,175.0
Delhi,2023-12-02,175,96.25,189.0,145.25,199.5,1.84,166.25,2,12,1,181.0
Delhi,2023-01-03,181,99.55,195.48,150.23,206.34,1.9,171.95,3,1,0,226.0
Delhi,2023-02-03,226,124.3,244.08,187.58,257.64,2.37,214.7,3,2,0,152.0
Delhi,2023-03-03,152,83.6,164.16,126.16,173.28,1.6,144.4,3,3,0,129.0
Delhi,2023-04-03,129,70.95,139.32,107.07,147.06,1.35,122.55,3,4,0,142.0
Delhi,2023-05-03,142,78.1,153.36,117.86,161.88,1.49,134.9,3,5,0,142.0
Delhi,2023-06-03,142,78.1,153.36,117.86,161.88,1.49,134.9,3,6,1,173.0
Delhi,2023-07-03,173,95.15,186.84,143.59,197.22,1.82,164.35,3,7,0,215.0
Delhi,2023-08-03,215,118.25,232.2,178.45,245.1,2.26,204.25,3,8,0,119.0
Delhi,2023-09-03,119,65.45,128.52,98.77,135.66,1.25,113.05,3,9,1,187.0
Delhi,2023-10-03,187,102.85,201.96,155.21,213.18,1.96,177.65,3,10,0,200.0
Delhi,2023-11-03,200,110.0,216.0,166.0,228.0,2.1,190.0,3,11,0,216.0
Delhi,2023-12-03,216,118.8,233.28,179.28,246.24,2.27,205.2,3,12,1,106.0
Delhi,2023-01-04,106,58.3,114.48,87.98,120.84,1.11,100.7,4,1,0,128.0
Delhi,2023-02-04,128,70.4,138.24,106.24,145.92,1.34,121.6,4,2,1,179.0
Delhi,2023-03-04,179,98.45,193.32,148.57,204.06,1.88,170.05,4,3,1,109.0
Delhi,2023-04-04,109,59.95,117.72,90.47,124.26,1.14,103.55,4,4,0,135.0
Delhi,2023-05-04,135,74.25,145.8,112.05,153.9,1.42,128.25,4,5,0,142.0
Delhi,2023-06-04,142,78.1,153.36,117.86,161.88,1.49,134.9,4,6,1,142.0
Delhi,2023-07-04,142,78.1,153.36,117.86,161.88,1.49,134.9,4,7,0,172.0
Delhi,2023-08-04,172,94.6,185.76,142.76,196.08,1.81,163.4,4,8,0,217.0
Delhi,2023-09-04,217,119.35,234.36,180.11,247.38,2.28,206.15,4,9,0,195.0
Delhi,2023-10-04,195,107.25,210.6,161.85,222.3,2.05,185.25,4,10,0,260.0
Delhi,2023-11-04,260,143.0,280.8,215.8,296.4,2.73,247.0,4,11,1,213.0
Delhi,2023-12-04,213,117.15,230.04,176.79,242.82,2.24,202.35,4,12,0,91.0
Delhi,2023-01-05,91,50.05,98.28,75.53,103.74,0.96,86.45,5,1,0,76.0
Delhi,2023-02-05,76,41.8,82.08,63.08,86.64,0.8,72.2,5,2,1,107.0
Delhi,2023-03-05,107,58.85,115.56,88.81,121.98,1.12,101.65,5,3,1,113.0
Delhi,2023-04-05,113,62.15,122.04,93.79,128.82,1.19,107.35,5,4,0,183.0
Delhi,2023-05-05,183,100.65,197.64,151.89,208.62,1.92,173.85,5,5,0,234.0
Delhi,2023-06-05,234,128.7,252.72,194.22,266.76,2.46,222.3,5,6,0,173.0
Delhi,2023-07-05,173,95.15,186.84,143.59,197.22,1.82,164.35,5,7,0,131.0
Delhi,2023-08-05,131,72.05,141.48,108.73,149.34,1.38,124.45,5,8,1,197.0
Delhi,2023-09-05,197,108.35,212.76,163.51,224.58,2.07,187.15,5,9,0,203.0
Delhi,2023-10-05,203,111.65,219.24,168.49,231.42,2.13,192.85,5,10,0,274.0
Delhi,2023-11-05,274,150.7,295.92,227.42,312.36,2.88,260.3,5,11,1,227.0
Delhi,2023-12-05,227,124.85,245.16,188.41,258.78,2.38,215.65,5,12,0,96.0
Delhi,2023-01-06,96,52.8,103.68,79.68,109.44,1.01,91.2,6,1,0,120.0
Delhi,2023-02-06,120,66.0,129.6,99.6,136.8,1.26,114.0,6,2,0,121.0
Delhi,2023-03-06,121,66.55,130.68,100.43,137.94,1.27,114.95,6,3,0,171.0
Delhi,2023-04-06,171,94.05,184.68,141.93,194.94,1.8,162.45,6,4,0,166.0
Delhi,2023-05-06,166,91.3,179.28,137.78,189.24,1.74,157.7,6,5,1,139.0
Delhi,2023-06-06,139,76.45,150.12,115.37,158.46,1.46,132.05,6,6,0,239.0
Delhi,2023-07-06,239,131.45,258.12,198.37,272.46,2.51,227.05,6,7,0,161.0
Delhi,2023-08-06,161,88.55,173.88,133.63,183.54,1.69,152.95,6,8,1,152.0
Delhi,2023-09-06,152,83.6,164.16,126.16,173.28,1.6,144.4,6,9,0,134.0
Delhi,2023-10-06,134,73.7,144.72,111.22,152.76,1.41,127.3,6,10,0,130.0
Delhi,2023-11-06,130,71.5,140.4,107.9,148.2,1.37,123.5,6,11,0,169.0
Delhi,2023-12-06,169,92.95,182.52,140.27,192.66,1.77,160.55,6,12,0,69.0
Delhi,2023-01-07,69,37.95,74.52,57.27,78.66,0.72,65.55,7,1,1,71.0
Delhi,2023-02-07,71,39.05,76.68,58.93,80.94,0.75,67.45,7,2,0,118.0
Delhi,2023-03-07,118,64.9,127.44,97.94,134.52,1.24,112.1,7,3,0,144.0
Delhi,2023-04-07,144,79.2,155.52,119.52,164.16,1.51,136.8,7,4,0,96.0
Delhi,2023-05-07,96,52.8,103.68,79.68,109.44,1.01,91.2,7,5,1,72.0
Delhi,2023-06-07,72,39.6,77.76,59.76,82.08,0.76,68.4,7,6,0,77.0
Delhi,2023-07-07,77,42.35,83.16,63.91,87.78,0.81,73.15,7,7,0,71.0
Delhi,2023-08-07,71,39.05,76.68,58.93,80.94,0.75,67.45,7,8,0,64.0
Delhi,2023-09-07,64,35.2,69.12,53.12,72.96,0.67,60.8,7,9,0,65.0
Delhi,2023-10-07,65,35.75,70.2,53.95,74.1,0.68,61.75,7,10,1,69.0
Delhi,2023-11-07,69,37.95,74.52,57.27,78.66,0.72,65.55,7,11,0,77.0
Delhi,2023-12-07,77,42.35,83.16,63.91,87.78,0.81,73.15,7,12,0,92.0
Delhi,2023-01-08,92,50.6,99.36,76.36,104.88,0.97,87.4,8,1,1,91.0
Delhi,2023-02-08,91,50.05,98.28,75.53,103.74,0.96,86.45,8,2,0,75.0
Delhi,2023-03-08,75,41.25,81.0,62.25,85.5,0.79,71.25,8,3,0,105.0
Delhi,2023-04-08,105,57.75,113.4,87.15,119.7,1.1,99.75,8,4,1,85.0
Delhi,2023-05-08,85,46.75,91.8,70.55,96.9,0.89,80.75,8,5,0,101.0
Delhi,2023-06-08,101,55.55,109.08,83.83,115.14,1.06,95.95,8,6,0,102.0
Delhi,2023-07-08,102,56.1,110.16,84.66,116.28,1.07,96.9,8,7,1,110.0
Delhi,2023-08-08,110,60.5,118.8,91.3,125.4,1.16,104.5,8,8,0,118.0
Delhi,2023-09-08,118,64.9,127.44,97.94,134.52,1.24,112.1,8,9,0,133.0
Delhi,2023-10-08,133,73.15,143.64,110.39,151.62,1.4,126.35,8,10,1,123.0
Delhi,2023-11-08,123,67.65,132.84,102.09,140.22,1.29,116.85,8,11,0,126.0
Delhi,2023-12-08,126,69.3,136.08,104.58,143.64,1.32,119.7,8,12,0,140.0
Delhi,2023-01-09,140,77.0,151.2,116.2,159.6,1.47,133.0,9,1,0,136.0
Delhi,2023-02-09,136,74.8,146.88,112.88,155.04,1.43,129.2,9,2,0,136.0
Delhi,2023-03-09,136,74.8,146.88,112.88,155.04,1.43,129.2,9,3,0,136.0
Delhi,2023-04-09,136,74.8,146.88,112.88,155.04,1.43,129.2,9,4,1,121.0
Delhi,2023-05-09,121,66.55,130.68,100.43,137.94,1.27,114.95,9,5,0,106.0
Delhi,2023-06-09,106,58.3,114.48,87.98,120.84,1.11,100.7,9,6,0,104.0
Delhi,2023-07-09,104,57.2,112.32,86.32,118.56,1.09,98.8,9,7,1,83.0
Delhi,2023-08-09,83,45.65,89.64,68.89,94.62,0.87,78.85,9,8,0,54.0
Delhi,2023-09-09,54,29.7,58.32,44.82,61.56,0.57,51.3,9,9,1,45.0
Delhi,2023-10-09,45,24.75,48.6,37.35,51.3,0.47,42.75,9,10,0,54.0
Delhi,2023-11-09,54,29.7,58.32,44.82,61.56,0.57,51.3,9,11,0,89.0
Delhi,2023-12-09,89,48.95,96.12,73.87,101.46,0.93,84.55,9,12,1,147.0
Delhi,2023-01-10,147,80.85,158.76,122.01,167.58,1.54,139.65,10,1,0,146.0
Delhi,2023-02-10,146,80.3,157.68,121.18,166.44,1.53,138.7,10,2,0,155.0
Delhi,2023-03-10,155,85.25,167.4,128.65,176.7,1.63,147.25,10,3,0,176.0
Delhi,2023-04-10,176,96.8,190.08,146.08,200.64,1.85,167.2,10,4,0,177.0
Delhi,2023-05-10,177,97.35,191.16,146.91,201.78,1.86,168.15,10,5,0,212.0
Delhi,2023-06-10,212,116.6,228.96,175.96,241.68,2.23,201.4,10,6,1,216.0
Delhi,2023-07-10,216,118.8,233.28,179.28,246.24,2.27,205.2,10,7,0,164.0
Delhi,2023-08-10,164,90.2,177.12,136.12,186.96,1.72,155.8,10,8,0,175.0
Delhi,2023-09-10,175,96.25,189.0,145.25,199.5,1.84,166.25,10,9,1,180.0
Delhi,2023-10-10,180,99.0,194.4,149.4,205.2,1.89,171.0,10,10,0,193.0
Delhi,2023-11-10,193,106.15,208.44,160.19,220.02,2.03,183.35,10,11,0,220.0
Delhi,2023-12-10,220,121.0,237.6,182.6,250.8,2.31,209.0,10,12,1,366.0
Delhi,2023-01-11,366,201.3,395.28,303.78,417.24,3.84,347.7,11,1,0,392.0
Delhi,2023-02-11,392,215.6,423.36,325.36,446.88,4.12,372.4,11,2,1,468.0
Delhi,2023-03-11,468,257.4,505.44,388.44,533.52,4.91,444.6,11,3,1,415.0
Delhi,2023-04-11,415,228.25,448.2,344.45,473.1,4.36,394.25,11,4,0,454.0
Delhi,2023-05-11,454,249.7,490.32,376.82,517.56,4.77,431.3,11,5,0,421.0
Delhi,2023-06-11,421,231.55,454.68,349.43,479.94,4.42,399.95,11,6,1,395.0
Delhi,2023-07-11,395,217.25,426.6,327.85,450.3,4.15,375.25,11,7,0,426.0
Delhi,2023-08-11,426,234.3,460.08,353.58,485.64,4.47,404.7,11,8,0,437.0
Delhi,2023-09-11,437,240.35,471.96,362.71,498.18,4.59,415.15,11,9,0,279.0
Delhi,2023-10-11,279,153.45,301.32,231.57,318.06,2.93,265.05,11,10,0,220.0
Delhi,2023-11-11,220,121.0,237.6,182.6,250.8,2.31,209.0,11,11,1,218.0
Delhi,2023-12-11,218,119.9,235.44,180.94,248.52,2.29,207.1,11,12,0,372.0
Delhi,2023-01-12,372,204.6,401.76,308.76,424.08,3.91,353.4,12,1,0,353.0
Delhi,2023-02-12,353,194.15,381.24,292.99,402.42,3.71,335.35,12,2,1,314.0
Delhi,2023-03-12,314,172.7,339.12,260.62,357.96,3.3,298.3,12,3,1,311.0
Delhi,2023-04-12,311,171.05,335.88,258.13,354.54,3.27,295.45,12,4,0,297.0
Delhi,2023-05-12,297,163.35,320.76,246.51,338.58,3.12,282.15,12,5,0,286.0
Delhi,2023-06-12,286,157.3,308.88,237.38,326.04,3.0,271.7,12,6,0,320.0
Delhi,2023-07-12,320,176.0,345.6,265.6,364.8,3.36,304.0,12,7,0,324.0
Delhi,2023-08-12,324,178.2,349.92,268.92,369.36,3.4,307.8,12,8,1,321.0
Delhi,2023-09-12,321,176.55,346.68,266.43,365.94,3.37,304.95,12,9,0,314.0
Delhi,2023-10-12,314,172.7,339.12,260.62,357.96,3.3,298.3,12,10,0,317.0
Delhi,2023-11-12,317,174.35,342.36,263.11,361.38,3.33,301.15,12,11,1,355.0
Delhi,2023-12-12,355,195.25,383.4,294.65,404.7,3.73,337.25,12,12,0,346.0
Delhi,2024-01-01,346,190.3,373.68,287.18,394.44,3.63,328.7,1,1,0,340.0
Delhi,2024-02-01,340,187.0,367.2,282.2,387.6,3.57,323.0,1,2,0,341.0
Delhi,2024-03-01,341,187.55,368.28,283.03,388.74,3.58,323.95,1,3,0,377.0
Delhi,2024-04-01,377,207.35,407.16,312.91,429.78,3.96,358.15,1,4,0,333.0
Delhi,2024-05-01,333,183.15,359.64,276.39,379.62,3.5,316.35,1,5,0,319.0
Delhi,2024-06-01,319,175.45,344.52,264.77,363.66,3.35,303.05,1,6,1,333.0
Delhi,2024-07-01,333,183.15,359.64,276.39,379.62,3.5,316.35,1,7,0,345.0
Delhi,2024-08-01,345,189.75,372.6,286.35,393.3,3.62,327.75,1,8,0,343.0
Delhi,2024-09-01,343,188.65,370.44,284.69,391.02,3.6,325.85,1,9,1,273.0
Delhi,2024-10-01,273,150.15,294.84,226.59,311.22,2.87,259.35,1,10,0,348.0
Delhi,2024-11-01,348,191.4,375.84,288.84,396.72,3.65,330.6,1,11,0,340.0
Delhi,2024-12-01,340,187.0,367.2,282.2,387.6,3.57,323.0,1,12,1,176.0
Delhi,2024-01-02,176,96.8,190.08,146.08,200.64,1.85,167.2,2,1,0,215.0
Delhi,2024-02-02,215,118.25,232.2,178.45,245.1,2.26,204.25,2,2,0,199.0
Delhi,2024-03-02,199,109.45,214.92,165.17,226.86,2.09,189.05,2,3,1,274.0
Delhi,2024-04-02,274,150.7,295.92,227.42,312.36,2.88,260.3,2,4,0,177.0
Delhi,2024-05-02,177,97.35,191.16,146.91,201.78,1.86,168.15,2,5,0,140.0
Delhi,2024-06-02,140,77.0,151.2,116.2,159.6,1.47,133.0,2,6,1,174.0
Delhi,2024-07-02,174,95.7,187.92,144.42,198.36,1.83,165.3,2,7,0,161.0
Delhi,2024-08-02,161,88.55,173.88,133.63,183.54,1.69,152.95,2,8,0,146.0
Delhi,2024-09-02,146,80.3,157.68,121.18,166.44,1.53,138.7,2,9,0,295.0
Delhi,2024-10-02,295,162.25,318.6,244.85,336.3,3.1,280.25,2,10,0,313.0
Delhi,2024-11-02,313,172.15,338.04,259.79,356.82,3.29,297.35,2,11,1,300.0
Delhi,2024-12-02,300,165.0,324.0,249.0,342.0,3.15,285.0,2,12,0,208.0
Delhi,2024-01-03,208,114.4,224.64,172.64,237.12,2.18,197.6,3,1,0,117.0
Delhi,2024-02-03,117,64.35,126.36,97.11,133.38,1.23,111.15,3,2,1,126.0
Delhi,2024-03-03,126,69.3,136.08,104.58,143.64,1.32,119.7,3,3,1,141.0
Delhi,2024-04-03,141,77.55,152.28,117.03,160.74,1.48,133.95,3,4,0,125.0
Delhi,2024-05-03,125,68.75,135.0,103.75,142.5,1.31,118.75,3,5,0,138.0
Delhi,2024-06-03,138,75.9,149.04,114.54,157.32,1.45,131.1,3,6,0,181.0
Delhi,2024-07-03,181,99.55,195.48,150.23,206.34,1.9,171.95,3,7,0,157.0
Delhi,2024-08-03,157,86.35,169.56,130.31,178.98,1.65,149.15,3,8,1,145.0
Delhi,2024-09-03,145,79.75,156.6,120.35,165.3,1.52,137.75,3,9,0,182.0
Delhi,2024-10-03,182,100.1,196.56,151.06,207.48,1.91,172.9,3,10,0,201.0
Delhi,2024-11-03,201,110.55,217.08,166.83,229.14,2.11,190.95,3,11,1,190.0
Delhi,2024-12-03,190,104.5,205.2,157.7,216.6,2.0,180.5,3,12,0,133.0
Delhi,2024-01-04,133,73.15,143.64,110.39,151.62,1.4,126.35,4,1,0,144.0
Delhi,2024-02-04,144,79.2,155.52,119.52,164.16,1.51,136.8,4,2,1,167.0
Delhi,2024-03-04,167,91.85,180.36,138.61,190.38,1.75,158.65,4,3,0,173.0
Delhi,2024-04-04,173,95.15,186.84,143.59,197.22,1.82,164.35,4,4,0,174.0
Delhi,2024-05-04,174,95.7,187.92,144.42,198.36,1.83,165.3,4,5,1,168.0
Delhi,2024-06-04,168,92.4,181.44,139.44,191.52,1.76,159.6,4,6,0,179.0
Delhi,2024-07-04,179,98.45,193.32,148.57,204.06,1.88,170.05,4,7,0,191.0
Delhi,2024-08-04,191,105.05,206.28,158.53,217.74,2.01,181.45,4,8,1,203.0
Delhi,2024-09-04,203,111.65,219.24,168.49,231.42,2.13,192.85,4,9,0,222.0
Delhi,2024-10-04,222,122.1,239.76,184.26,253.08,2.33,210.9,4,10,0,240.0
Delhi,2024-11-04,240,132.0,259.2,199.2,273.6,2.52,228.0,4,11,0,232.0
Delhi,2024-12-04,232,127.6,250.56,192.56,264.48,2.44,220.4,4,12,0,200.0
Delhi,2024-01-05,200,110.0,216.0,166.0,228.0,2.1,190.0,5,1,0,197.0
Delhi,2024-02-05,197,108.35,212.76,163.51,224.58,2.07,187.15,5,2,0,264.0
Delhi,2024-03-05,264,145.2,285.12,219.12,300.96,2.77,250.8,5,3,0,282.0
Delhi,2024-04-05,282,155.1,304.56,234.06,321.48,2.96,267.9,5,4,0,292.0
Delhi,2024-05-05,292,160.6,315.36,242.36,332.88,3.07,277.4,5,5,1,248.0
Delhi,2024-06-05,248,136.4,267.84,205.84,282.72,2.6,235.6,5,6,0,303.0
Delhi,2024-07-05,303,166.65,327.24,251.49,345.42,3.18,287.85,5,7,0,225.0
Delhi,2024-08-05,225,123.75,243.0,186.75,256.5,2.36,213.75,5,8,0,179.0
Delhi,2024-09-05,179,98.45,193.32,148.57,204.06,1.88,170.05,5,9,0,180.0
Delhi,2024-10-05,180,99.0,194.4,149.4,205.2,1.89,171.0,5,10,1,242.0
Delhi,2024-11-05,242,133.1,261.36,200.86,275.88,2.54,229.9,5,11,0,184.0
Delhi,2024-12-05,184,101.2,198.72,152.72,209.76,1.93,174.8,5,12,0,245.0
Delhi,2024-01-06,245,134.75,264.6,203.35,279.3,2.57,232.75,6,1,1,173.0
Delhi,2024-02-06,173,95.15,186.84,143.59,197.22,1.82,164.35,6,2,0,155.0
Delhi,2024-03-06,155,85.25,167.4,128.65,176.7,1.63,147.25,6,3,0,211.0
Delhi,2024-04-06,211,116.05,227.88,175.13,240.54,2.22,200.45,6,4,1,251.0
Delhi,2024-05-06,251,138.05,271.08,208.33,286.14,2.64,238.45,6,5,0,183.0
Delhi,2024-06-06,183,100.65,197.64,151.89,208.62,1.92,173.85,6,6,0,231.0
Delhi,2024-07-06,231,127.05,249.48,191.73,263.34,2.43,219.45,6,7,1,237.0
Delhi,2024-08-06,237,130.35,255.96,196.71,270.18,2.49,225.15,6,8,0,182.0
Delhi,2024-09-06,182,100.1,196.56,151.06,207.48,1.91,172.9,6,9,0,172.0
Delhi,2024-10-06,172,94.6,185.76,142.76,196.08,1.81,163.4,6,10,1,223.0
Delhi,2024-11-06,223,122.65,240.84,185.09,254.22,2.34,211.85,6,11,0,213.0
Delhi,2024-12-06,213,117.15,230.04,176.79,242.82,2.24,202.35,6,12,0,105.0
Delhi,2024-01-07,105,57.75,113.4,87.15,119.7,1.1,99.75,7,1,1,118.0
Delhi,2024-02-07,118,64.9,127.44,97.94,134.52,1.24,112.1,7,2,0,108.0
Delhi,2024-03-07,108,59.4,116.64,89.64,123.12,1.13,102.6,7,3,0,61.0
Delhi,2024-04-07,61,33.55,65.88,50.63,69.54,0.64,57.95,7,4,1,77.0
Delhi,2024-05-07,77,42.35,83.16,63.91,87.78,0.81,73.15,7,5,0,65.0
Delhi,2024-06-07,65,35.75,70.2,53.95,74.1,0.68,61.75,7,6,0,56.0
Delhi,2024-07-07,56,30.8,60.48,46.48,63.84,0.59,53.2,7,7,1,56.0
Delhi,2024-08-07,56,30.8,60.48,46.48,63.84,0.59,53.2,7,8,0,84.0
Delhi,2024-09-07,84,46.2,90.72,69.72,95.76,0.88,79.8,7,9,1,138.0
Delhi,2024-10-07,138,75.9,149.04,114.54,157.32,1.45,131.1,7,10,0,113.0
Delhi,2024-11-07,113,62.15,122.04,93.79,128.82,1.19,107.35,7,11,0,107.0
Delhi,2024-12-07,107,58.85,115.56,88.81,121.98,1.12,101.65,7,12,1,64.0
Delhi,2024-01-08,64,35.2,69.12,53.12,72.96,0.67,60.8,8,1,0,76.0
Delhi,2024-02-08,76,41.8,82.08,63.08,86.64,0.8,72.2,8,2,0,68.0
Delhi,2024-03-08,68,37.4,73.44,56.44,77.52,0.71,64.6,8,3,0,64.0
Delhi,2024-04-08,64,35.2,69.12,53.12,72.96,0.67,60.8,8,4,0,59.0
Delhi,2024-05-08,59,32.45,63.72,48.97,67.26,0.62,56.05,8,5,0,61.0
Delhi,2024-06-08,61,33.55,65.88,50.63,69.54,0.64,57.95,8,6,1,61.0
Delhi,2024-07-08,61,33.55,65.88,50.63,69.54,0.64,57.95,8,7,0,54.0
Delhi,2024-08-08,54,29.7,58.32,44.82,61.56,0.57,51.3,8,8,0,61.0
Delhi,2024-09-08,61,33.55,65.88,50.63,69.54,0.64,57.95,8,9,1,71.0
Delhi,2024-10-08,71,39.05,76.68,58.93,80.94,0.75,67.45,8,10,0,69.0
Delhi,2024-11-08,69,37.95,74.52,57.27,78.66,0.72,65.55,8,11,0,56.0
Delhi,2024-12-08,56,30.8,60.48,46.48,63.84,0.59,53.2,8,12,1,101.0
Delhi,2024-01-09,101,55.55,109.08,83.83,115.14,1.06,95.95,9,1,0,87.0
Delhi,2024-02-09,87,47.85,93.96,72.21,99.18,0.91,82.65,9,2,0,89.0
Delhi,2024-03-09,89,48.95,96.12,73.87,101.46,0.93,84.55,9,3,1,69.0
Delhi,2024-04-09,69,37.95,74.52,57.27,78.66,0.72,65.55,9,4,0,83.0
Delhi,2024-05-09,83,45.65,89.64,68.89,94.62,0.87,78.85,9,5,0,95.0
Delhi,2024-06-09,95,52.25,102.6,78.85,108.3,1.0,90.25,9,6,1,71.0
Delhi,2024-07-09,71,39.05,76.68,58.93,80.94,0.75,67.45,9,7,0,91.0
Delhi,2024-08-09,91,50.05,98.28,75.53,103.74,0.96,86.45,9,8,0,114.0
Delhi,2024-09-09,114,62.7,123.12,94.62,129.96,1.2,108.3,9,9,0,106.0
Delhi,2024-10-09,106,58.3,114.48,87.98,120.84,1.11,100.7,9,10,0,71.0
Delhi,2024-11-09,71,39.05,76.68,58.93,80.94,0.75,67.45,9,11,1,64.0
Delhi,2024-12-09,64,35.2,69.12,53.12,72.96,0.67,60.8,9,12,0,149.0
Delhi,2024-01-10,149,81.95,160.92,123.67,169.86,1.56,141.55,10,1,0,173.0
Delhi,2024-02-10,173,95.15,186.84,143.59,197.22,1.82,164.35,10,2,1,162.0
Delhi,2024-03-10,162,89.1,174.96,134.46,184.68,1.7,153.9,10,3,1,184.0
Delhi,2024-04-10,184,101.2,198.72,152.72,209.76,1.93,174.8,10,4,0,145.0
Delhi,2024-05-10,145,79.75,156.6,120.35,165.3,1.52,137.75,10,5,0,143.0
Delhi,2024-06-10,143,78.65,154.44,118.69,163.02,1.5,135.85,10,6,0,126.0
Delhi,2024-07-10,126,69.3,136.08,104.58,143.64,1.32,119.7,10,7,0,167.0
Delhi,2024-08-10,167,91.85,180.36,138.61,190.38,1.75,158.65,10,8,1,164.0
Delhi,2024-09-10,164,90.2,177.12,136.12,186.96,1.72,155.8,10,9,0,132.0
Delhi,2024-10-10,132,72.6,142.56,109.56,150.48,1.39,125.4,10,10,0,141.0
Delhi,2024-11-10,141,77.55,152.28,117.03,160.74,1.48,133.95,10,11,1,155.0
Delhi,2024-12-10,155,85.25,167.4,128.65,176.7,1.63,147.25,10,12,0,339.0
Delhi,2024-01-11,339,186.45,366.12,281.37,386.46,3.56,322.05,11,1,0,318.0
Delhi,2024-02-11,318,174.9,343.44,263.94,362.52,3.34,302.1,11,2,1,381.0
Delhi,2024-03-11,381,209.55,411.48,316.23,434.34,4.0,361.95,11,3,0,380.0
Delhi,2024-04-11,380,209.0,410.4,315.4,433.2,3.99,361.0,11,4,0,372.0
Delhi,2024-05-11,372,204.6,401.76,308.76,424.08,3.91,353.4,11,5,1,351.0
Delhi,2024-06-11,351,193.05,379.08,291.33,400.14,3.69,333.45,11,6,0,377.0
Delhi,2024-07-11,377,207.35,407.16,312.91,429.78,3.96,358.15,11,7,0,379.0
Delhi,2024-08-11,379,208.45,409.32,314.57,432.06,3.98,360.05,11,8,1,350.0
Delhi,2024-09-11,350,192.5,378.0,290.5,399.0,3.68,332.5,11,9,0,334.0
Delhi,2024-10-11,334,183.7,360.72,277.22,380.76,3.51,317.3,11,10,0,352.0
Delhi,2024-11-11,352,193.6,380.16,292.16,401.28,3.7,334.4,11,11,0,334.0
Delhi,2024-12-11,334,183.7,360.72,277.22,380.76,3.51,317.3,11,12,0,285.0
Delhi,2024-01-12,285,156.75,307.8,236.55,324.9,2.99,270.75,12,1,0,280.0
Delhi,2024-02-12,280,154.0,302.4,232.4,319.2,2.94,266.0,12,2,0,268.0
Delhi,2024-03-12,268,147.4,289.44,222.44,305.52,2.81,254.6,12,3,0,178.0
Delhi,2024-04-12,178,97.9,192.24,147.74,202.92,1.87,169.1,12,4,0,165.0
Delhi,2024-05-12,165,90.75,178.2,136.95,188.1,1.73,156.75,12,5,1,197.0
Delhi,2024-06-12,197,108.35,212.76,163.51,224.58,2.07,187.15,12,6,0,233.0
Delhi,2024-07-12,233,128.15,251.64,193.39,265.62,2.45,221.35,12,7,0,302.0
Delhi,2024-08-12,302,166.1,326.16,250.66,344.28,3.17,286.9,12,8,0,186.0
Delhi,2024-09-12,186,102.3,200.88,154.38,212.04,1.95,176.7,12,9,0,234.0
Delhi,2024-10-12,234,128.7,252.72,194.22,266.76,2.46,222.3,12,10,1,199.0
Delhi,2024-11-12,199,109.45,214.92,165.17,226.86,2.09,189.05,12,11,0,288.0
Delhi,2024-12-12,288,158.4,311.04,239.04,328.32,3.02,273.6,12,12,0,119.0
Hyderabad,2018-01-01,119,65.45,128.52,98.77,135.66,1.25,113.05,1,1,0,117.0
Hyderabad,2018-02-01,117,64.35,126.36,97.11,133.38,1.23,111.15,1,2,0,156.0
Hyderabad,2018-03-01,156,85.8,168.48,129.48,177.84,1.64,148.2,1,3,0,169.0
Hyderabad,2018-04-01,169,92.95,182.52,140.27,192.66,1.77,160.55,1,4,1,148.0
Hyderabad,2018-05-01,148,81.4,159.84,122.84,168.72,1.55,140.6,1,5,0,146.0
Hyderabad,2018-06-01,146,80.3,157.68,121.18,166.44,1.53,138.7,1,6,0,139.0
Hyderabad,2018-07-01,139,76.45,150.12,115.37,158.46,1.46,132.05,1,7,1,142.0
Hyderabad,2018-08-01,142,78.1,153.36,117.86,161.88,1.49,134.9,1,8,0,153.0
Hyderabad,2018-09-01,153,84.15,165.24,126.99,174.42,1.61,145.35,1,9,1,155.0
Hyderabad,2018-10-01,155,85.25,167.4,128.65,176.7,1.63,147.25,1,10,0,152.0
Hyderabad,2018-11-01,152,83.6,164.16,126.16,173.28,1.6,144.4,1,11,0,151.0
Hyderabad,2018-12-01,151,83.05,163.08,125.33,172.14,1.59,143.45,1,12,1,117.0
Hyderabad,2018-01-02,117,64.35,126.36,97.11,133.38,1.23,111.15,2,1,0,115.0
Hyderabad,2018-02-02,115,63.25,124.2,95.45,131.1,1.21,109.25,2,2,0,107.0
Hyderabad,2018-03-02,107,58.85,115.56,88.81,121.98,1.12,101.65,2,3,0,103.0
Hyderabad,2018-04-02,103,56.65,111.24,85.49,117.42,1.08,97.85,2,4,0,122.0
Hyderabad,2018-05-02,122,67.1,131.76,101.26,139.08,1.28,115.9,2,5,0,116.0
Hyderabad,2018-06-02,116,63.8,125.28,96.28,132.24,1.22,110.2,2,6,1,138.0
Hyderabad,2018-07-02,138,75.9,149.04,114.54,157.32,1.45,131.1,2,7,0,104.0
Hyderabad,2018-08-02,104,57.2,112.32,86.32,118.56,1.09,98.8,2,8,0,105.0
Hyderabad,2018-09-02,105,57.75,113.4,87.15,119.7,1.1,99.75,2,9,1,115.0
Hyderabad,2018-10-02,115,63.25,124.2,95.45,131.1,1.21,109.25,2,10,0,102.0
Hyderabad,2018-11-02,102,56.1,110.16,84.66,116.28,1.07,96.9,2,11,0,100.0
Hyderabad,2018-12-02,100,55.0,108.0,83.0,114.0,1.05,95.0,2,12,1,121.0
Hyderabad,2018-01-03,121,66.55,130.68,100.43,137.94,1.27,114.95,3,1,0,116.0
Hyderabad,2018-02-03,116,63.8,125.28,96.28,132.24,1.22,110.2,3,2,1,109.0
Hyderabad,2018-03-03,109,59.95,117.72,90.47,124.26,1.14,103.55,3,3,1,118.0
Hyderabad,2018-04-03,118,64.9,127.44,97.94,134.52,1.24,112.1,3,4,0,105.0
Hyderabad,2018-05-03,105,57.75,113.4,87.15,119.7,1.1,99.75,3,5,0,101.0
Hyderabad,2018-06-03,101,55.55,109.08,83.83,115.14,1.06,95.95,3,6,1,101.0
Hyderabad,2018-07-03,101,55.55,109.08,83.83,115.14,1.06,95.95,3,7,0,107.0
Hyderabad,2018-08-03,107,58.85,115.56,88.81,121.98,1.12,101.65,3,8,0,117.0
Hyderabad,2018-09-03,117,64.35,126.36,97.11,133.38,1.23,111.15,3,9,0,118.0
Hyderabad,2018-10-03,118,64.9,127.44,97.94,134.52,1.24,112.1,3,10,0,117.0
Hyderabad,2018-11-03,117,64.35,126.36,97.11,133.38,1.23,111.15,3,11,1,92.0
Hyderabad,2018-12-03,92,50.6,99.36,76.36,104.88,0.97,87.4,3,12,0,94.0
Hyderabad,2018-01-04,94,51.7,101.52,78.02,107.16,0.99,89.3,4,1,0,72.0
Hyderabad,2018-02-04,72,39.6,77.76,59.76,82.08,0.76,68.4,4,2,1,97.0
Hyderabad,2018-03-04,97,53.35,104.76,80.51,110.58,1.02,92.15,4,3,1,93.0
Hyderabad,2018-04-04,93,51.15,100.44,77.19,106.02,0.98,88.35,4,4,0,86.0
Hyderabad,2018-05-04,86,47.3,92.88,71.38,98.04,0.9,81.7,4,5,0,97.0
Hyderabad,2018-06-04,97,53.35,104.76,80.51,110.58,1.02,92.15,4,6,0,77.0
Hyderabad,2018-07-04,77,42.35,83.16,63.91,87.78,0.81,73.15,4,7,0,73.0
Hyderabad,2018-08-04,73,40.15,78.84,60.59,83.22,0.77,69.35,4,8,1,101.0
Hyderabad,2018-09-04,101,55.55,109.08,83.83,115.14,1.06,95.95,4,9,0,84.0
Hyderabad,2018-10-04,84,46.2,90.72,69.72,95.76,0.88,79.8,4,10,0,70.0
Hyderabad,2018-11-04,70,38.5,75.6,58.1,79.8,0.74,66.5,4,11,1,72.0
Hyderabad,2018-12-04,72,39.6,77.76,59.76,82.08,0.76,68.4,4,12,0,117.0
Hyderabad,2018-01-05,117,64.35,126.36,97.11,133.38,1.23,111.15,5,1,0,81.0
Hyderabad,2018-02-05,81,44.55,87.48,67.23,92.34,0.85,76.95,5,2,0,100.0
Hyderabad,2018-03-05,100,55.0,108.0,83.0,114.0,1.05,95.0,5,3,0,68.0
Hyderabad,2018-04-05,68,37.4,73.44,56.44,77.52,0.71,64.6,5,4,0,68.0
Hyderabad,2018-05-05,68,37.4,73.44,56.44,77.52,0.71,64.6,5,5,1,80.0
Hyderabad,2018-06-05,80,44.0,86.4,66.4,91.2,0.84,76.0,5,6,0,86.0
Hyderabad,2018-07-05,86,47.3,92.88,71.38,98.04,0.9,81.7,5,7,0,96.0
Hyderabad,2018-08-05,96,52.8,103.68,79.68,109.44,1.01,91.2,5,8,1,105.0
Hyderabad,2018-09-05,105,57.75,113.4,87.15,119.7,1.1,99.75,5,9,0,73.0
Hyderabad,2018-10-05,73,40.15,78.84,60.59,83.22,0.77,69.35,5,10,0,78.0
Hyderabad,2018-11-05,78,42.9,84.24,64.74,88.92,0.82,74.1,5,11,0,86.0
Hyderabad,2018-12-05,86,47.3,92.88,71.38,98.04,0.9,81.7,5,12,0,108.0
Hyderabad,2018-01-06,108,59.4,116.64,89.64,123.12,1.13,102.6,6,1,1,72.0
Hyderabad,2018-02-06,72,39.6,77.76,59.76,82.08,0.76,68.4,6,2,0,85.0
Hyderabad,2018-03-06,85,46.75,91.8,70.55,96.9,0.89,80.75,6,3,0,78.0
Hyderabad,2018-04-06,78,42.9,84.24,64.74,88.92,0.82,74.1,6,4,0,74.0
Hyderabad,2018-05-06,74,40.7,79.92,61.42,84.36,0.78,70.3,6,5,1,76.0
Hyderabad,2018-06-06,76,41.8,82.08,63.08,86.64,0.8,72.2,6,6,0,60.0
Hyderabad,2018-07-06,60,33.0,64.8,49.8,68.4,0.63,57.0,6,7,0,62.0
Hyderabad,2018-08-06,62,34.1,66.96,51.46,70.68,0.65,58.9,6,8,0,55.0
Hyderabad,2018-09-06,55,30.25,59.4,45.65,62.7,0.58,52.25,6,9,0,47.0
Hyderabad,2018-10-06,47,25.85,50.76,39.01,53.58,0.49,44.65,6,10,1,52.0
Hyderabad,2018-11-06,52,28.6,56.16,43.16,59.28,0.55,49.4,6,11,0,73.0
Hyderabad,2018-12-06,73,40.15,78.84,60.59,83.22,0.77,69.35,6,12,0,52.0
Hyderabad,2018-01-07,52,28.6,56.16,43.16,59.28,0.55,49.4,7,1,1,52.0
Hyderabad,2018-02-07,52,28.6,56.16,43.16,59.28,0.55,49.4,7,2,0,48.0
Hyderabad,2018-03-07,48,26.4,51.84,39.84,54.72,0.5,45.6,7,3,0,58.0
Hyderabad,2018-04-07,58,31.9,62.64,48.14,66.12,0.61,55.1,7,4,1,58.0
Hyderabad,2018-05-07,58,31.9,62.64,48.14,66.12,0.61,55.1,7,5,0,44.0
Hyderabad,2018-06-07,44,24.2,47.52,36.52,50.16,0.46,41.8,7,6,0,62.0
Hyderabad,2018-07-07,62,34.1,66.96,51.46,70.68,0.65,58.9,7,7,1,50.0
Hyderabad,2018-08-07,50,27.5,54.0,41.5,57.0,0.53,47.5,7,8,0,48.0
Hyderabad,2018-09-07,48,26.4,51.84,39.84,54.72,0.5,45.6,7,9,0,50.0
Hyderabad,2018-10-07,50,27.5,54.0,41.5,57.0,0.53,47.5,7,10,1,46.0
Hyderabad,2018-11-07,46,25.3,49.68,38.18,52.44,0.48,43.7,7,11,0,41.0
Hyderabad,2018-12-07,41,22.55,44.28,34.03,46.74,0.43,38.95,7,12,0,77.0
Hyderabad,2018-01-08,77,42.35,83.16,63.91,87.78,0.81,73.15,8,1,0,75.0
Hyderabad,2018-02-08,75,41.25,81.0,62.25,85.5,0.79,71.25,8,2,0,95.0
Hyderabad,2018-03-08,95,52.25,102.6,78.85,108.3,1.0,90.25,8,3,0,90.0
Hyderabad,2018-04-08,90,49.5,97.2,74.7,102.6,0.95,85.5,8,4,1,64.0
Hyderabad,2018-05-08,64,35.2,69.12,53.12,72.96,0.67,60.8,8,5,0,81.0
Hyderabad,2018-06-08,81,44.55,87.48,67.23,92.34,0.85,76.95,8,6,0,55.0
Hyderabad,2018-07-08,55,30.25,59.4,45.65,62.7,0.58,52.25,8,7,1,60.0
Hyderabad,2018-08-08,60,33.0,64.8,49.8,68.4,0.63,57.0,8,8,0,50.0
Hyderabad,2018-09-08,50,27.5,54.0,41.5,57.0,0.53,47.5,8,9,1,50.0
Hyderabad,2018-10-08,50,27.5,54.0,41.5,57.0,0.53,47.5,8,10,0,46.0
Hyderabad,2018-11-08,46,25.3,49.68,38.18,52.44,0.48,43.7,8,11,0,39.0
Hyderabad,2018-12-08,39,21.45,42.12,32.37,44.46,0.41,37.05,8,12,1,69.0
Hyderabad,2018-01-09,69,37.95,74.52,57.27,78.66,0.72,65.55,9,1,0,49.0
Hyderabad,2018-02-09,49,26.95,52.92,40.67,55.86,0.51,46.55,9,2,0,48.0
Hyderabad,2018-03-09,48,26.4,51.84,39.84,54.72,0.5,45.6,9,3,0,52.0
Hyderabad,2018-04-09,52,28.6,56.16,43.16,59.28,0.55,49.4,9,4,0,71.0
Hyderabad,2018-05-09,71,39.05,76.68,58.93,80.94,0.75,67.45,9,5,0,73.0
Hyderabad,2018-06-09,73,40.15,78.84,60.59,83.22,0.77,69.35,9,6,1,83.0
Hyderabad,2018-07-09,83,45.65,89.64,68.89,94.62,0.87,78.85,9,7,0,46.0
Hyderabad,2018-08-09,46,25.3,49.68,38.18,52.44,0.48,43.7,9,8,0,83.0
Hyderabad,2018-09-09,83,45.65,89.64,68.89,94.62,0.87,78.85,9,9,1,87.0
Hyderabad,2018-10-09,87,47.85,93.96,72.21,99.18,0.91,82.65,9,10,0,77.0
Hyderabad,2018-11-09,77,42.35,83.16,63.91,87.78,0.81,73.15,9,11,0,70.0
Hyderabad,2018-12-09,70,38.5,75.6,58.1,79.8,0.74,66.5,9,12,1,128.0
Hyderabad,2018-01-10,128,70.4,138.24,106.24,145.92,1.34,121.6,10,1,0,82.0
Hyderabad,2018-02-10,82,45.1,88.56,68.06,93.48,0.86,77.9,10,2,1,75.0
Hyderabad,2018-03-10,75,41.25,81.0,62.25,85.5,0.79,71.25,10,3,1,82.0
Hyderabad,2018-04-10,82,45.1,88.56,68.06,93.48,0.86,77.9,10,4,0,84.0
Hyderabad,2018-05-10,84,46.2,90.72,69.72,95.76,0.88,79.8,10,5,0,116.0
Hyderabad,2018-06-10,116,63.8,125.28,96.28,132.24,1.22,110.2,10,6,1,118.0
Hyderabad,2018-07-10,118,64.9,127.44,97.94,134.52,1.24,112.1,10,7,0,126.0
Hyderabad,2018-08-10,126,69.3,136.08,104.58,143.64,1.32,119.7,10,8,0,126.0
Hyderabad,2018-09-10,126,69.3,136.08,104.58,143.64,1.32,119.7,10,9,0,131.0
Hyderabad,2018-10-10,131,72.05,141.48,108.73,149.34,1.38,124.45,10,10,0,117.0
Hyderabad,2018-11-10,117,64.35,126.36,97.11,133.38,1.23,111.15,10,11,1,117.0
Hyderabad,2018-12-10,117,64.35,126.36,97.11,133.38,1.23,111.15,10,12,0,106.0
Hyderabad,2018-01-11,106,58.3,114.48,87.98,120.84,1.11,100.7,11,1,0,76.0
Hyderabad,2018-02-11,76,41.8,82.08,63.08,86.64,0.8,72.2,11,2,1,55.0
Hyderabad,2018-03-11,55,30.25,59.4,45.65,62.7,0.58,52.25,11,3,1,54.0
Hyderabad,2018-04-11,54,29.7,58.32,44.82,61.56,0.57,51.3,11,4,0,63.0
Hyderabad,2018-05-11,63,34.65,68.04,52.29,71.82,0.66,59.85,11,5,0,83.0
Hyderabad,2018-06-11,83,45.65,89.64,68.89,94.62,0.87,78.85,11,6,0,97.0
Hyderabad,2018-07-11,97,53.35,104.76,80.51,110.58,1.02,92.15,11,7,0,112.0
Hyderabad,2018-08-11,112,61.6,120.96,92.96,127.68,1.18,106.4,11,8,1,120.0
Hyderabad,2018-09-11,120,66.0,129.6,99.6,136.8,1.26,114.0,11,9,0,135.0
Hyderabad,2018-10-11,135,74.25,145.8,112.05,153.9,1.42,128.25,11,10,0,128.0
Hyderabad,2018-11-11,128,70.4,138.24,106.24,145.92,1.34,121.6,11,11,1,130.0
Hyderabad,2018-12-11,130,71.5,140.4,107.9,148.2,1.37,123.5,11,12,0,137.0
Hyderabad,2018-01-12,137,75.35,147.96,113.71,156.18,1.44,130.15,12,1,0,142.0
Hyderabad,2018-02-12,142,78.1,153.36,117.86,161.88,1.49,134.9,12,2,0,144.0
Hyderabad,2018-03-12,144,79.2,155.52,119.52,164.16,1.51,136.8,12,3,0,158.0
Hyderabad,2018-04-12,158,86.9,170.64,131.14,180.12,1.66,150.1,12,4,0,140.0
Hyderabad,2018-05-12,140,77.0,151.2,116.2,159.6,1.47,133.0,12,5,1,122.0
Hyderabad,2018-06-12,122,67.1,131.76,101.26,139.08,1.28,115.9,12,6,0,108.0
Hyderabad,2018-07-12,108,59.4,116.64,89.64,123.12,1.13,102.6,12,7,0,147.0
Hyderabad,2018-08-12,147,80.85,158.76,122.01,167.58,1.54,139.65,12,8,1,160.0
Hyderabad,2018-09-12,160,88.0,172.8,132.8,182.4,1.68,152.0,12,9,0,162.0
Hyderabad,2018-10-12,162,89.1,174.96,134.46,184.68,1.7,153.9,12,10,0,156.0
Hyderabad,2018-11-12,156,85.8,168.48,129.48,177.84,1.64,148.2,12,11,0,155.0
Hyderabad,2018-12-12,155,85.25,167.4,128.65,176.7,1.63,147.25,12,12,0,132.0
Hyderabad,2019-01-01,132,72.6,142.56,109.56,150.48,1.39,125.4,1,1,0,141.0
Hyderabad,2019-02-01,141,77.55,152.28,117.03,160.74,1.48,133.95,1,2,0,144.0
Hyderabad,2019-03-01,144,79.2,155.52,119.52,164.16,1.51,136.8,1,3,0,147.0
Hyderabad,2019-04-01,147,80.85,158.76,122.01,167.58,1.54,139.65,1,4,0,145.0
Hyderabad,2019-05-01,145,79.75,156.6,120.35,165.3,1.52,137.75,1,5,0,155.0
Hyderabad,2019-06-01,155,85.25,167.4,128.65,176.7,1.63,147.25,1,6,1,153.0
Hyderabad,2019-07-01,153,84.15,165.24,126.99,174.42,1.61,145.35,1,7,0,151.0
Hyderabad,2019-08-01,151,83.05,163.08,125.33,172.14,1.59,143.45,1,8,0,148.0
Hyderabad,2019-09-01,148,81.4,159.84,122.84,168.72,1.55,140.6,1,9,1,146.0
Hyderabad,2019-10-01,146,80.3,157.68,121.18,166.44,1.53,138.7,1,10,0,152.0
Hyderabad,2019-11-01,152,83.6,164.16,126.16,173.28,1.6,144.4,1,11,0,158.0
Hyderabad,2019-12-01,158,86.9,170.64,131.14,180.12,1.66,150.1,1,12,1,130.0
Hyderabad,2019-01-02,130,71.5,140.4,107.9,148.2,1.37,123.5,2,1,0,119.0
Hyderabad,2019-02-02,119,65.45,128.52,98.77,135.66,1.25,113.05,2,2,1,122.0
Hyderabad,2019-03-02,122,67.1,131.76,101.26,139.08,1.28,115.9,2,3,1,116.0
Hyderabad,2019-04-02,116,63.8,125.28,96.28,132.24,1.22,110.2,2,4,0,117.0
Hyderabad,2019-05-02,117,64.35,126.36,97.11,133.38,1.23,111.15,2,5,0,134.0
Hyderabad,2019-06-02,134,73.7,144.72,111.22,152.76,1.41,127.3,2,6,1,118.0
Hyderabad,2019-07-02,118,64.9,127.44,97.94,134.52,1.24,112.1,2,7,0,117.0
Hyderabad,2019-08-02,117,64.35,126.36,97.11,133.38,1.23,111.15,2,8,0,132.0
Hyderabad,2019-09-02,132,72.6,142.56,109.56,150.48,1.39,125.4,2,9,0,130.0
Hyderabad,2019-10-02,130,71.5,140.4,107.9,148.2,1.37,123.5,2,10,0,114.0
Hyderabad,2019-11-02,114,62.7,123.12,94.62,129.96,1.2,108.3,2,11,1,128.0
Hyderabad,2019-12-02,128,70.4,138.24,106.24,145.92,1.34,121.6,2,12,0,119.0
Hyderabad,2019-01-03,119,65.45,128.52,98.77,135.66,1.25,113.05,3,1,0,74.0
Hyderabad,2019-02-03,74,40.7,79.92,61.42,84.36,0.78,70.3,3,2,1,68.0
Hyderabad,2019-03-03,68,37.4,73.44,56.44,77.52,0.71,64.6,3,3,1,77.0
Hyderabad,2019-04-03,77,42.35,83.16,63.91,87.78,0.81,73.15,3,4,0,126.0
Hyderabad,2019-05-03,126,69.3,136.08,104.58,143.64,1.32,119.7,3,5,0,135.0
Hyderabad,2019-06-03,135,74.25,145.8,112.05,153.9,1.42,128.25,3,6,0,139.0
Hyderabad,2019-07-03,139,76.45,150.12,115.37,158.46,1.46,132.05,3,7,0,144.0
Hyderabad,2019-08-03,144,79.2,155.52,119.52,164.16,1.51,136.8,3,8,1,114.0
Hyderabad,2019-09-03,114,62.7,123.12,94.62,129.96,1.2,108.3,3,9,0,101.0
Hyderabad,2019-10-03,101,55.55,109.08,83.83,115.14,1.06,95.95,3,10,0,87.0
Hyderabad,2019-11-03,87,47.85,93.96,72.21,99.18,0.91,82.65,3,11,1,96.0
Hyderabad,2019-12-03,96,52.8,103.68,79.68,109.44,1.01,91.2,3,12,0,99.0
Hyderabad,2019-01-04,99,54.45,106.92,82.17,112.86,1.04,94.05,4,1,0,113.0
Hyderabad,2019-02-04,113,62.15,122.04,93.79,128.82,1.19,107.35,4,2,0,104.0
Hyderabad,2019-03-04,104,57.2,112.32,86.32,118.56,1.09,98.8,4,3,0,98.0
Hyderabad,2019-04-04,98,53.9,105.84,81.34,111.72,1.03,93.1,4,4,0,85.0
Hyderabad,2019-05-04,85,46.75,91.8,70.55,96.9,0.89,80.75,4,5,1,85.0
Hyderabad,2019-06-04,85,46.75,91.8,70.55,96.9,0.89,80.75,4,6,0,73.0
Hyderabad,2019-07-04,73,40.15,78.84,60.59,83.22,0.77,69.35,4,7,0,77.0
Hyderabad,2019-08-04,77,42.35,83.16,63.91,87.78,0.81,73.15,4,8,1,88.0
Hyderabad,2019-09-04,88,48.4,95.04,73.04,100.32,0.92,83.6,4,9,0,98.0
Hyderabad,2019-10-04,98,53.9,105.84,81.34,111.72,1.03,93.1,4,10,0,77.0
Hyderabad,2019-11-04,77,42.35,83.16,63.91,87.78,0.81,73.15,4,11,0,83.0
Hyderabad,2019-12-04,83,45.65,89.64,68.89,94.62,0.87,78.85,4,12,0,94.0
Hyderabad,2019-01-05,94,51.7,101.52,78.02,107.16,0.99,89.3,5,1,1,115.0
Hyderabad,2019-02-05,115,63.25,124.2,95.45,131.1,1.21,109.25,5,2,0,118.0
Hyderabad,2019-03-05,118,64.9,127.44,97.94,134.52,1.24,112.1,5,3,0,108.0
Hyderabad,2019-04-05,108,59.4,116.64,89.64,123.12,1.13,102.6,5,4,0,102.0
Hyderabad,2019-05-05,102,56.1,110.16,84.66,116.28,1.07,96.9,5,5,1,114.0
Hyderabad,2019-06-05,114,62.7,123.12,94.62,129.96,1.2,108.3,5,6,0,130.0
Hyderabad,2019-07-05,130,71.5,140.4,107.9,148.2,1.37,123.5,5,7,0,133.0
Hyderabad,2019-08-05,133,73.15,143.64,110.39,151.62,1.4,126.35,5,8,0,127.0
Hyderabad,2019-09-05,127,69.85,137.16,105.41,144.78,1.33,120.65,5,9,0,125.0
Hyderabad,2019-10-05,125,68.75,135.0,103.75,142.5,1.31,118.75,5,10,1,120.0
Hyderabad,2019-11-05,120,66.0,129.6,99.6,136.8,1.26,114.0,5,11,0,91.0
Hyderabad,2019-12-05,91,50.05,98.28,75.53,103.74,0.96,86.45,5,12,0,86.0
Hyderabad,2019-01-06,86,47.3,92.88,71.38,98.04,0.9,81.7,6,1,1,112.0
Hyderabad,2019-02-06,112,61.6,120.96,92.96,127.68,1.18,106.4,6,2,0,79.0
Hyderabad,2019-03-06,79,43.45,85.32,65.57,90.06,0.83,75.05,6,3,0,64.0
Hyderabad,2019-04-06,64,35.2,69.12,53.12,72.96,0.67,60.8,6,4,1,76.0
Hyderabad,2019-05-06,76,41.8,82.08,63.08,86.64,0.8,72.2,6,5,0,102.0
Hyderabad,2019-06-06,102,56.1,110.16,84.66,116.28,1.07,96.9,6,6,0,75.0
Hyderabad,2019-07-06,75,41.25,81.0,62.25,85.5,0.79,71.25,6,7,1,63.0
Hyderabad,2019-08-06,63,34.65,68.04,52.29,71.82,0.66,59.85,6,8,0,76.0
Hyderabad,2019-09-06,76,41.8,82.08,63.08,86.64,0.8,72.2,6,9,0,67.0
Hyderabad,2019-10-06,67,36.85,72.36,55.61,76.38,0.7,63.65,6,10,1,48.0
Hyderabad,2019-11-06,48,26.4,51.84,39.84,54.72,0.5,45.6,6,11,0,44.0
Hyderabad,2019-12-06,44,24.2,47.52,36.52,50.16,0.46,41.8,6,12,0,42.0
Hyderabad,2019-01-07,42,23.1,45.36,34.86,47.88,0.44,39.9,7,1,0,31.0
Hyderabad,2019-02-07,31,17.05,33.48,25.73,35.34,0.33,29.45,7,2,0,41.0
Hyderabad,2019-03-07,41,22.55,44.28,34.03,46.74,0.43,38.95,7,3,0,43.0
Hyderabad,2019-04-07,43,23.65,46.44,35.69,49.02,0.45,40.85,7,4,1,36.0
Hyderabad,2019-05-07,36,19.8,38.88,29.88,41.04,0.38,34.2,7,5,0,32.0
Hyderabad,2019-06-07,32,17.6,34.56,26.56,36.48,0.34,30.4,7,6,0,42.0
Hyderabad,2019-07-07,42,23.1,45.36,34.86,47.88,0.44,39.9,7,7,1,34.0
Hyderabad,2019-08-07,34,18.7,36.72,28.22,38.76,0.36,32.3,7,8,0,39.0
Hyderabad,2019-09-07,39,21.45,42.12,32.37,44.46,0.41,37.05,7,9,1,29.0
Hyderabad,2019-10-07,29,15.95,31.32,24.07,33.06,0.3,27.55,7,10,0,38.0
Hyderabad,2019-11-07,38,20.9,41.04,31.54,43.32,0.4,36.1,7,11,0,37.0
Hyderabad,2019-12-07,37,20.35,39.96,30.71,42.18,0.39,35.15,7,12,1,30.0
Hyderabad,2019-01-08,30,16.5,32.4,24.9,34.2,0.32,28.5,8,1,0,25.0
Hyderabad,2019-02-08,25,13.75,27.0,20.75,28.5,0.26,23.75,8,2,0,20.0
Hyderabad,2019-03-08,20,11.0,21.6,16.6,22.8,0.21,19.0,8,3,0,27.0
Hyderabad,2019-04-08,27,14.85,29.16,22.41,30.78,0.28,25.65,8,4,0,27.0
Hyderabad,2019-05-08,27,14.85,29.16,22.41,30.78,0.28,25.65,8,5,0,38.0
Hyderabad,2019-06-08,38,20.9,41.04,31.54,43.32,0.4,36.1,8,6,1,26.0
Hyderabad,2019-07-08,26,14.3,28.08,21.58,29.64,0.27,24.7,8,7,0,40.0
Hyderabad,2019-08-08,40,22.0,43.2,33.2,45.6,0.42,38.0,8,8,0,35.0
Hyderabad,2019-09-08,35,19.25,37.8,29.05,39.9,0.37,33.25,8,9,1,32.0
Hyderabad,2019-10-08,32,17.6,34.56,26.56,36.48,0.34,30.4,8,10,0,44.0
Hyderabad,2019-11-08,44,24.2,47.52,36.52,50.16,0.46,41.8,8,11,0,58.0
Hyderabad,2019-12-08,58,31.9,62.64,48.14,66.12,0.61,55.1,8,12,1,27.0
Hyderabad,2019-01-09,27,14.85,29.16,22.41,30.78,0.28,25.65,9,1,0,26.0
Hyderabad,2019-02-09,26,14.3,28.08,21.58,29.64,0.27,24.7,9,2,1,30.0
Hyderabad,2019-03-09,30,16.5,32.4,24.9,34.2,0.32,28.5,9,3,1,25.0
Hyderabad,2019-04-09,25,13.75,27.0,20.75,28.5,0.26,23.75,9,4,0,26.0
Hyderabad,2019-05-09,26,14.3,28.08,21.58,29.64,0.27,24.7,9,5,0,28.0
Hyderabad,2019-06-09,28,15.4,30.24,23.24,31.92,0.29,26.6,9,6,1,27.0
Hyderabad,2019-07-09,27,14.85,29.16,22.41,30.78,0.28,25.65,9,7,0,25.0
Hyderabad,2019-08-09,25,13.75,27.0,20.75,28.5,0.26,23.75,9,8,0,34.0
Hyderabad,2019-09-09,34,18.7,36.72,28.22,38.76,0.36,32.3,9,9,0,32.0
Hyderabad,2019-10-09,32,17.6,34.56,26.56,36.48,0.34,30.4,9,10,0,50.0
Hyderabad,2019-11-09,50,27.5,54.0,41.5,57.0,0.53,47.5,9,11,1,53.0
Hyderabad,2019-12-09,53,29.15,57.24,43.99,60.42,0.56,50.35,9,12,0,76.0
Hyderabad,2019-01-10,76,41.8,82.08,63.08,86.64,0.8,72.2,10,1,0,68.0
Hyderabad,2019-02-10,68,37.4,73.44,56.44,77.52,0.71,64.6,10,2,1,80.0
Hyderabad,2019-03-10,80,44.0,86.4,66.4,91.2,0.84,76.0,10,3,1,78.0
Hyderabad,2019-04-10,78,42.9,84.24,64.74,88.92,0.82,74.1,10,4,0,72.0
Hyderabad,2019-05-10,72,39.6,77.76,59.76,82.08,0.76,68.4,10,5,0,81.0
Hyderabad,2019-06-10,81,44.55,87.48,67.23,92.34,0.85,76.95,10,6,0,92.0
Hyderabad,2019-07-10,92,50.6,99.36,76.36,104.88,0.97,87.4,10,7,0,99.0
Hyderabad,2019-08-10,99,54.45,106.92,82.17,112.86,1.04,94.05,10,8,1,95.0
Hyderabad,2019-09-10,95,52.25,102.6,78.85,108.3,1.0,90.25,10,9,0,78.0
Hyderabad,2019-10-10,78,42.9,84.24,64.74,88.92,0.82,74.1,10,10,0,62.0
Hyderabad,2019-11-10,62,34.1,66.96,51.46,70.68,0.65,58.9,10,11,1,63.0
Hyderabad,2019-12-10,63,34.65,68.04,52.29,71.82,0.66,59.85,10,12,0,52.0
Hyderabad,2019-01-11,52,28.6,56.16,43.16,59.28,0.55,49.4,11,1,0,60.0
Hyderabad,2019-02-11,60,33.0,64.8,49.8,68.4,0.63,57.0,11,2,0,84.0
Hyderabad,2019-03-11,84,46.2,90.72,69.72,95.76,0.88,79.8,11,3,0,99.0
Hyderabad,2019-04-11,99,54.45,106.92,82.17,112.86,1.04,94.05,11,4,0,169.0
Hyderabad,2019-05-11,169,92.95,182.52,140.27,192.66,1.77,160.55,11,5,1,172.0
Hyderabad,2019-06-11,172,94.6,185.76,142.76,196.08,1.81,163.4,11,6,0,153.0
Hyderabad,2019-07-11,153,84.15,165.24,126.99,174.42,1.61,145.35,11,7,0,129.0
Hyderabad,2019-08-11,129,70.95,139.32,107.07,147.06,1.35,122.55,11,8,1,158.0
Hyderabad,2019-09-11,158,86.9,170.64,131.14,180.12,1.66,150.1,11,9,0,162.0
Hyderabad,2019-10-11,162,89.1,174.96,134.46,184.68,1.7,153.9,11,10,0,121.0
Hyderabad,2019-11-11,121,66.55,130.68,100.43,137.94,1.27,114.95,11,11,0,101.0
Hyderabad,2019-12-11,101,55.55,109.08,83.83,115.14,1.06,95.95,11,12,0,128.0
Hyderabad,2019-01-12,128,70.4,138.24,106.24,145.92,1.34,121.6,12,1,1,90.0
Hyderabad,2019-02-12,90,49.5,97.2,74.7,102.6,0.95,85.5,12,2,0,68.0
Hyderabad,2019-03-12,68,37.4,73.44,56.44,77.52,0.71,64.6,12,3,0,157.0
Hyderabad,2019-04-12,157,86.35,169.56,130.31,178.98,1.65,149.15,12,4,0,175.0
Hyderabad,2019-05-12,175,96.25,189.0,145.25,199.5,1.84,166.25,12,5,1,180.0
Hyderabad,2019-06-12,180,99.0,194.4,149.4,205.2,1.89,171.0,12,6,0,181.0
Hyderabad,2019-07-12,181,99.55,195.48,150.23,206.34,1.9,171.95,12,7,0,148.0
Hyderabad,2019-08-12,148,81.4,159.84,122.84,168.72,1.55,140.6,12,8,0,114.0
Hyderabad,2019-09-12,114,62.7,123.12,94.62,129.96,1.2,108.3,12,9,0,118.0
Hyderabad,2019-10-12,118,64.9,127.44,97.94,134.52,1.24,112.1,12,10,1,127.0
Hyderabad,2019-11-12,127,69.85,137.16,105.41,144.78,1.33,120.65,12,11,0,126.0
Hyderabad,2019-12-12,126,69.3,136.08,104.58,143.64,1.32,119.7,12,12,0,81.0
Hyderabad,2020-01-01,81,44.55,87.48,67.23,92.34,0.85,76.95,1,1,0,59.0
Hyderabad,2020-02-01,59,32.45,63.72,48.97,67.26,0.62,56.05,1,2,1,61.0
Hyderabad,2020-03-01,61,33.55,65.88,50.63,69.54,0.64,57.95,1,3,1,98.0
Hyderabad,2020-04-01,98,53.9,105.84,81.34,111.72,1.03,93.1,1,4,0,115.0
Hyderabad,2020-05-01,115,63.25,124.2,95.45,131.1,1.21,109.25,1,5,0,116.0
Hyderabad,2020-06-01,116,63.8,125.28,96.28,132.24,1.22,110.2,1,6,0,93.0
Hyderabad,2020-07-01,93,51.15,100.44,77.19,106.02,0.98,88.35,1,7,0,79.0
Hyderabad,2020-08-01,79,43.45,85.32,65.57,90.06,0.83,75.05,1,8,1,82.0
Hyderabad,2020-09-01,82,45.1,88.56,68.06,93.48,0.86,77.9,1,9,0,142.0
Hyderabad,2020-10-01,142,78.1,153.36,117.86,161.88,1.49,134.9,1,10,0,152.0
Hyderabad,2020-11-01,152,83.6,164.16,126.16,173.28,1.6,144.4,1,11,1,142.0
Hyderabad,2020-12-01,142,78.1,153.36,117.86,161.88,1.49,134.9,1,12,0,91.0
Hyderabad,2020-01-02,91,50.05,98.28,75.53,103.74,0.96,86.45,2,1,0,74.0
Hyderabad,2020-02-02,74,40.7,79.92,61.42,84.36,0.78,70.3,2,2,1,77.0
Hyderabad,2020-03-02,77,42.35,83.16,63.91,87.78,0.81,73.15,2,3,0,68.0
Hyderabad,2020-04-02,68,37.4,73.44,56.44,77.52,0.71,64.6,2,4,0,70.0
Hyderabad,2020-05-02,70,38.5,75.6,58.1,79.8,0.74,66.5,2,5,1,80.0
Hyderabad,2020-06-02,80,44.0,86.4,66.4,91.2,0.84,76.0,2,6,0,80.0
Hyderabad,2020-07-02,80,44.0,86.4,66.4,91.2,0.84,76.0,2,7,0,79.0
Hyderabad,2020-08-02,79,43.45,85.32,65.57,90.06,0.83,75.05,2,8,1,82.0
Hyderabad,2020-09-02,82,45.1,88.56,68.06,93.48,0.86,77.9,2,9,0,66.0
Hyderabad,2020-10-02,66,36.3,71.28,54.78,75.24,0.69,62.7,2,10,0,75.0
Hyderabad,2020-11-02,75,41.25,81.0,62.25,85.5,0.79,71.25,2,11,0,96.0
Hyderabad,2020-12-02,96,52.8,103.68,79.68,109.44,1.01,91.2,2,12,0,92.0
Hyderabad,2020-01-03,92,50.6,99.36,76.36,104.88,0.97,87.4,3,1,0,97.0
Hyderabad,2020-02-03,97,53.35,104.76,80.51,110.58,1.02,92.15,3,2,0,97.0
Hyderabad,2020-03-03,97,53.35,104.76,80.51,110.58,1.02,92.15,3,3,0,112.0
Hyderabad,2020-04-03,112,61.6,120.96,92.96,127.68,1.18,106.4,3,4,0,118.0
Hyderabad,2020-05-03,118,64.9,127.44,97.94,134.52,1.24,112.1,3,5,1,90.0
Hyderabad,2020-06-03,90,49.5,97.2,74.7,102.6,0.95,85.5,3,6,0,83.0
Hyderabad,2020-07-03,83,45.65,89.64,68.89,94.62,0.87,78.85,3,7,0,72.0
Hyderabad,2020-08-03,72,39.6,77.76,59.76,82.08,0.76,68.4,3,8,0,71.0
Hyderabad,2020-09-03,71,39.05,76.68,58.93,80.94,0.75,67.45,3,9,0,60.0
Hyderabad,2020-10-03,60,33.0,64.8,49.8,68.4,0.63,57.0,3,10,1,63.0
Hyderabad,2020-11-03,63,34.65,68.04,52.29,71.82,0.66,59.85,3,11,0,75.0
Hyderabad,2020-12-03,75,41.25,81.0,62.25,85.5,0.79,71.25,3,12,0,84.0
Hyderabad,2020-01-04,84,46.2,90.72,69.72,95.76,0.88,79.8,4,1,1,98.0
Hyderabad,2020-02-04,98,53.9,105.84,81.34,111.72,1.03,93.1,4,2,0,73.0
Hyderabad,2020-03-04,73,40.15,78.84,60.59,83.22,0.77,69.35,4,3,0,67.0
Hyderabad,2020-04-04,67,36.85,72.36,55.61,76.38,0.7,63.65,4,4,1,66.0
Hyderabad,2020-05-04,66,36.3,71.28,54.78,75.24,0.69,62.7,4,5,0,62.0
Hyderabad,2020-06-04,62,34.1,66.96,51.46,70.68,0.65,58.9,4,6,0,47.0
Hyderabad,2020-07-04,47,25.85,50.76,39.01,53.58,0.49,44.65,4,7,1,41.0
Hyderabad,2020-08-04,41,22.55,44.28,34.03,46.74,0.43,38.95,4,8,0,63.0
Hyderabad,2020-09-04,63,34.65,68.04,52.29,71.82,0.66,59.85,4,9,0,52.0
Hyderabad,2020-10-04,52,28.6,56.16,43.16,59.28,0.55,49.4,4,10,1,65.0
Hyderabad,2020-11-04,65,35.75,70.2,53.95,74.1,0.68,61.75,4,11,0,58.0
Hyderabad,2020-12-04,58,31.9,62.64,48.14,66.12,0.61,55.1,4,12,0,58.0
Hyderabad,2020-01-05,58,31.9,62.64,48.14,66.12,0.61,55.1,5,1,1,51.0
Hyderabad,2020-02-05,51,28.05,55.08,42.33,58.14,0.54,48.45,5,2,0,73.0
Hyderabad,2020-03-05,73,40.15,78.84,60.59,83.22,0.77,69.35,5,3,0,73.0
Hyderabad,2020-04-05,73,40.15,78.84,60.59,83.22,0.77,69.35,5,4,1,68.0
Hyderabad,2020-05-05,68,37.4,73.44,56.44,77.52,0.71,64.6,5,5,0,67.0
Hyderabad,2020-06-05,67,36.85,72.36,55.61,76.38,0.7,63.65,5,6,0,54.0
Hyderabad,2020-07-05,54,29.7,58.32,44.82,61.56,0.57,51.3,5,7,1,60.0
Hyderabad,2020-08-05,60,33.0,64.8,49.8,68.4,0.63,57.0,5,8,0,65.0
Hyderabad,2020-09-05,65,35.75,70.2,53.95,74.1,0.68,61.75,5,9,1,59.0
Hyderabad,2020-10-05,59,32.45,63.72,48.97,67.26,0.62,56.05,5,10,0,78.0
Hyderabad,2020-11-05,78,42.9,84.24,64.74,88.92,0.82,74.1,5,11,0,69.0
Hyderabad,2020-12-05,69,37.95,74.52,57.27,78.66,0.72,65.55,5,12,1,46.0
Hyderabad,2020-01-06,46,25.3,49.68,38.18,52.44,0.48,43.7,6,1,0,56.0
Hyderabad,2020-02-06,56,30.8,60.48,46.48,63.84,0.59,53.2,6,2,0,34.0
Hyderabad,2020-03-06,34,18.7,36.72,28.22,38.76,0.36,32.3,6,3,0,32.0
Hyderabad,2020-04-06,32,17.6,34.56,26.56,36.48,0.34,30.4,6,4,0,42.0
Hyderabad,2020-05-06,42,23.1,45.36,34.86,47.88,0.44,39.9,6,5,0,62.0
Hyderabad,2020-06-06,62,34.1,66.96,51.46,70.68,0.65,58.9,6,6,1,60.0
Hyderabad,2020-07-06,60,33.0,64.8,49.8,68.4,0.63,57.0,6,7,0,53.0
Hyderabad,2020-08-06,53,29.15,57.24,43.99,60.42,0.56,50.35,6,8,0,53.0
Hyderabad,2020-09-06,53,29.15,57.24,43.99,60.42,0.56,50.35,6,9,1,47.0
Hyderabad,2020-10-06,47,25.85,50.76,39.01,53.58,0.49,44.65,6,10,0,41.0
Hyderabad,2020-11-06,41,22.55,44.28,34.03,46.74,0.43,38.95,6,11,0,42.0
Hyderabad,2020-12-06,42,23.1,45.36,34.86,47.88,0.44,39.9,6,12,1,39.0
Hyderabad,2020-01-07,39,21.45,42.12,32.37,44.46,0.41,37.05,7,1,0,33.0
Hyderabad,2020-02-07,33,18.15,35.64,27.39,37.62,0.35,31.35,7,2,0,31.0
Hyderabad,2020-03-07,31,17.05,33.48,25.73,35.34,0.33,29.45,7,3,1,30.0
Hyderabad,2020-04-07,30,16.5,32.4,24.9,34.2,0.32,28.5,7,4,0,32.0
Hyderabad,2020-05-07,32,17.6,34.56,26.56,36.48,0.34,30.4,7,5,0,40.0
Hyderabad,2020-06-07,40,22.0,43.2,33.2,45.6,0.42,38.0,7,6,1,37.0
Hyderabad,2020-07-07,37,20.35,39.96,30.71,42.18,0.39,35.15,7,7,0,30.0
Hyderabad,2020-08-07,30,16.5,32.4,24.9,34.2,0.32,28.5,7,8,0,33.0
Hyderabad,2020-09-07,33,18.15,35.64,27.39,37.62,0.35,31.35,7,9,0,34.0
Hyderabad,2020-10-07,34,18.7,36.72,28.22,38.76,0.36,32.3,7,10,0,33.0
Hyderabad,2020-11-07,33,18.15,35.64,27.39,37.62,0.35,31.35,7,11,1,41.0
Hyderabad,2020-12-07,41,22.55,44.28,34.03,46.74,0.43,38.95,7,12,0,60.0
Hyderabad,2020-01-08,60,33.0,64.8,49.8,68.4,0.63,57.0,8,1,0,40.0
Hyderabad,2020-02-08,40,22.0,43.2,33.2,45.6,0.42,38.0,8,2,1,26.0
Hyderabad,2020-03-08,26,14.3,28.08,21.58,29.64,0.27,24.7,8,3,1,26.0
Hyderabad,2020-04-08,26,14.3,28.08,21.58,29.64,0.27,24.7,8,4,0,27.0
Hyderabad,2020-05-08,27,14.85,29.16,22.41,30.78,0.28,25.65,8,5,0,28.0
Hyderabad,2020-06-08,28,15.4,30.24,23.24,31.92,0.29,26.6,8,6,0,30.0
Hyderabad,2020-07-08,30,16.5,32.4,24.9,34.2,0.32,28.5,8,7,0,31.0
Hyderabad,2020-08-08,31,17.05,33.48,25.73,35.34,0.33,29.45,8,8,1,45.0
Hyderabad,2020-09-08,45,24.75,48.6,37.35,51.3,0.47,42.75,8,9,0,36.0
Hyderabad,2020-10-08,36,19.8,38.88,29.88,41.04,0.38,34.2,8,10,0,32.0
Hyderabad,2020-11-08,32,17.6,34.56,26.56,36.48,0.34,30.4,8,11,1,35.0
Hyderabad,2020-12-08,35,19.25,37.8,29.05,39.9,0.37,33.25,8,12,0,63.0
Hyderabad,2020-01-09,63,34.65,68.04,52.29,71.82,0.66,59.85,9,1,0,59.0
Hyderabad,2020-02-09,59,32.45,63.72,48.97,67.26,0.62,56.05,9,2,1,60.0
Hyderabad,2020-03-09,60,33.0,64.8,49.8,68.4,0.63,57.0,9,3,0,46.0
Hyderabad,2020-04-09,46,25.3,49.68,38.18,52.44,0.48,43.7,9,4,0,47.0
Hyderabad,2020-05-09,47,25.85,50.76,39.01,53.58,0.49,44.65,9,5,1,50.0
Hyderabad,2020-06-09,50,27.5,54.0,41.5,57.0,0.53,47.5,9,6,0,48.0
Hyderabad,2020-07-09,48,26.4,51.84,39.84,54.72,0.5,45.6,9,7,0,82.0
Hyderabad,2020-08-09,82,45.1,88.56,68.06,93.48,0.86,77.9,9,8,1,83.0
Hyderabad,2020-09-09,83,45.65,89.64,68.89,94.62,0.87,78.85,9,9,0,55.0
Hyderabad,2020-10-09,55,30.25,59.4,45.65,62.7,0.58,52.25,9,10,0,52.0
Hyderabad,2020-11-09,52,28.6,56.16,43.16,59.28,0.55,49.4,9,11,0,46.0
Hyderabad,2020-12-09,46,25.3,49.68,38.18,52.44,0.48,43.7,9,12,0,70.0
Hyderabad,2020-01-10,70,38.5,75.6,58.1,79.8,0.74,66.5,10,1,0,86.0
Hyderabad,2020-02-10,86,47.3,92.88,71.38,98.04,0.9,81.7,10,2,0,94.0
Hyderabad,2020-03-10,94,51.7,101.52,78.02,107.16,0.99,89.3,10,3,0,94.0
Hyderabad,2020-04-10,94,51.7,101.52,78.02,107.16,0.99,89.3,10,4,0,87.0
Hyderabad,2020-05-10,87,47.85,93.96,72.21,99.18,0.91,82.65,10,5,1,103.0
Hyderabad,2020-06-10,103,56.65,111.24,85.49,117.42,1.08,97.85,10,6,0,107.0
Hyderabad,2020-07-10,107,58.85,115.56,88.81,121.98,1.12,101.65,10,7,0,102.0
Hyderabad,2020-08-10,102,56.1,110.16,84.66,116.28,1.07,96.9,10,8,0,104.0
Hyderabad,2020-09-10,104,57.2,112.32,86.32,118.56,1.09,98.8,10,9,0,62.0
Hyderabad,2020-10-10,62,34.1,66.96,51.46,70.68,0.65,58.9,10,10,1,68.0
Hyderabad,2020-11-10,68,37.4,73.44,56.44,77.52,0.71,64.6,10,11,0,45.0
Hyderabad,2020-12-10,45,24.75,48.6,37.35,51.3,0.47,42.75,10,12,0,162.0
Hyderabad,2020-01-11,162,89.1,174.96,134.46,184.68,1.7,153.9,11,1,1,163.0
Hyderabad,2020-02-11,163,89.65,176.04,135.29,185.82,1.71,154.85,11,2,0,167.0
Hyderabad,2020-03-11,167,91.85,180.36,138.61,190.38,1.75,158.65,11,3,0,155.0
Hyderabad,2020-04-11,155,85.25,167.4,128.65,176.7,1.63,147.25,11,4,1,150.0
Hyderabad,2020-05-11,150,82.5,162.0,124.5,171.0,1.58,142.5,11,5,0,141.0
Hyderabad,2020-06-11,141,77.55,152.28,117.03,160.74,1.48,133.95,11,6,0,161.0
Hyderabad,2020-07-11,161,88.55,173.88,133.63,183.54,1.69,152.95,11,7,1,143.0
Hyderabad,2020-08-11,143,78.65,154.44,118.69,163.02,1.5,135.85,11,8,0,149.0
Hyderabad,2020-09-11,149,81.95,160.92,123.67,169.86,1.56,141.55,11,9,0,170.0
Hyderabad,2020-10-11,170,93.5,183.6,141.1,193.8,1.79,161.5,11,10,1,151.0
Hyderabad,2020-11-11,151,83.05,163.08,125.33,172.14,1.59,143.45,11,11,0,87.0
Hyderabad,2020-12-11,87,47.85,93.96,72.21,99.18,0.91,82.65,11,12,0,96.0
Hyderabad,2020-01-12,96,52.8,103.68,79.68,109.44,1.01,91.2,12,1,1,97.0
Hyderabad,2020-02-12,97,53.35,104.76,80.51,110.58,1.02,92.15,12,2,0,98.0
Hyderabad,2020-03-12,98,53.9,105.84,81.34,111.72,1.03,93.1,12,3,0,99.0
Hyderabad,2020-04-12,99,54.45,106.92,82.17,112.86,1.04,94.05,12,4,1,100.0
Hyderabad,2020-05-12,100,55.0,108.0,83.0,114.0,1.05,95.0,12,5,0,101.0
Hyderabad,2020-06-12,101,55.55,109.08,83.83,115.14,1.06,95.95,12,6,0,102.0
Hyderabad,2020-07-12,102,56.1,110.16,84.66,116.28,1.07,96.9,12,7,1,103.0
Hyderabad,2020-08-12,103,56.65,111.24,85.49,117.42,1.08,97.85,12,8,0,104.0
Hyderabad,2020-09-12,104,57.2,112.32,86.32,118.56,1.09,98.8,12,9,1,105.0
Hyderabad,2020-10-12,105,57.75,113.4,87.15,119.7,1.1,99.75,12,10,0,106.0
Hyderabad,2020-11-12,106,58.3,114.48,87.98,120.84,1.11,100.7,12,11,0,107.0
Hyderabad,2020-12-12,107,58.85,115.56,88.81,121.98,1.12,101.65,12,12,1,188.0
Hyderabad,2021-01-01,188,103.4,203.04,156.04,214.32,1.97,178.6,1,1,0,184.0
Hyderabad,2021-02-01,184,101.2,198.72,152.72,209.76,1.93,174.8,1,2,0,192.0
Hyderabad,2021-03-01,192,105.6,207.36,159.36,218.88,2.02,182.4,1,3,0,142.0
Hyderabad,2021-04-01,142,78.1,153.36,117.86,161.88,1.49,134.9,1,4,0,106.0
Hyderabad,2021-05-01,106,58.3,114.48,87.98,120.84,1.11,100.7,1,5,1,102.0
Hyderabad,2021-06-01,102,56.1,110.16,84.66,116.28,1.07,96.9,1,6,0,86.0
Hyderabad,2021-07-01,86,47.3,92.88,71.38,98.04,0.9,81.7,1,7,0,141.0
Hyderabad,2021-08-01,141,77.55,152.28,117.03,160.74,1.48,133.95,1,8,1,68.0
Hyderabad,2021-09-01,68,37.4,73.44,56.44,77.52,0.71,64.6,1,9,0,85.0
Hyderabad,2021-10-01,85,46.75,91.8,70.55,96.9,0.89,80.75,1,10,0,144.0
Hyderabad,2021-11-01,144,79.2,155.52,119.52,164.16,1.51,136.8,1,11,0,163.0
Hyderabad,2021-12-01,163,89.65,176.04,135.29,185.82,1.71,154.85,1,12,0,149.0
Hyderabad,2021-01-02,149,81.95,160.92,123.67,169.86,1.56,141.55,2,1,1,142.0
Hyderabad,2021-02-02,142,78.1,153.36,117.86,161.88,1.49,134.9,2,2,0,144.0
Hyderabad,2021-03-02,144,79.2,155.52,119.52,164.16,1.51,136.8,2,3,0,125.0
Hyderabad,2021-04-02,125,68.75,135.0,103.75,142.5,1.31,118.75,2,4,0,114.0
Hyderabad,2021-05-02,114,62.7,123.12,94.62,129.96,1.2,108.3,2,5,1,114.0
Hyderabad,2021-06-02,114,62.7,123.12,94.62,129.96,1.2,108.3,2,6,0,149.0
Hyderabad,2021-07-02,149,81.95,160.92,123.67,169.86,1.56,141.55,2,7,0,131.0
Hyderabad,2021-08-02,131,72.05,141.48,108.73,149.34,1.38,124.45,2,8,0,152.0
Hyderabad,2021-09-02,152,83.6,164.16,126.16,173.28,1.6,144.4,2,9,0,154.0
Hyderabad,2021-10-02,154,84.7,166.32,127.82,175.56,1.62,146.3,2,10,1,129.0
Hyderabad,2021-11-02,129,70.95,139.32,107.07,147.06,1.35,122.55,2,11,0,99.0
Hyderabad,2021-12-02,99,54.45,106.92,82.17,112.86,1.04,94.05,2,12,0,128.0
Hyderabad,2021-01-03,128,70.4,138.24,106.24,145.92,1.34,121.6,3,1,1,121.0
Hyderabad,2021-02-03,121,66.55,130.68,100.43,137.94,1.27,114.95,3,2,0,131.0
Hyderabad,2021-03-03,131,72.05,141.48,108.73,149.34,1.38,124.45,3,3,0,143.0
Hyderabad,2021-04-03,143,78.65,154.44,118.69,163.02,1.5,135.85,3,4,1,103.0
Hyderabad,2021-05-03,103,56.65,111.24,85.49,117.42,1.08,97.85,3,5,0,105.0
Hyderabad,2021-06-03,105,57.75,113.4,87.15,119.7,1.1,99.75,3,6,0,122.0
Hyderabad,2021-07-03,122,67.1,131.76,101.26,139.08,1.28,115.9,3,7,1,115.0
Hyderabad,2021-08-03,115,63.25,124.2,95.45,131.1,1.21,109.25,3,8,0,106.0
Hyderabad,2021-09-03,106,58.3,114.48,87.98,120.84,1.11,100.7,3,9,0,111.0
Hyderabad,2021-10-03,111,61.05,119.88,92.13,126.54,1.17,105.45,3,10,1,109.0
Hyderabad,2021-11-03,109,59.95,117.72,90.47,124.26,1.14,103.55,3,11,0,68.0
Hyderabad,2021-12-03,68,37.4,73.44,56.44,77.52,0.71,64.6,3,12,0,140.0
Hyderabad,2021-01-04,140,77.0,151.2,116.2,159.6,1.47,133.0,4,1,0,152.0
Hyderabad,2021-02-04,152,83.6,164.16,126.16,173.28,1.6,144.4,4,2,0,150.0
Hyderabad,2021-03-04,150,82.5,162.0,124.5,171.0,1.58,142.5,4,3,0,141.0
Hyderabad,2021-04-04,141,77.55,152.28,117.03,160.74,1.48,133.95,4,4,1,154.0
Hyderabad,2021-05-04,154,84.7,166.32,127.82,175.56,1.62,146.3,4,5,0,125.0
Hyderabad,2021-06-04,125,68.75,135.0,103.75,142.5,1.31,118.75,4,6,0,111.0
Hyderabad,2021-07-04,111,61.05,119.88,92.13,126.54,1.17,105.45,4,7,1,121.0
Hyderabad,2021-08-04,121,66.55,130.68,100.43,137.94,1.27,114.95,4,8,0,132.0
Hyderabad,2021-09-04,132,72.6,142.56,109.56,150.48,1.39,125.4,4,9,1,110.0
Hyderabad,2021-10-04,110,60.5,118.8,91.3,125.4,1.16,104.5,4,10,0,76.0
Hyderabad,2021-11-04,76,41.8,82.08,63.08,86.64,0.8,72.2,4,11,0,91.0
Hyderabad,2021-12-04,91,50.05,98.28,75.53,103.74,0.96,86.45,4,12,1,98.0
Hyderabad,2021-01-05,98,53.9,105.84,81.34,111.72,1.03,93.1,5,1,0,77.0
Hyderabad,2021-02-05,77,42.35,83.16,63.91,87.78,0.81,73.15,5,2,0,69.0
Hyderabad,2021-03-05,69,37.95,74.52,57.27,78.66,0.72,65.55,5,3,0,76.0
Hyderabad,2021-04-05,76,41.8,82.08,63.08,86.64,0.8,72.2,5,4,0,69.0
Hyderabad,2021-05-05,69,37.95,74.52,57.27,78.66,0.72,65.55,5,5,0,57.0
Hyderabad,2021-06-05,57,31.35,61.56,47.31,64.98,0.6,54.15,5,6,1,52.0
Hyderabad,2021-07-05,52,28.6,56.16,43.16,59.28,0.55,49.4,5,7,0,51.0
Hyderabad,2021-08-05,51,28.05,55.08,42.33,58.14,0.54,48.45,5,8,0,51.0
Hyderabad,2021-09-05,51,28.05,55.08,42.33,58.14,0.54,48.45,5,9,1,50.0
Hyderabad,2021-10-05,50,27.5,54.0,41.5,57.0,0.53,47.5,5,10,0,67.0
Hyderabad,2021-11-05,67,36.85,72.36,55.61,76.38,0.7,63.65,5,11,0,55.0
Hyderabad,2021-12-05,55,30.25,59.4,45.65,62.7,0.58,52.25,5,12,1,45.0
Hyderabad,2021-01-06,45,24.75,48.6,37.35,51.3,0.47,42.75,6,1,0,46.0
Hyderabad,2021-02-06,46,25.3,49.68,38.18,52.44,0.48,43.7,6,2,1,48.0
Hyderabad,2021-03-06,48,26.4,51.84,39.84,54.72,0.5,45.6,6,3,1,48.0
Hyderabad,2021-04-06,48,26.4,51.84,39.84,54.72,0.5,45.6,6,4,0,46.0
Hyderabad,2021-05-06,46,25.3,49.68,38.18,52.44,0.48,43.7,6,5,0,37.0
Hyderabad,2021-06-06,37,20.35,39.96,30.71,42.18,0.39,35.15,6,6,1,40.0
Hyderabad,2021-07-06,40,22.0,43.2,33.2,45.6,0.42,38.0,6,7,0,46.0
Hyderabad,2021-08-06,46,25.3,49.68,38.18,52.44,0.48,43.7,6,8,0,37.0
Hyderabad,2021-09-06,37,20.35,39.96,30.71,42.18,0.39,35.15,6,9,0,34.0
Hyderabad,2021-10-06,34,18.7,36.72,28.22,38.76,0.36,32.3,6,10,0,31.0
Hyderabad,2021-11-06,31,17.05,33.48,25.73,35.34,0.33,29.45,6,11,1,30.0
Hyderabad,2021-12-06,30,16.5,32.4,24.9,34.2,0.32,28.5,6,12,0,46.0
Hyderabad,2021-01-07,46,25.3,49.68,38.18,52.44,0.48,43.7,7,1,0,38.0
Hyderabad,2021-02-07,38,20.9,41.04,31.54,43.32,0.4,36.1,7,2,1,49.0
Hyderabad,2021-03-07,49,26.95,52.92,40.67,55.86,0.51,46.55,7,3,1,72.0
Hyderabad,2021-04-07,72,39.6,77.76,59.76,82.08,0.76,68.4,7,4,0,63.0
Hyderabad,2021-05-07,63,34.65,68.04,52.29,71.82,0.66,59.85,7,5,0,76.0
Hyderabad,2021-06-07,76,41.8,82.08,63.08,86.64,0.8,72.2,7,6,0,64.0
Hyderabad,2021-07-07,64,35.2,69.12,53.12,72.96,0.67,60.8,7,7,0,44.0
Hyderabad,2021-08-07,44,24.2,47.52,36.52,50.16,0.46,41.8,7,8,1,40.0
Hyderabad,2021-09-07,40,22.0,43.2,33.2,45.6,0.42,38.0,7,9,0,37.0
Hyderabad,2021-10-07,37,20.35,39.96,30.71,42.18,0.39,35.15,7,10,0,38.0
Hyderabad,2021-11-07,38,20.9,41.04,31.54,43.32,0.4,36.1,7,11,1,33.0
Hyderabad,2021-12-07,33,18.15,35.64,27.39,37.62,0.35,31.35,7,12,0,42.0
Hyderabad,2021-01-08,42,23.1,45.36,34.86,47.88,0.44,39.9,8,1,0,36.0
Hyderabad,2021-02-08,36,19.8,38.88,29.88,41.04,0.38,34.2,8,2,0,39.0
Hyderabad,2021-03-08,39,21.45,42.12,32.37,44.46,0.41,37.05,8,3,0,44.0
Hyderabad,2021-04-08,44,24.2,47.52,36.52,50.16,0.46,41.8,8,4,0,41.0
Hyderabad,2021-05-08,41,22.55,44.28,34.03,46.74,0.43,38.95,8,5,1,43.0
Hyderabad,2021-06-08,43,23.65,46.44,35.69,49.02,0.45,40.85,8,6,0,71.0
Hyderabad,2021-07-08,71,39.05,76.68,58.93,80.94,0.75,67.45,8,7,0,54.0
Hyderabad,2021-08-08,54,29.7,58.32,44.82,61.56,0.57,51.3,8,8,1,55.0
Hyderabad,2021-09-08,55,30.25,59.4,45.65,62.7,0.58,52.25,8,9,0,62.0
Hyderabad,2021-10-08,62,34.1,66.96,51.46,70.68,0.65,58.9,8,10,0,56.0
Hyderabad,2021-11-08,56,30.8,60.48,46.48,63.84,0.59,53.2,8,11,0,49.0
Hyderabad,2021-12-08,49,26.95,52.92,40.67,55.86,0.51,46.55,8,12,0,43.0
Hyderabad,2021-01-09,43,23.65,46.44,35.69,49.02,0.45,40.85,9,1,1,60.0
Hyderabad,2021-02-09,60,33.0,64.8,49.8,68.4,0.63,57.0,9,2,0,45.0
Hyderabad,2021-03-09,45,24.75,48.6,37.35,51.3,0.47,42.75,9,3,0,38.0
Hyderabad,2021-04-09,38,20.9,41.04,31.54,43.32,0.4,36.1,9,4,0,38.0
Hyderabad,2021-05-09,38,20.9,41.04,31.54,43.32,0.4,36.1,9,5,1,38.0
Hyderabad,2021-06-09,38,20.9,41.04,31.54,43.32,0.4,36.1,9,6,0,38.0
Hyderabad,2021-07-09,38,20.9,41.04,31.54,43.32,0.4,36.1,9,7,0,33.0
Hyderabad,2021-08-09,33,18.15,35.64,27.39,37.62,0.35,31.35,9,8,0,34.0
Hyderabad,2021-09-09,34,18.7,36.72,28.22,38.76,0.36,32.3,9,9,0,41.0
Hyderabad,2021-10-09,41,22.55,44.28,34.03,46.74,0.43,38.95,9,10,1,38.0
Hyderabad,2021-11-09,38,20.9,41.04,31.54,43.32,0.4,36.1,9,11,0,34.0
Hyderabad,2021-12-09,34,18.7,36.72,28.22,38.76,0.36,32.3,9,12,0,54.0
Hyderabad,2021-01-10,54,29.7,58.32,44.82,61.56,0.57,51.3,10,1,1,52.0
Hyderabad,2021-02-10,52,28.6,56.16,43.16,59.28,0.55,49.4,10,2,0,60.0
Hyderabad,2021-03-10,60,33.0,64.8,49.8,68.4,0.63,57.0,10,3,0,55.0
Hyderabad,2021-04-10,55,30.25,59.4,45.65,62.7,0.58,52.25,10,4,1,62.0
Hyderabad,2021-05-10,62,34.1,66.96,51.46,70.68,0.65,58.9,10,5,0,59.0
Hyderabad,2021-06-10,59,32.45,63.72,48.97,67.26,0.62,56.05,10,6,0,46.0
Hyderabad,2021-07-10,46,25.3,49.68,38.18,52.44,0.48,43.7,10,7,1,54.0
Hyderabad,2021-08-10,54,29.7,58.32,44.82,61.56,0.57,51.3,10,8,0,42.0
Hyderabad,2021-09-10,42,23.1,45.36,34.86,47.88,0.44,39.9,10,9,0,60.0
Hyderabad,2021-10-10,60,33.0,64.8,49.8,68.4,0.63,57.0,10,10,1,89.0
Hyderabad,2021-11-10,89,48.95,96.12,73.87,101.46,0.93,84.55,10,11,0,123.0
Hyderabad,2021-12-10,123,67.65,132.84,102.09,140.22,1.29,116.85,10,12,0,127.0
Hyderabad,2021-01-11,127,69.85,137.16,105.41,144.78,1.33,120.65,11,1,0,121.0
Hyderabad,2021-02-11,121,66.55,130.68,100.43,137.94,1.27,114.95,11,2,0,46.0
Hyderabad,2021-03-11,46,25.3,49.68,38.18,52.44,0.48,43.7,11,3,0,57.0
Hyderabad,2021-04-11,57,31.35,61.56,47.31,64.98,0.6,54.15,11,4,1,78.0
Hyderabad,2021-05-11,78,42.9,84.24,64.74,88.92,0.82,74.1,11,5,0,104.0
Hyderabad,2021-06-11,104,57.2,112.32,86.32,118.56,1.09,98.8,11,6,0,142.0
Hyderabad,2021-07-11,142,78.1,153.36,117.86,161.88,1.49,134.9,11,7,1,134.0
Hyderabad,2021-08-11,134,73.7,144.72,111.22,152.76,1.41,127.3,11,8,0,145.0
Hyderabad,2021-09-11,145,79.75,156.6,120.35,165.3,1.52,137.75,11,9,1,179.0
Hyderabad,2021-10-11,179,98.45,193.32,148.57,204.06,1.88,170.05,11,10,0,169.0
Hyderabad,2021-11-11,169,92.95,182.52,140.27,192.66,1.77,160.55,11,11,0,146.0
Hyderabad,2021-12-11,146,80.3,157.68,121.18,166.44,1.53,138.7,11,12,1,131.0
Hyderabad,2021-01-12,131,72.05,141.48,108.73,149.34,1.38,124.45,12,1,0,156.0
Hyderabad,2021-02-12,156,85.8,168.48,129.48,177.84,1.64,148.2,12,2,0,170.0
Hyderabad,2021-03-12,170,93.5,183.6,141.1,193.8,1.79,161.5,12,3,0,162.0
Hyderabad,2021-04-12,162,89.1,174.96,134.46,184.68,1.7,153.9,12,4,0,162.0
Hyderabad,2021-05-12,162,89.1,174.96,134.46,184.68,1.7,153.9,12,5,0,125.0
Hyderabad,2021-06-12,125,68.75,135.0,103.75,142.5,1.31,118.75,12,6,1,109.0
Hyderabad,2021-07-12,109,59.95,117.72,90.47,124.26,1.14,103.55,12,7,0,123.0
Hyderabad,2021-08-12,123,67.65,132.84,102.09,140.22,1.29,116.85,12,8,0,102.0
Hyderabad,2021-09-12,102,56.1,110.16,84.66,116.28,1.07,96.9,12,9,1,84.0
Hyderabad,2021-10-12,84,46.2,90.72,69.72,95.76,0.88,79.8,12,10,0,101.0
Hyderabad,2021-11-12,101,55.55,109.08,83.83,115.14,1.06,95.95,12,11,0,136.0
Hyderabad,2021-12-12,136,74.8,146.88,112.88,155.04,1.43,129.2,12,12,1,126.0
Hyderabad,2022-01-01,126,69.3,136.08,104.58,143.64,1.32,119.7,1,1,1,143.0
Hyderabad,2022-02-01,143,78.65,154.44,118.69,163.02,1.5,135.85,1,2,0,136.0
Hyderabad,2022-03-01,136,74.8,146.88,112.88,155.04,1.43,129.2,1,3,0,145.0
Hyderabad,2022-04-01,145,79.75,156.6,120.35,165.3,1.52,137.75,1,4,0,151.0
Hyderabad,2022-05-01,151,83.05,163.08,125.33,172.14,1.59,143.45,1,5,1,119.0
Hyderabad,2022-06-01,119,65.45,128.52,98.77,135.66,1.25,113.05,1,6,0,84.0
Hyderabad,2022-07-01,84,46.2,90.72,69.72,95.76,0.88,79.8,1,7,0,65.0
Hyderabad,2022-08-01,65,35.75,70.2,53.95,74.1,0.68,61.75,1,8,0,72.0
Hyderabad,2022-09-01,72,39.6,77.76,59.76,82.08,0.76,68.4,1,9,0,73.0
Hyderabad,2022-10-01,73,40.15,78.84,60.59,83.22,0.77,69.35,1,10,1,64.0
Hyderabad,2022-11-01,64,35.2,69.12,53.12,72.96,0.67,60.8,1,11,0,79.0
Hyderabad,2022-12-01,79,43.45,85.32,65.57,90.06,0.83,75.05,1,12,0,173.0
Hyderabad,2022-01-02,173,95.15,186.84,143.59,197.22,1.82,164.35,2,1,1,162.0
Hyderabad,2022-02-02,162,89.1,174.96,134.46,184.68,1.7,153.9,2,2,0,110.0
Hyderabad,2022-03-02,110,60.5,118.8,91.3,125.4,1.16,104.5,2,3,0,118.0
Hyderabad,2022-04-02,118,64.9,127.44,97.94,134.52,1.24,112.1,2,4,1,152.0
Hyderabad,2022-05-02,152,83.6,164.16,126.16,173.28,1.6,144.4,2,5,0,138.0
Hyderabad,2022-06-02,138,75.9,149.04,114.54,157.32,1.45,131.1,2,6,0,124.0
Hyderabad,2022-07-02,124,68.2,133.92,102.92,141.36,1.3,117.8,2,7,1,128.0
Hyderabad,2022-08-02,128,70.4,138.24,106.24,145.92,1.34,121.6,2,8,0,108.0
Hyderabad,2022-09-02,108,59.4,116.64,89.64,123.12,1.13,102.6,2,9,0,108.0
Hyderabad,2022-10-02,108,59.4,116.64,89.64,123.12,1.13,102.6,2,10,1,142.0
Hyderabad,2022-11-02,142,78.1,153.36,117.86,161.88,1.49,134.9,2,11,0,131.0
Hyderabad,2022-12-02,131,72.05,141.48,108.73,149.34,1.38,124.45,2,12,0,73.0
Hyderabad,2022-01-03,73,40.15,78.84,60.59,83.22,0.77,69.35,3,1,0,76.0
Hyderabad,2022-02-03,76,41.8,82.08,63.08,86.64,0.8,72.2,3,2,0,93.0
Hyderabad,2022-03-03,93,51.15,100.44,77.19,106.02,0.98,88.35,3,3,0,86.0
Hyderabad,2022-04-03,86,47.3,92.88,71.38,98.04,0.9,81.7,3,4,1,94.0
Hyderabad,2022-05-03,94,51.7,101.52,78.02,107.16,0.99,89.3,3,5,0,96.0
Hyderabad,2022-06-03,96,52.8,103.68,79.68,109.44,1.01,91.2,3,6,0,83.0
Hyderabad,2022-07-03,83,45.65,89.64,68.89,94.62,0.87,78.85,3,7,1,99.0
Hyderabad,2022-08-03,99,54.45,106.92,82.17,112.86,1.04,94.05,3,8,0,130.0
Hyderabad,2022-09-03,130,71.5,140.4,107.9,148.2,1.37,123.5,3,9,1,144.0
Hyderabad,2022-10-03,144,79.2,155.52,119.52,164.16,1.51,136.8,3,10,0,140.0
Hyderabad,2022-11-03,140,77.0,151.2,116.2,159.6,1.47,133.0,3,11,0,132.0
Hyderabad,2022-12-03,132,72.6,142.56,109.56,150.48,1.39,125.4,3,12,1,137.0
Hyderabad,2022-01-04,137,75.35,147.96,113.71,156.18,1.44,130.15,4,1,0,105.0
Hyderabad,2022-02-04,105,57.75,113.4,87.15,119.7,1.1,99.75,4,2,0,120.0
Hyderabad,2022-03-04,120,66.0,129.6,99.6,136.8,1.26,114.0,4,3,0,96.0
Hyderabad,2022-04-04,96,52.8,103.68,79.68,109.44,1.01,91.2,4,4,0,92.0
Hyderabad,2022-05-04,92,50.6,99.36,76.36,104.88,0.97,87.4,4,5,0,97.0
Hyderabad,2022-06-04,97,53.35,104.76,80.51,110.58,1.02,92.15,4,6,1,108.0
Hyderabad,2022-07-04,108,59.4,116.64,89.64,123.12,1.13,102.6,4,7,0,104.0
Hyderabad,2022-08-04,104,57.2,112.32,86.32,118.56,1.09,98.8,4,8,0,84.0
Hyderabad,2022-09-04,84,46.2,90.72,69.72,95.76,0.88,79.8,4,9,1,111.0
Hyderabad,2022-10-04,111,61.05,119.88,92.13,126.54,1.17,105.45,4,10,0,78.0
Hyderabad,2022-11-04,78,42.9,84.24,64.74,88.92,0.82,74.1,4,11,0,116.0
Hyderabad,2022-12-04,116,63.8,125.28,96.28,132.24,1.22,110.2,4,12,1,127.0
Hyderabad,2022-01-05,127,69.85,137.16,105.41,144.78,1.33,120.65,5,1,0,101.0
Hyderabad,2022-02-05,101,55.55,109.08,83.83,115.14,1.06,95.95,5,2,1,133.0
Hyderabad,2022-03-05,133,73.15,143.64,110.39,151.62,1.4,126.35,5,3,1,93.0
Hyderabad,2022-04-05,93,51.15,100.44,77.19,106.02,0.98,88.35,5,4,0,91.0
Hyderabad,2022-05-05,91,50.05,98.28,75.53,103.74,0.96,86.45,5,5,0,110.0
Hyderabad,2022-06-05,110,60.5,118.8,91.3,125.4,1.16,104.5,5,6,1,109.0
Hyderabad,2022-07-05,109,59.95,117.72,90.47,124.26,1.14,103.55,5,7,0,117.0
Hyderabad,2022-08-05,117,64.35,126.36,97.11,133.38,1.23,111.15,5,8,0,136.0
Hyderabad,2022-09-05,136,74.8,146.88,112.88,155.04,1.43,129.2,5,9,0,143.0
Hyderabad,2022-10-05,143,78.65,154.44,118.69,163.02,1.5,135.85,5,10,0,86.0
Hyderabad,2022-11-05,86,47.3,92.88,71.38,98.04,0.9,81.7,5,11,1,72.0
Hyderabad,2022-12-05,72,39.6,77.76,59.76,82.08,0.76,68.4,5,12,0,100.0
Hyderabad,2022-01-06,100,55.0,108.0,83.0,114.0,1.05,95.0,6,1,0,119.0
Hyderabad,2022-02-06,119,65.45,128.52,98.77,135.66,1.25,113.05,6,2,1,96.0
Hyderabad,2022-03-06,96,52.8,103.68,79.68,109.44,1.01,91.2,6,3,1,117.0
Hyderabad,2022-04-06,117,64.35,126.36,97.11,133.38,1.23,111.15,6,4,0,128.0
Hyderabad,2022-05-06,128,70.4,138.24,106.24,145.92,1.34,121.6,6,5,0,94.0
Hyderabad,2022-06-06,94,51.7,101.52,78.02,107.16,0.99,89.3,6,6,0,90.0
Hyderabad,2022-07-06,90,49.5,97.2,74.7,102.6,0.95,85.5,6,7,0,88.0
Hyderabad,2022-08-06,88,48.4,95.04,73.04,100.32,0.92,83.6,6,8,1,86.0
Hyderabad,2022-09-06,86,47.3,92.88,71.38,98.04,0.9,81.7,6,9,0,68.0
Hyderabad,2022-10-06,68,37.4,73.44,56.44,77.52,0.71,64.6,6,10,0,63.0
Hyderabad,2022-11-06,63,34.65,68.04,52.29,71.82,0.66,59.85,6,11,1,60.0
Hyderabad,2022-12-06,60,33.0,64.8,49.8,68.4,0.63,57.0,6,12,0,54.0
Hyderabad,2022-01-07,54,29.7,58.32,44.82,61.56,0.57,51.3,7,1,0,56.0
Hyderabad,2022-02-07,56,30.8,60.48,46.48,63.84,0.59,53.2,7,2,0,57.0
Hyderabad,2022-03-07,57,31.35,61.56,47.31,64.98,0.6,54.15,7,3,0,53.0
Hyderabad,2022-04-07,53,29.15,57.24,43.99,60.42,0.56,50.35,7,4,0,51.0
Hyderabad,2022-05-07,51,28.05,55.08,42.33,58.14,0.54,48.45,7,5,1,45.0
Hyderabad,2022-06-07,45,24.75,48.6,37.35,51.3,0.47,42.75,7,6,0,49.0
Hyderabad,2022-07-07,49,26.95,52.92,40.67,55.86,0.51,46.55,7,7,0,45.0
Hyderabad,2022-08-07,45,24.75,48.6,37.35,51.3,0.47,42.75,7,8,1,43.0
Hyderabad,2022-09-07,43,23.65,46.44,35.69,49.02,0.45,40.85,7,9,0,41.0
Hyderabad,2022-10-07,41,22.55,44.28,34.03,46.74,0.43,38.95,7,10,0,52.0
Hyderabad,2022-11-07,52,28.6,56.16,43.16,59.28,0.55,49.4,7,11,0,59.0
Hyderabad,2022-12-07,59,32.45,63.72,48.97,67.26,0.62,56.05,7,12,0,57.0
Hyderabad,2022-01-08,57,31.35,61.56,47.31,64.98,0.6,54.15,8,1,1,59.0
Hyderabad,2022-02-08,59,32.45,63.72,48.97,67.26,0.62,56.05,8,2,0,61.0
Hyderabad,2022-03-08,61,33.55,65.88,50.63,69.54,0.64,57.95,8,3,0,53.0
Hyderabad,2022-04-08,53,29.15,57.24,43.99,60.42,0.56,50.35,8,4,0,52.0
Hyderabad,2022-05-08,52,28.6,56.16,43.16,59.28,0.55,49.4,8,5,1,46.0
Hyderabad,2022-06-08,46,25.3,49.68,38.18,52.44,0.48,43.7,8,6,0,52.0
Hyderabad,2022-07-08,52,28.6,56.16,43.16,59.28,0.55,49.4,8,7,0,42.0
Hyderabad,2022-08-08,42,23.1,45.36,34.86,47.88,0.44,39.9,8,8,0,38.0
Hyderabad,2022-09-08,38,20.9,41.04,31.54,43.32,0.4,36.1,8,9,0,48.0
Hyderabad,2022-10-08,48,26.4,51.84,39.84,54.72,0.5,45.6,8,10,1,54.0
Hyderabad,2022-11-08,54,29.7,58.32,44.82,61.56,0.57,51.3,8,11,0,42.0
Hyderabad,2022-12-08,42,23.1,45.36,34.86,47.88,0.44,39.9,8,12,0,50.0
Hyderabad,2022-01-09,50,27.5,54.0,41.5,57.0,0.53,47.5,9,1,1,48.0
Hyderabad,2022-02-09,48,26.4,51.84,39.84,54.72,0.5,45.6,9,2,0,48.0
Hyderabad,2022-03-09,48,26.4,51.84,39.84,54.72,0.5,45.6,9,3,0,54.0
Hyderabad,2022-04-09,54,29.7,58.32,44.82,61.56,0.57,51.3,9,4,1,51.0
Hyderabad,2022-05-09,51,28.05,55.08,42.33,58.14,0.54,48.45,9,5,0,63.0
Hyderabad,2022-06-09,63,34.65,68.04,52.29,71.82,0.66,59.85,9,6,0,59.0
Hyderabad,2022-07-09,59,32.45,63.72,48.97,67.26,0.62,56.05,9,7,1,53.0
Hyderabad,2022-08-09,53,29.15,57.24,43.99,60.42,0.56,50.35,9,8,0,47.0
Hyderabad,2022-09-09,47,25.85,50.76,39.01,53.58,0.49,44.65,9,9,0,42.0
Hyderabad,2022-10-09,42,23.1,45.36,34.86,47.88,0.44,39.9,9,10,1,44.0
Hyderabad,2022-11-09,44,24.2,47.52,36.52,50.16,0.46,41.8,9,11,0,43.0
Hyderabad,2022-12-09,43,23.65,46.44,35.69,49.02,0.45,40.85,9,12,0,71.0
Hyderabad,2022-01-10,71,39.05,76.68,58.93,80.94,0.75,67.45,10,1,0,60.0
Hyderabad,2022-02-10,60,33.0,64.8,49.8,68.4,0.63,57.0,10,2,0,62.0
Hyderabad,2022-03-10,62,34.1,66.96,51.46,70.68,0.65,58.9,10,3,0,68.0
Hyderabad,2022-04-10,68,37.4,73.44,56.44,77.52,0.71,64.6,10,4,1,74.0
Hyderabad,2022-05-10,74,40.7,79.92,61.42,84.36,0.78,70.3,10,5,0,55.0
Hyderabad,2022-06-10,55,30.25,59.4,45.65,62.7,0.58,52.25,10,6,0,48.0
Hyderabad,2022-07-10,48,26.4,51.84,39.84,54.72,0.5,45.6,10,7,1,53.0
Hyderabad,2022-08-10,53,29.15,57.24,43.99,60.42,0.56,50.35,10,8,0,51.0
Hyderabad,2022-09-10,51,28.05,55.08,42.33,58.14,0.54,48.45,10,9,1,43.0
Hyderabad,2022-10-10,43,23.65,46.44,35.69,49.02,0.45,40.85,10,10,0,44.0
Hyderabad,2022-11-10,44,24.2,47.52,36.52,50.16,0.46,41.8,10,11,0,49.0
Hyderabad,2022-12-10,49,26.95,52.92,40.67,55.86,0.51,46.55,10,12,1,103.0
Hyderabad,2022-01-11,103,56.65,111.24,85.49,117.42,1.08,97.85,11,1,0,95.0
Hyderabad,2022-02-11,95,52.25,102.6,78.85,108.3,1.0,90.25,11,2,0,94.0
Hyderabad,2022-03-11,94,51.7,101.52,78.02,107.16,0.99,89.3,11,3,0,91.0
Hyderabad,2022-04-11,91,50.05,98.28,75.53,103.74,0.96,86.45,11,4,0,92.0
Hyderabad,2022-05-11,92,50.6,99.36,76.36,104.88,0.97,87.4,11,5,0,91.0
Hyderabad,2022-06-11,91,50.05,98.28,75.53,103.74,0.96,86.45,11,6,1,100.0
Hyderabad,2022-07-11,100,55.0,108.0,83.0,114.0,1.05,95.0,11,7,0,93.0
Hyderabad,2022-08-11,93,51.15,100.44,77.19,106.02,0.98,88.35,11,8,0,90.0
Hyderabad,2022-09-11,90,49.5,97.2,74.7,102.6,0.95,85.5,11,9,1,86.0
Hyderabad,2022-10-11,86,47.3,92.88,71.38,98.04,0.9,81.7,11,10,0,102.0
Hyderabad,2022-11-11,102,56.1,110.16,84.66,116.28,1.07,96.9,11,11,0,83.0
Hyderabad,2022-12-11,83,45.65,89.64,68.89,94.62,0.87,78.85,11,12,1,123.0
Hyderabad,2022-01-12,123,67.65,132.84,102.09,140.22,1.29,116.85,12,1,0,119.0
Hyderabad,2022-02-12,119,65.45,128.52,98.77,135.66,1.25,113.05,12,2,1,96.0
Hyderabad,2022-03-12,96,52.8,103.68,79.68,109.44,1.01,91.2,12,3,1,98.0
Hyderabad,2022-04-12,98,53.9,105.84,81.34,111.72,1.03,93.1,12,4,0,124.0
Hyderabad,2022-05-12,124,68.2,133.92,102.92,141.36,1.3,117.8,12,5,0,113.0
Hyderabad,2022-06-12,113,62.15,122.04,93.79,128.82,1.19,107.35,12,6,1,117.0
Hyderabad,2022-07-12,117,64.35,126.36,97.11,133.38,1.23,111.15,12,7,0,111.0
Hyderabad,2022-08-12,111,61.05,119.88,92.13,126.54,1.17,105.45,12,8,0,107.0
Hyderabad,2022-09-12,107,58.85,115.56,88.81,121.98,1.12,101.65,12,9,0,98.0
Hyderabad,2022-10-12,98,53.9,105.84,81.34,111.72,1.03,93.1,12,10,0,81.0
Hyderabad,2022-11-12,81,44.55,87.48,67.23,92.34,0.85,76.95,12,11,1,55.0
Hyderabad,2022-12-12,55,30.25,59.4,45.65,62.7,0.58,52.25,12,12,0,97.0
Hyderabad,2023-01-01,97,53.35,104.76,80.51,110.58,1.02,92.15,1,1,1,88.0
Hyderabad,2023-02-01,88,48.4,95.04,73.04,100.32,0.92,83.6,1,2,0,95.0
Hyderabad,2023-03-01,95,52.25,102.6,78.85,108.3,1.0,90.25,1,3,0,87.0
Hyderabad,2023-04-01,87,47.85,93.96,72.21,99.18,0.91,82.65,1,4,1,102.0
Hyderabad,2023-05-01,102,56.1,110.16,84.66,116.28,1.07,96.9,1,5,0,134.0
Hyderabad,2023-06-01,134,73.7,144.72,111.22,152.76,1.41,127.3,1,6,0,128.0
Hyderabad,2023-07-01,128,70.4,138.24,106.24,145.92,1.34,121.6,1,7,1,117.0
Hyderabad,2023-08-01,117,64.35,126.36,97.11,133.38,1.23,111.15,1,8,0,103.0
Hyderabad,2023-09-01,103,56.65,111.24,85.49,117.42,1.08,97.85,1,9,0,112.0
Hyderabad,2023-10-01,112,61.6,120.96,92.96,127.68,1.18,106.4,1,10,1,130.0
Hyderabad,2023-11-01,130,71.5,140.4,107.9,148.2,1.37,123.5,1,11,0,114.0
Hyderabad,2023-12-01,114,62.7,123.12,94.62,129.96,1.2,108.3,1,12,0,121.0
Hyderabad,2023-01-02,121,66.55,130.68,100.43,137.94,1.27,114.95,2,1,0,112.0
Hyderabad,2023-02-02,112,61.6,120.96,92.96,127.68,1.18,106.4,2,2,0,91.0
Hyderabad,2023-03-02,91,50.05,98.28,75.53,103.74,0.96,86.45,2,3,0,116.0
Hyderabad,2023-04-02,116,63.8,125.28,96.28,132.24,1.22,110.2,2,4,1,113.0
Hyderabad,2023-05-02,113,62.15,122.04,93.79,128.82,1.19,107.35,2,5,0,112.0
Hyderabad,2023-06-02,112,61.6,120.96,92.96,127.68,1.18,106.4,2,6,0,104.0
Hyderabad,2023-07-02,104,57.2,112.32,86.32,118.56,1.09,98.8,2,7,1,102.0
Hyderabad,2023-08-02,102,56.1,110.16,84.66,116.28,1.07,96.9,2,8,0,112.0
Hyderabad,2023-09-02,112,61.6,120.96,92.96,127.68,1.18,106.4,2,9,1,114.0
Hyderabad,2023-10-02,114,62.7,123.12,94.62,129.96,1.2,108.3,2,10,0,111.0
Hyderabad,2023-11-02,111,61.05,119.88,92.13,126.54,1.17,105.45,2,11,0,116.0
Hyderabad,2023-12-02,116,63.8,125.28,96.28,132.24,1.22,110.2,2,12,1,82.0
Hyderabad,2023-01-03,82,45.1,88.56,68.06,93.48,0.86,77.9,3,1,0,94.0
Hyderabad,2023-02-03,94,51.7,101.52,78.02,107.16,0.99,89.3,3,2,0,105.0
Hyderabad,2023-03-03,105,57.75,113.4,87.15,119.7,1.1,99.75,3,3,0,103.0
Hyderabad,2023-04-03,103,56.65,111.24,85.49,117.42,1.08,97.85,3,4,0,111.0
Hyderabad,2023-05-03,111,61.05,119.88,92.13,126.54,1.17,105.45,3,5,0,108.0
Hyderabad,2023-06-03,108,59.4,116.64,89.64,123.12,1.13,102.6,3,6,1,96.0
Hyderabad,2023-07-03,96,52.8,103.68,79.68,109.44,1.01,91.2,3,7,0,80.0
Hyderabad,2023-08-03,80,44.0,86.4,66.4,91.2,0.84,76.0,3,8,0,99.0
Hyderabad,2023-09-03,99,54.45,106.92,82.17,112.86,1.04,94.05,3,9,1,89.0
Hyderabad,2023-10-03,89,48.95,96.12,73.87,101.46,0.93,84.55,3,10,0,101.0
Hyderabad,2023-11-03,101,55.55,109.08,83.83,115.14,1.06,95.95,3,11,0,90.0
Hyderabad,2023-12-03,90,49.5,97.2,74.7,102.6,0.95,85.5,3,12,1,90.0
Hyderabad,2023-01-04,90,49.5,97.2,74.7,102.6,0.95,85.5,4,1,0,90.0
Hyderabad,2023-02-04,90,49.5,97.2,74.7,102.6,0.95,85.5,4,2,1,74.0
Hyderabad,2023-03-04,74,40.7,79.92,61.42,84.36,0.78,70.3,4,3,1,74.0
Hyderabad,2023-04-04,74,40.7,79.92,61.42,84.36,0.78,70.3,4,4,0,78.0
Hyderabad,2023-05-04,78,42.9,84.24,64.74,88.92,0.82,74.1,4,5,0,95.0
Hyderabad,2023-06-04,95,52.25,102.6,78.85,108.3,1.0,90.25,4,6,1,93.0
Hyderabad,2023-07-04,93,51.15,100.44,77.19,106.02,0.98,88.35,4,7,0,89.0
Hyderabad,2023-08-04,89,48.95,96.12,73.87,101.46,0.93,84.55,4,8,0,95.0
Hyderabad,2023-09-04,95,52.25,102.6,78.85,108.3,1.0,90.25,4,9,0,95.0
Hyderabad,2023-10-04,95,52.25,102.6,78.85,108.3,1.0,90.25,4,10,0,95.0
Hyderabad,2023-11-04,95,52.25,102.6,78.85,108.3,1.0,90.25,4,11,1,96.0
Hyderabad,2023-12-04,96,52.8,103.68,79.68,109.44,1.01,91.2,4,12,0,52.0
Hyderabad,2023-01-05,52,28.6,56.16,43.16,59.28,0.55,49.4,5,1,0,66.0
Hyderabad,2023-02-05,66,36.3,71.28,54.78,75.24,0.69,62.7,5,2,1,62.0
Hyderabad,2023-03-05,62,34.1,66.96,51.46,70.68,0.65,58.9,5,3,1,68.0
Hyderabad,2023-04-05,68,37.4,73.44,56.44,77.52,0.71,64.6,5,4,0,67.0
Hyderabad,2023-05-05,67,36.85,72.36,55.61,76.38,0.7,63.65,5,5,0,81.0
Hyderabad,2023-06-05,81,44.55,87.48,67.23,92.34,0.85,76.95,5,6,0,72.0
Hyderabad,2023-07-05,72,39.6,77.76,59.76,82.08,0.76,68.4,5,7,0,77.0
Hyderabad,2023-08-05,77,42.35,83.16,63.91,87.78,0.81,73.15,5,8,1,77.0
Hyderabad,2023-09-05,77,42.35,83.16,63.91,87.78,0.81,73.15,5,9,0,80.0
Hyderabad,2023-10-05,80,44.0,86.4,66.4,91.2,0.84,76.0,5,10,0,109.0
Hyderabad,2023-11-05,109,59.95,117.72,90.47,124.26,1.14,103.55,5,11,1,95.0
Hyderabad,2023-12-05,95,52.25,102.6,78.85,108.3,1.0,90.25,5,12,0,87.0
Hyderabad,2023-01-06,87,47.85,93.96,72.21,99.18,0.91,82.65,6,1,0,96.0
Hyderabad,2023-02-06,96,52.8,103.68,79.68,109.44,1.01,91.2,6,2,0,88.0
Hyderabad,2023-03-06,88,48.4,95.04,73.04,100.32,0.92,83.6,6,3,0,79.0
Hyderabad,2023-04-06,79,43.45,85.32,65.57,90.06,0.83,75.05,6,4,0,61.0
Hyderabad,2023-05-06,61,33.55,65.88,50.63,69.54,0.64,57.95,6,5,1,89.0
Hyderabad,2023-06-06,89,48.95,96.12,73.87,101.46,0.93,84.55,6,6,0,79.0
Hyderabad,2023-07-06,79,43.45,85.32,65.57,90.06,0.83,75.05,6,7,0,62.0
Hyderabad,2023-08-06,62,34.1,66.96,51.46,70.68,0.65,58.9,6,8,1,72.0
Hyderabad,2023-09-06,72,39.6,77.76,59.76,82.08,0.76,68.4,6,9,0,70.0
Hyderabad,2023-10-06,70,38.5,75.6,58.1,79.8,0.74,66.5,6,10,0,57.0
Hyderabad,2023-11-06,57,31.35,61.56,47.31,64.98,0.6,54.15,6,11,0,56.0
Hyderabad,2023-12-06,56,30.8,60.48,46.48,63.84,0.59,53.2,6,12,0,55.0
Hyderabad,2023-01-07,55,30.25,59.4,45.65,62.7,0.58,52.25,7,1,1,58.0
Hyderabad,2023-02-07,58,31.9,62.64,48.14,66.12,0.61,55.1,7,2,0,59.0
Hyderabad,2023-03-07,59,32.45,63.72,48.97,67.26,0.62,56.05,7,3,0,53.0
Hyderabad,2023-04-07,53,29.15,57.24,43.99,60.42,0.56,50.35,7,4,0,57.0
Hyderabad,2023-05-07,57,31.35,61.56,47.31,64.98,0.6,54.15,7,5,1,54.0
Hyderabad,2023-06-07,54,29.7,58.32,44.82,61.56,0.57,51.3,7,6,0,50.0
Hyderabad,2023-07-07,50,27.5,54.0,41.5,57.0,0.53,47.5,7,7,0,63.0
Hyderabad,2023-08-07,63,34.65,68.04,52.29,71.82,0.66,59.85,7,8,0,51.0
Hyderabad,2023-09-07,51,28.05,55.08,42.33,58.14,0.54,48.45,7,9,0,60.0
Hyderabad,2023-10-07,60,33.0,64.8,49.8,68.4,0.63,57.0,7,10,1,74.0
Hyderabad,2023-11-07,74,40.7,79.92,61.42,84.36,0.78,70.3,7,11,0,73.0
Hyderabad,2023-12-07,73,40.15,78.84,60.59,83.22,0.77,69.35,7,12,0,54.0
Hyderabad,2023-01-08,54,29.7,58.32,44.82,61.56,0.57,51.3,8,1,1,60.0
Hyderabad,2023-02-08,60,33.0,64.8,49.8,68.4,0.63,57.0,8,2,0,63.0
Hyderabad,2023-03-08,63,34.65,68.04,52.29,71.82,0.66,59.85,8,3,0,64.0
Hyderabad,2023-04-08,64,35.2,69.12,53.12,72.96,0.67,60.8,8,4,1,62.0
Hyderabad,2023-05-08,62,34.1,66.96,51.46,70.68,0.65,58.9,8,5,0,61.0
Hyderabad,2023-06-08,61,33.55,65.88,50.63,69.54,0.64,57.95,8,6,0,61.0
Hyderabad,2023-07-08,61,33.55,65.88,50.63,69.54,0.64,57.95,8,7,1,70.0
Hyderabad,2023-08-08,70,38.5,75.6,58.1,79.8,0.74,66.5,8,8,0,68.0
Hyderabad,2023-09-08,68,37.4,73.44,56.44,77.52,0.71,64.6,8,9,0,86.0
Hyderabad,2023-10-08,86,47.3,92.88,71.38,98.04,0.9,81.7,8,10,1,81.0
Hyderabad,2023-11-08,81,44.55,87.48,67.23,92.34,0.85,76.95,8,11,0,80.0
Hyderabad,2023-12-08,80,44.0,86.4,66.4,91.2,0.84,76.0,8,12,0,98.0
Hyderabad,2023-01-09,98,53.9,105.84,81.34,111.72,1.03,93.1,9,1,0,85.0
Hyderabad,2023-02-09,85,46.75,91.8,70.55,96.9,0.89,80.75,9,2,0,68.0
Hyderabad,2023-03-09,68,37.4,73.44,56.44,77.52,0.71,64.6,9,3,0,58.0
Hyderabad,2023-04-09,58,31.9,62.64,48.14,66.12,0.61,55.1,9,4,1,63.0
Hyderabad,2023-05-09,63,34.65,68.04,52.29,71.82,0.66,59.85,9,5,0,60.0
Hyderabad,2023-06-09,60,33.0,64.8,49.8,68.4,0.63,57.0,9,6,0,82.0
Hyderabad,2023-07-09,82,45.1,88.56,68.06,93.48,0.86,77.9,9,7,1,53.0
Hyderabad,2023-08-09,53,29.15,57.24,43.99,60.42,0.56,50.35,9,8,0,52.0
Hyderabad,2023-09-09,52,28.6,56.16,43.16,59.28,0.55,49.4,9,9,1,53.0
Hyderabad,2023-10-09,53,29.15,57.24,43.99,60.42,0.56,50.35,9,10,0,66.0
Hyderabad,2023-11-09,66,36.3,71.28,54.78,75.24,0.69,62.7,9,11,0,69.0
Hyderabad,2023-12-09,69,37.95,74.52,57.27,78.66,0.72,65.55,9,12,1,57.0
Hyderabad,2023-01-10,57,31.35,61.56,47.31,64.98,0.6,54.15,10,1,0,61.0
Hyderabad,2023-02-10,61,33.55,65.88,50.63,69.54,0.64,57.95,10,2,0,83.0
Hyderabad,2023-03-10,83,45.65,89.64,68.89,94.62,0.87,78.85,10,3,0,94.0
Hyderabad,2023-04-10,94,51.7,101.52,78.02,107.16,0.99,89.3,10,4,0,97.0
Hyderabad,2023-05-10,97,53.35,104.76,80.51,110.58,1.02,92.15,10,5,0,94.0
Hyderabad,2023-06-10,94,51.7,101.52,78.02,107.16,0.99,89.3,10,6,1,88.0
Hyderabad,2023-07-10,88,48.4,95.04,73.04,100.32,0.92,83.6,10,7,0,92.0
Hyderabad,2023-08-10,92,50.6,99.36,76.36,104.88,0.97,87.4,10,8,0,96.0
Hyderabad,2023-09-10,96,52.8,103.68,79.68,109.44,1.01,91.2,10,9,1,105.0
Hyderabad,2023-10-10,105,57.75,113.4,87.15,119.7,1.1,99.75,10,10,0,104.0
Hyderabad,2023-11-10,104,57.2,112.32,86.32,118.56,1.09,98.8,10,11,0,102.0
Hyderabad,2023-12-10,102,56.1,110.16,84.66,116.28,1.07,96.9,10,12,1,96.0
Hyderabad,2023-01-11,96,52.8,103.68,79.68,109.44,1.01,91.2,11,1,0,92.0
Hyderabad,2023-02-11,92,50.6,99.36,76.36,104.88,0.97,87.4,11,2,1,73.0
Hyderabad,2023-03-11,73,40.15,78.84,60.59,83.22,0.77,69.35,11,3,1,75.0
Hyderabad,2023-04-11,75,41.25,81.0,62.25,85.5,0.79,71.25,11,4,0,98.0
Hyderabad,2023-05-11,98,53.9,105.84,81.34,111.72,1.03,93.1,11,5,0,89.0
Hyderabad,2023-06-11,89,48.95,96.12,73.87,101.46,0.93,84.55,11,6,1,66.0
Hyderabad,2023-07-11,66,36.3,71.28,54.78,75.24,0.69,62.7,11,7,0,58.0
Hyderabad,2023-08-11,58,31.9,62.64,48.14,66.12,0.61,55.1,11,8,0,69.0
Hyderabad,2023-09-11,69,37.95,74.52,57.27,78.66,0.72,65.55,11,9,0,97.0
Hyderabad,2023-10-11,97,53.35,104.76,80.51,110.58,1.02,92.15,11,10,0,94.0
Hyderabad,2023-11-11,94,51.7,101.52,78.02,107.16,0.99,89.3,11,11,1,125.0
Hyderabad,2023-12-11,125,68.75,135.0,103.75,142.5,1.31,118.75,11,12,0,71.0
Hyderabad,2023-01-12,71,39.05,76.68,58.93,80.94,0.75,67.45,12,1,0,85.0
Hyderabad,2023-02-12,85,46.75,91.8,70.55,96.9,0.89,80.75,12,2,1,69.0
Hyderabad,2023-03-12,69,37.95,74.52,57.27,78.66,0.72,65.55,12,3,1,69.0
Hyderabad,2023-04-12,69,37.95,74.52,57.27,78.66,0.72,65.55,12,4,0,72.0
Hyderabad,2023-05-12,72,39.6,77.76,59.76,82.08,0.76,68.4,12,5,0,61.0
Hyderabad,2023-06-12,61,33.55,65.88,50.63,69.54,0.64,57.95,12,6,0,58.0
Hyderabad,2023-07-12,58,31.9,62.64,48.14,66.12,0.61,55.1,12,7,0,62.0
Hyderabad,2023-08-12,62,34.1,66.96,51.46,70.68,0.65,58.9,12,8,1,74.0
Hyderabad,2023-09-12,74,40.7,79.92,61.42,84.36,0.78,70.3,12,9,0,79.0
Hyderabad,2023-10-12,79,43.45,85.32,65.57,90.06,0.83,75.05,12,10,0,92.0
Hyderabad,2023-11-12,92,50.6,99.36,76.36,104.88,0.97,87.4,12,11,1,82.0
Hyderabad,2023-12-12,82,45.1,88.56,68.06,93.48,0.86,77.9,12,12,0,108.0
Hyderabad,2024-01-01,108,59.4,116.64,89.64,123.12,1.13,102.6,1,1,0,109.0
Hyderabad,2024-02-01,109,59.95,117.72,90.47,124.26,1.14,103.55,1,2,0,111.0
Hyderabad,2024-03-01,111,61.05,119.88,92.13,126.54,1.17,105.45,1,3,0,124.0
Hyderabad,2024-04-01,124,68.2,133.92,102.92,141.36,1.3,117.8,1,4,0,88.0
Hyderabad,2024-05-01,88,48.4,95.04,73.04,100.32,0.92,83.6,1,5,0,74.0
Hyderabad,2024-06-01,74,40.7,79.92,61.42,84.36,0.78,70.3,1,6,1,74.0
Hyderabad,2024-07-01,74,40.7,79.92,61.42,84.36,0.78,70.3,1,7,0,85.0
Hyderabad,2024-08-01,85,46.75,91.8,70.55,96.9,0.89,80.75,1,8,0,90.0
Hyderabad,2024-09-01,90,49.5,97.2,74.7,102.6,0.95,85.5,1,9,1,100.0
Hyderabad,2024-10-01,100,55.0,108.0,83.0,114.0,1.05,95.0,1,10,0,109.0
Hyderabad,2024-11-01,109,59.95,117.72,90.47,124.26,1.14,103.55,1,11,0,102.0
Hyderabad,2024-12-01,102,56.1,110.16,84.66,116.28,1.07,96.9,1,12,1,73.0
Hyderabad,2024-01-02,73,40.15,78.84,60.59,83.22,0.77,69.35,2,1,0,96.0
Hyderabad,2024-02-02,96,52.8,103.68,79.68,109.44,1.01,91.2,2,2,0,79.0
Hyderabad,2024-03-02,79,43.45,85.32,65.57,90.06,0.83,75.05,2,3,1,90.0
Hyderabad,2024-04-02,90,49.5,97.2,74.7,102.6,0.95,85.5,2,4,0,79.0
Hyderabad,2024-05-02,79,43.45,85.32,65.57,90.06,0.83,75.05,2,5,0,78.0
Hyderabad,2024-06-02,78,42.9,84.24,64.74,88.92,0.82,74.1,2,6,1,79.0
Hyderabad,2024-07-02,79,43.45,85.32,65.57,90.06,0.83,75.05,2,7,0,100.0
Hyderabad,2024-08-02,100,55.0,108.0,83.0,114.0,1.05,95.0,2,8,0,89.0
Hyderabad,2024-09-02,89,48.95,96.12,73.87,101.46,0.93,84.55,2,9,0,78.0
Hyderabad,2024-10-02,78,42.9,84.24,64.74,88.92,0.82,74.1,2,10,0,84.0
Hyderabad,2024-11-02,84,46.2,90.72,69.72,95.76,0.88,79.8,2,11,1,75.0
Hyderabad,2024-12-02,75,41.25,81.0,62.25,85.5,0.79,71.25,2,12,0,84.0
Hyderabad,2024-01-03,84,46.2,90.72,69.72,95.76,0.88,79.8,3,1,0,77.0
Hyderabad,2024-02-03,77,42.35,83.16,63.91,87.78,0.81,73.15,3,2,1,80.0
Hyderabad,2024-03-03,80,44.0,86.4,66.4,91.2,0.84,76.0,3,3,1,84.0
Hyderabad,2024-04-03,84,46.2,90.72,69.72,95.76,0.88,79.8,3,4,0,89.0
Hyderabad,2024-05-03,89,48.95,96.12,73.87,101.46,0.93,84.55,3,5,0,91.0
Hyderabad,2024-06-03,91,50.05,98.28,75.53,103.74,0.96,86.45,3,6,0,83.0
Hyderabad,2024-07-03,83,45.65,89.64,68.89,94.62,0.87,78.85,3,7,0,86.0
Hyderabad,2024-08-03,86,47.3,92.88,71.38,98.04,0.9,81.7,3,8,1,87.0
Hyderabad,2024-09-03,87,47.85,93.96,72.21,99.18,0.91,82.65,3,9,0,80.0
Hyderabad,2024-10-03,80,44.0,86.4,66.4,91.2,0.84,76.0,3,10,0,69.0
Hyderabad,2024-11-03,69,37.95,74.52,57.27,78.66,0.72,65.55,3,11,1,83.0
Hyderabad,2024-12-03,83,45.65,89.64,68.89,94.62,0.87,78.85,3,12,0,88.0
Hyderabad,2024-01-04,88,48.4,95.04,73.04,100.32,0.92,83.6,4,1,0,95.0
Hyderabad,2024-02-04,95,52.25,102.6,78.85,108.3,1.0,90.25,4,2,1,86.0
Hyderabad,2024-03-04,86,47.3,92.88,71.38,98.04,0.9,81.7,4,3,0,86.0
Hyderabad,2024-04-04,86,47.3,92.88,71.38,98.04,0.9,81.7,4,4,0,86.0
Hyderabad,2024-05-04,86,47.3,92.88,71.38,98.04,0.9,81.7,4,5,1,95.0
Hyderabad,2024-06-04,95,52.25,102.6,78.85,108.3,1.0,90.25,4,6,0,90.0
Hyderabad,2024-07-04,90,49.5,97.2,74.7,102.6,0.95,85.5,4,7,0,89.0
Hyderabad,2024-08-04,89,48.95,96.12,73.87,101.46,0.93,84.55,4,8,1,84.0
Hyderabad,2024-09-04,84,46.2,90.72,69.72,95.76,0.88,79.8,4,9,0,78.0
Hyderabad,2024-10-04,78,42.9,84.24,64.74,88.92,0.82,74.1,4,10,0,73.0
Hyderabad,2024-11-04,73,40.15,78.84,60.59,83.22,0.77,69.35,4,11,0,75.0
Hyderabad,2024-12-04,75,41.25,81.0,62.25,85.5,0.79,71.25,4,12,0,88.0
Hyderabad,2024-01-05,88,48.4,95.04,73.04,100.32,0.92,83.6,5,1,0,90.0
Hyderabad,2024-02-05,90,49.5,97.2,74.7,102.6,0.95,85.5,5,2,0,93.0
Hyderabad,2024-03-05,93,51.15,100.44,77.19,106.02,0.98,88.35,5,3,0,95.0
Hyderabad,2024-04-05,95,52.25,102.6,78.85,108.3,1.0,90.25,5,4,0,95.0
Hyderabad,2024-05-05,95,52.25,102.6,78.85,108.3,1.0,90.25,5,5,1,87.0
Hyderabad,2024-06-05,87,47.85,93.96,72.21,99.18,0.91,82.65,5,6,0,81.0
Hyderabad,2024-07-05,81,44.55,87.48,67.23,92.34,0.85,76.95,5,7,0,59.0
Hyderabad,2024-08-05,59,32.45,63.72,48.97,67.26,0.62,56.05,5,8,0,64.0
Hyderabad,2024-09-05,64,35.2,69.12,53.12,72.96,0.67,60.8,5,9,0,64.0
Hyderabad,2024-10-05,64,35.2,69.12,53.12,72.96,0.67,60.8,5,10,1,75.0
Hyderabad,2024-11-05,75,41.25,81.0,62.25,85.5,0.79,71.25,5,11,0,73.0
Hyderabad,2024-12-05,73,40.15,78.84,60.59,83.22,0.77,69.35,5,12,0,94.0
Hyderabad,2024-01-06,94,51.7,101.52,78.02,107.16,0.99,89.3,6,1,1,85.0
Hyderabad,2024-02-06,85,46.75,91.8,70.55,96.9,0.89,80.75,6,2,0,66.0
Hyderabad,2024-03-06,66,36.3,71.28,54.78,75.24,0.69,62.7,6,3,0,58.0
Hyderabad,2024-04-06,58,31.9,62.64,48.14,66.12,0.61,55.1,6,4,1,63.0
Hyderabad,2024-05-06,63,34.65,68.04,52.29,71.82,0.66,59.85,6,5,0,63.0
Hyderabad,2024-06-06,63,34.65,68.04,52.29,71.82,0.66,59.85,6,6,0,58.0
Hyderabad,2024-07-06,58,31.9,62.64,48.14,66.12,0.61,55.1,6,7,1,66.0
Hyderabad,2024-08-06,66,36.3,71.28,54.78,75.24,0.69,62.7,6,8,0,70.0
Hyderabad,2024-09-06,70,38.5,75.6,58.1,79.8,0.74,66.5,6,9,0,63.0
Hyderabad,2024-10-06,63,34.65,68.04,52.29,71.82,0.66,59.85,6,10,1,70.0
Hyderabad,2024-11-06,70,38.5,75.6,58.1,79.8,0.74,66.5,6,11,0,58.0
Hyderabad,2024-12-06,58,31.9,62.64,48.14,66.12,0.61,55.1,6,12,0,65.0
Hyderabad,2024-01-07,65,35.75,70.2,53.95,74.1,0.68,61.75,7,1,1,92.0
Hyderabad,2024-02-07,92,50.6,99.36,76.36,104.88,0.97,87.4,7,2,0,37.0
Hyderabad,2024-03-07,37,20.35,39.96,30.71,42.18,0.39,35.15,7,3,0,50.0
Hyderabad,2024-04-07,50,27.5,54.0,41.5,57.0,0.53,47.5,7,4,1,54.0
Hyderabad,2024-05-07,54,29.7,58.32,44.82,61.56,0.57,51.3,7,5,0,57.0
Hyderabad,2024-06-07,57,31.35,61.56,47.31,64.98,0.6,54.15,7,6,0,54.0
Hyderabad,2024-07-07,54,29.7,58.32,44.82,61.56,0.57,51.3,7,7,1,50.0
Hyderabad,2024-08-07,50,27.5,54.0,41.5,57.0,0.53,47.5,7,8,0,57.0
Hyderabad,2024-09-07,57,31.35,61.56,47.31,64.98,0.6,54.15,7,9,1,66.0
Hyderabad,2024-10-07,66,36.3,71.28,54.78,75.24,0.69,62.7,7,10,0,54.0
Hyderabad,2024-11-07,54,29.7,58.32,44.82,61.56,0.57,51.3,7,11,0,56.0
Hyderabad,2024-12-07,56,30.8,60.48,46.48,63.84,0.59,53.2,7,12,1,52.0
Hyderabad,2024-01-08,52,28.6,56.16,43.16,59.28,0.55,49.4,8,1,0,45.0
Hyderabad,2024-02-08,45,24.75,48.6,37.35,51.3,0.47,42.75,8,2,0,46.0
Hyderabad,2024-03-08,46,25.3,49.68,38.18,52.44,0.48,43.7,8,3,0,55.0
Hyderabad,2024-04-08,55,30.25,59.4,45.65,62.7,0.58,52.25,8,4,0,44.0
Hyderabad,2024-05-08,44,24.2,47.52,36.52,50.16,0.46,41.8,8,5,0,55.0
Hyderabad,2024-06-08,55,30.25,59.4,45.65,62.7,0.58,52.25,8,6,1,48.0
Hyderabad,2024-07-08,48,26.4,51.84,39.84,54.72,0.5,45.6,8,7,0,56.0
Hyderabad,2024-08-08,56,30.8,60.48,46.48,63.84,0.59,53.2,8,8,0,59.0
Hyderabad,2024-09-08,59,32.45,63.72,48.97,67.26,0.62,56.05,8,9,1,55.0
Hyderabad,2024-10-08,55,30.25,59.4,45.65,62.7,0.58,52.25,8,10,0,57.0
Hyderabad,2024-11-08,57,31.35,61.56,47.31,64.98,0.6,54.15,8,11,0,56.0
Hyderabad,2024-12-08,56,30.8,60.48,46.48,63.84,0.59,53.2,8,12,1,48.0
Hyderabad,2024-01-09,48,26.4,51.84,39.84,54.72,0.5,45.6,9,1,0,122.0
Hyderabad,2024-02-09,122,67.1,131.76,101.26,139.08,1.28,115.9,9,2,0,53.0
Hyderabad,2024-03-09,53,29.15,57.24,43.99,60.42,0.56,50.35,9,3,1,47.0
Hyderabad,2024-04-09,47,25.85,50.76,39.01,53.58,0.49,44.65,9,4,0,51.0
Hyderabad,2024-05-09,51,28.05,55.08,42.33,58.14,0.54,48.45,9,5,0,50.0
Hyderabad,2024-06-09,50,27.5,54.0,41.5,57.0,0.53,47.5,9,6,1,52.0
Hyderabad,2024-07-09,52,28.6,56.16,43.16,59.28,0.55,49.4,9,7,0,52.0
Hyderabad,2024-08-09,52,28.6,56.16,43.16,59.28,0.55,49.4,9,8,0,57.0
Hyderabad,2024-09-09,57,31.35,61.56,47.31,64.98,0.6,54.15,9,9,0,55.0
Hyderabad,2024-10-09,55,30.25,59.4,45.65,62.7,0.58,52.25,9,10,0,51.0
Hyderabad,2024-11-09,51,28.05,55.08,42.33,58.14,0.54,48.45,9,11,1,56.0
Hyderabad,2024-12-09,56,30.8,60.48,46.48,63.84,0.59,53.2,9,12,0,76.0
Hyderabad,2024-01-10,76,41.8,82.08,63.08,86.64,0.8,72.2,10,1,0,61.0
Hyderabad,2024-02-10,61,33.55,65.88,50.63,69.54,0.64,57.95,10,2,1,65.0
Hyderabad,2024-03-10,65,35.75,70.2,53.95,74.1,0.68,61.75,10,3,1,68.0
Hyderabad,2024-04-10,68,37.4,73.44,56.44,77.52,0.71,64.6,10,4,0,67.0
Hyderabad,2024-05-10,67,36.85,72.36,55.61,76.38,0.7,63.65,10,5,0,88.0
Hyderabad,2024-06-10,88,48.4,95.04,73.04,100.32,0.92,83.6,10,6,0,89.0
Hyderabad,2024-07-10,89,48.95,96.12,73.87,101.46,0.93,84.55,10,7,0,88.0
Hyderabad,2024-08-10,88,48.4,95.04,73.04,100.32,0.92,83.6,10,8,1,62.0
Hyderabad,2024-09-10,62,34.1,66.96,51.46,70.68,0.65,58.9,10,9,0,68.0
Hyderabad,2024-10-10,68,37.4,73.44,56.44,77.52,0.71,64.6,10,10,0,54.0
Hyderabad,2024-11-10,54,29.7,58.32,44.82,61.56,0.57,51.3,10,11,1,55.0
Hyderabad,2024-12-10,55,30.25,59.4,45.65,62.7,0.58,52.25,10,12,0,135.0
Hyderabad,2024-01-11,135,74.25,145.8,112.05,153.9,1.42,128.25,11,1,0,117.0
Hyderabad,2024-02-11,117,64.35,126.36,97.11,133.38,1.23,111.15,11,2,1,108.0
Hyderabad,2024-03-11,108,59.4,116.64,89.64,123.12,1.13,102.6,11,3,0,102.0
Hyderabad,2024-04-11,102,56.1,110.16,84.66,116.28,1.07,96.9,11,4,0,103.0
Hyderabad,2024-05-11,103,56.65,111.24,85.49,117.42,1.08,97.85,11,5,1,111.0
Hyderabad,2024-06-11,111,61.05,119.88,92.13,126.54,1.17,105.45,11,6,0,104.0
Hyderabad,2024-07-11,104,57.2,112.32,86.32,118.56,1.09,98.8,11,7,0,110.0
Hyderabad,2024-08-11,110,60.5,118.8,91.3,125.4,1.16,104.5,11,8,1,102.0
Hyderabad,2024-09-11,102,56.1,110.16,84.66,116.28,1.07,96.9,11,9,0,104.0
Hyderabad,2024-10-11,104,57.2,112.32,86.32,118.56,1.09,98.8,11,10,0,113.0
Hyderabad,2024-11-11,113,62.15,122.04,93.79,128.82,1.19,107.35,11,11,0,117.0
Hyderabad,2024-12-11,117,64.35,126.36,97.11,133.38,1.23,111.15,11,12,0,84.0
Hyderabad,2024-01-12,84,46.2,90.72,69.72,95.76,0.88,79.8,12,1,0,79.0
Hyderabad,2024-02-12,79,43.45,85.32,65.57,90.06,0.83,75.05,12,2,0,65.0
Hyderabad,2024-03-12,65,35.75,70.2,53.95,74.1,0.68,61.75,12,3,0,61.0
Hyderabad,2024-04-12,61,33.55,65.88,50.63,69.54,0.64,57.95,12,4,0,83.0
Hyderabad,2024-05-12,83,45.65,89.64,68.89,94.62,0.87,78.85,12,5,1,77.0
Hyderabad,2024-06-12,77,42.35,83.16,63.91,87.78,0.81,73.15,12,6,0,78.0
Hyderabad,2024-07-12,78,42.9,84.24,64.74,88.92,0.82,74.1,12,7,0,67.0
Hyderabad,2024-08-12,67,36.85,72.36,55.61,76.38,0.7,63.65,12,8,0,67.0
Hyderabad,2024-09-12,67,36.85,72.36,55.61,76.38,0.7,63.65,12,9,0,87.0
Hyderabad,2024-10-12,87,47.85,93.96,72.21,99.18,0.91,82.65,12,10,1,96.0
Hyderabad,2024-11-12,96,52.8,103.68,79.68,109.44,1.01,91.2,12,11,0,95.0
